Rk,Player,Age,Team,Pos,G,GS,QBrec,Cmp,Att,Cmp%,Yds,TD,TD%,Int,Int%,1D,Succ%,Lng,Y/A,AY/A,Y/C,Y/G,Rate,Sk,Yds.1,Sk%,NY/A,ANY/A,4QC,GWD,Awards,Season,QBR
1,Peyton Manning,24,IND,QB,16,16,10-6-0,357,571,62.5,4413,33,5.8,15,2.6,213,50.3,78,7.7,7.70,12.4,275.8,94.7,20,131,3.38,7.25,7.22,2,3,"PB,AP-2,AP MVP-5,AP OPoY-8",2000,
2,Jeff Garcia,30,SFO,QB,16,16,6-10-0,355,561,63.3,4278,31,5.5,10,1.8,206,49.9,69,7.6,7.93,12.1,267.4,97.6,24,155,4.10,7.05,7.34,0,0,PB,2000,
3,Elvis Grbac,30,KAN,QB,15,15,7-8-0,326,547,59.6,4169,28,5.1,14,2.6,197,45.1,81,7.6,7.49,12.8,277.9,89.9,29,213,5.03,6.87,6.75,3,3,PB,2000,
4,Daunte Culpepper,23,MIN,QB,16,16,11-5-0,297,474,62.7,3937,33,7.0,16,3.4,188,48.2,78,8.3,8.18,13.3,246.1,98.0,34,181,6.69,7.39,7.28,3,4,PB,2000,
5,Brett Favre,31,GNB,QB,16,16,9-7-0,338,580,58.3,3812,20,3.4,16,2.8,194,44.4,67,6.6,6.02,11.3,238.3,78.0,33,236,5.38,5.83,5.31,0,4,,2000,
6,Vinny Testaverde,37,NYJ,QB,16,16,9-7-0,328,590,55.6,3732,21,3.6,25,4.2,178,43.6,63,6.3,5.13,11.4,233.3,69.0,13,71,2.16,6.07,4.90,4,4,AP CPoY-7,2000,
7,Steve Beuerlein,35,CAR,QB,16,16,7-9-0,324,533,60.8,3730,19,3.6,18,3.4,198,46.6,54,7.0,6.19,11.5,233.1,79.7,62,331,10.42,5.71,4.99,2,2,,2000,
8,Mark Brunell,30,JAX,QB,16,16,7-9-0,311,512,60.7,3640,20,3.9,14,2.7,177,46.1,67,7.1,6.66,11.7,227.5,84.0,54,289,9.54,5.92,5.51,0,2,,2000,
9,Kerry Collins,28,NYG,QB,16,16,12-4-0,311,529,58.8,3610,22,4.2,13,2.5,195,44.5,59,6.8,6.55,11.6,225.6,83.1,28,243,5.03,6.04,5.78,3,3,AP CPoY-2,2000,
10,Rich Gannon,35,OAK,QB,16,16,12-4-0,284,473,60.0,3430,28,5.9,11,2.3,177,46.5,84,7.3,7.39,12.1,214.4,92.4,28,124,5.59,6.60,6.73,3,4,"PB,AP-1,AP MVP-4,AP OPoY-5",2000,
11,Kurt Warner,29,STL,QB,11,11,8-3-0,235,347,67.7,3429,21,6.1,18,5.2,153,55.6,85,9.9,8.76,14.6,311.7,98.3,20,115,5.45,9.03,7.97,1,2,PB,2000,
12,Donovan McNabb,24,PHI,QB,16,16,11-5-0,330,569,58.0,3365,21,3.7,13,2.3,181,42.8,70,5.9,5.62,10.2,210.3,77.8,45,262,7.33,5.05,4.79,2,3,"PB,AP MVP-2,AP OPoY-4",2000,
13,Drew Bledsoe,28,NWE,QB,16,16,5-11-0,312,531,58.8,3291,17,3.2,13,2.4,165,43.4,59,6.2,5.74,10.5,205.7,77.3,45,264,7.81,5.26,4.83,2,3,,2000,
14,Jake Plummer,26,ARI,QB,14,14,3-11-0,270,475,56.8,2946,13,2.7,21,4.4,134,41.4,70,6.2,4.76,10.9,210.4,66.0,22,151,4.43,5.62,4.25,1,1,,2000,
15,Steve McNair,27,TEN,QB,16,15,12-3-0,248,396,62.6,2847,15,3.8,13,3.3,141,45.0,56,7.2,6.47,11.5,177.9,83.2,24,141,5.71,6.44,5.76,3,3,PB,2000,
16,Shaun King,23,TAM,QB,16,16,10-6-0,233,428,54.4,2769,18,4.2,13,3.0,142,40.6,75,6.5,5.94,11.9,173.1,75.8,37,240,7.96,5.44,4.95,3,3,,2000,
17,Brian Griese,25,DEN,QB,10,10,7-3-0,216,336,64.3,2688,19,5.7,4,1.2,138,51.3,61,8.0,8.60,12.4,268.8,102.9,17,139,4.82,7.22,7.79,0,1,PB,2000,
18,Jon Kitna,28,SEA,QB,15,12,6-6-0,259,418,62.0,2658,18,4.3,19,4.5,143,44.6,71,6.4,5.17,10.3,177.2,75.6,33,166,7.32,5.53,4.43,2,4,,2000,
19,Brad Johnson,32,WAS,QB,12,11,7-4-0,228,365,62.5,2505,11,3.0,15,4.1,120,42.3,77,6.9,5.62,11.0,208.8,75.7,20,150,5.19,6.12,4.94,1,4,,2000,
20,Charlie Batch,26,DET,QB,15,15,8-7-0,221,412,53.6,2489,13,3.2,15,3.6,117,35.5,59,6.0,5.03,11.3,165.9,67.3,41,242,9.05,4.96,4.04,3,5,,2000,
21,Jay Fiedler,29,MIA,QB,15,15,10-5-0,204,357,57.1,2402,14,3.9,14,3.9,106,41.3,61,6.7,5.75,11.8,160.1,74.5,23,129,6.05,5.98,5.06,1,1,AP CPoY-12,2000,
22,Chris Chandler,35,ATL,QB,14,13,4-9-0,192,331,58.0,2236,10,3.0,12,3.6,106,39.9,55,6.8,5.73,11.6,159.7,73.5,40,251,10.78,5.35,4.43,1,2,,2000,
23,Rob Johnson,27,BUF,QB,12,11,4-7-0,175,306,57.2,2125,12,3.9,7,2.3,102,39.7,74,6.9,6.70,12.1,177.1,82.2,49,292,13.80,5.16,4.95,2,1,,2000,
24,Trent Green,30,STL,QB,8,5,2-3-0,145,240,60.4,2063,16,6.7,5,2.1,92,45.8,64,8.6,8.99,14.2,257.9,101.8,24,145,9.09,7.27,7.63,0,1,AP CPoY-12,2000,
25,Jeff Blake,30,NOR,QB,11,11,7-4-0,184,302,60.9,2025,13,4.3,9,3.0,103,45.7,49,6.7,6.23,11.0,184.1,82.7,24,150,7.36,5.75,5.31,1,1,,2000,
26,Ryan Leaf,24,SDG,QB,11,9,1-8-0,161,322,50.0,1883,11,3.4,18,5.6,82,34.3,83,5.8,4.02,11.7,171.2,56.2,31,155,8.78,4.90,3.22,1,1,,2000,
27,Kordell Stewart,28,PIT,QB,16,11,7-4-0,151,289,52.2,1860,11,3.8,8,2.8,91,38.6,45,6.4,5.95,12.3,116.3,73.6,30,150,9.40,5.36,4.92,1,1,AP CPoY-12,2000,
28,Gus Frerotte,29,DEN,QB,10,6,4-2-0,138,232,59.5,1776,9,3.9,8,3.4,87,48.8,44,7.7,6.88,12.9,177.6,82.1,12,77,4.92,6.96,6.23,2,2,AP CPoY-12,2000,
29,Doug Flutie,38,BUF,QB,11,5,4-1-0,132,231,57.1,1700,8,3.5,3,1.3,70,44.8,52,7.4,7.47,12.9,154.5,86.5,10,68,4.15,6.77,6.88,1,3,,2000,
30,Cade McNown,23,CHI,QB,10,9,1-8-0,154,280,55.0,1646,8,2.9,9,3.2,67,36.2,68,5.9,5.00,10.7,164.6,68.5,27,169,8.79,4.81,4.01,0,1,,2000,
31,Troy Aikman,34,DAL,QB,11,11,4-7-0,156,262,59.5,1632,7,2.7,14,5.3,83,45.8,48,6.2,4.36,10.5,148.4,64.3,13,91,4.73,5.60,3.82,0,1,,2000,
32,Tony Banks,27,BAL,QB,11,8,5-3-0,150,274,54.7,1578,8,2.9,8,2.9,84,41.5,53,5.8,5.03,10.5,143.5,69.3,20,152,6.80,4.85,4.17,1,1,,2000,
33,Aaron Brooks,24,NOR,QB,8,5,3-2-0,113,194,58.2,1514,9,4.6,6,3.1,67,41.1,53,7.8,7.34,13.4,189.3,85.7,15,94,7.18,6.79,6.36,1,2,,2000,
34,Trent Dilfer,28,BAL,QB,11,8,7-1-0,134,226,59.3,1502,12,5.3,11,4.9,69,41.4,59,6.6,5.52,11.2,136.5,76.6,23,135,9.24,5.49,4.47,1,1,AP CPoY-3,2000,
35,Tim Couch,23,CLE,QB,7,7,2-5-0,137,215,63.7,1483,7,3.3,9,4.2,60,40.0,79,6.9,5.67,10.8,211.9,77.3,10,78,4.44,6.24,5.07,1,1,,2000,
Rk,Player,Age,Team,Pos,G,GS,QBrec,Cmp,Att,Cmp%,Yds,TD,TD%,Int,Int%,1D,Succ%,Lng,Y/A,AY/A,Y/C,Y/G,Rate,Sk,Yds,Sk%,NY/A,ANY/A,4QC,GWD,Awards,2000,
36,Jim Harbaugh,37,SDG,QB,7,5,0-5-0,123,202,60.9,1416,8,4.0,10,5.0,67,43.5,62,7.0,5.57,11.5,202.3,74.6,14,96,6.48,6.11,4.77,0,0,,2000,
37,Jeff George,33,WAS,QB,6,5,1-4-0,113,194,58.2,1389,7,3.6,6,3.1,65,42.7,50,7.2,6.49,12.3,231.5,79.6,12,94,5.83,6.29,5.66,0,0,,2000,
38,Akili Smith,25,CIN,QB,12,11,2-9-0,118,267,44.2,1253,3,1.1,6,2.2,59,27.4,46,4.7,3.91,10.6,104.4,52.8,36,191,11.88,3.50,2.81,0,0,,2000,
39,Doug Pederson,32,CLE,QB,11,8,1-7-0,117,210,55.7,1047,2,1.0,8,3.8,45,35.2,67,5.0,3.46,8.9,95.2,56.6,17,116,7.49,4.10,2.69,0,0,,2000,
40,Scott Mitchell,32,CIN,QB,8,5,2-3-0,89,187,47.6,966,3,1.6,8,4.3,50,35.5,38,5.2,3.56,10.9,120.8,50.8,16,82,7.88,4.35,2.88,1,1,,2000,
41,Shane Matthews,30,CHI,QB,6,5,3-2-0,102,178,57.3,964,3,1.7,6,3.4,53,41.5,41,5.4,4.24,9.5,160.7,64.0,5,24,2.73,5.14,3.99,0,1,,2000,
42,Kent Graham,32,PIT,QB,12,5,2-3-0,66,148,44.6,878,1,0.7,1,0.7,38,32.9,77,5.9,5.76,13.3,73.2,63.4,13,70,8.07,5.02,4.86,0,0,,2000,
43,Randall Cunningham,37,DAL,QB,6,3,1-2-0,74,125,59.2,849,6,4.8,4,3.2,34,36.8,76,6.8,6.31,11.5,141.5,82.4,8,45,6.02,6.05,5.59,0,0,,2000,
44,Brock Huard,24,SEA,QB,5,4,0-4-0,49,87,56.3,540,3,3.4,2,2.3,26,35.0,45,6.2,5.86,11.0,108.0,76.8,13,72,13.00,4.68,4.38,0,0,,2000,
45,Neil O'Donnell,34,TEN,QB,7,1,1-0-0,36,64,56.3,530,2,3.1,3,4.7,25,44.8,67,8.3,6.80,14.7,75.7,74.3,3,23,4.48,7.57,6.15,2,2,,2000,
46,Danny Kanell,27,ATL,QB,5,1,0-1-0,57,116,49.1,524,2,1.7,5,4.3,30,31.5,35,4.5,2.92,9.2,104.8,49.6,8,60,6.45,3.74,2.25,0,0,,2000,
47,Stoney Case,28,DET,QB,5,1,1-0-0,56,91,61.5,503,1,1.1,4,4.4,27,38.8,40,5.5,3.77,9.0,100.6,61.7,12,75,11.65,4.16,2.60,0,0,,2000,
48,Dave Brown,30,ARI,QB,6,2,0-2-0,40,69,58.0,467,2,2.9,3,4.3,20,32.9,44,6.8,5.39,11.7,77.8,70.1,10,53,12.66,5.24,4.04,0,0,,2000,
49,Doug Johnson,23,ATL,QB,4,2,0-2-0,36,67,53.7,406,2,3.0,3,4.5,21,36.3,26,6.1,4.64,11.3,101.5,63.4,13,75,16.25,4.14,2.95,0,0,,2000,
50,Jim Miller,29,CHI,QB,3,2,1-1-0,47,82,57.3,382,1,1.2,1,1.2,23,34.5,34,4.7,4.35,8.1,127.3,68.2,2,7,2.38,4.46,4.17,0,0,,2000,
51,Damon Huard,27,MIA,QB,16,1,1-0-0,39,63,61.9,318,1,1.6,3,4.8,15,41.8,29,5.0,3.22,8.2,19.9,60.2,4,22,5.97,4.42,2.70,1,1,,2000,
52,Jamie Martin,30,JAX,QB,5,0,,22,33,66.7,307,2,6.1,1,3.0,16,60.6,65,9.3,9.15,14.0,61.4,104.0,0,0,0.00,9.30,9.15,0,0,,2000,
53,Moses Moreno,25,SDG,QB,6,2,0-2-0,27,53,50.9,241,0,0.0,2,3.8,10,29.5,26,4.5,2.85,8.9,40.2,47.8,8,51,13.11,3.11,1.64,0,0,,2000,
54,Anthony Wright,24,DAL,QB,4,2,0-2-0,22,53,41.5,237,0,0.0,3,5.7,10,23.1,46,4.5,1.92,10.8,59.3,31.7,12,92,18.46,2.23,0.15,0,0,,2000,
55,Warren Moon,44,KAN,QB,2,1,0-1-0,15,34,44.1,208,1,2.9,1,2.9,9,33.3,41,6.1,5.38,13.9,104.0,61.9,5,46,12.82,4.15,3.51,0,0,,2000,
56,Ray Lucas,28,NYJ,QB,7,0,,21,41,51.2,206,0,0.0,4,9.8,10,38.3,30,5.0,0.63,9.8,29.4,26.1,6,24,12.77,3.87,0.04,0,0,,2000,
57,Spergon Wynn,22,CLE,QB,7,1,0-1-0,22,54,40.7,167,0,0.0,1,1.9,5,19.4,32,3.1,2.26,7.6,23.9,41.2,13,89,19.40,1.16,0.49,0,0,,2000,
58,Rick Mirer,30,SFO,QB,1,0,,10,20,50.0,126,1,5.0,0,0.0,6,33.3,26,6.3,7.30,12.6,126.0,86.7,1,6,4.76,5.71,6.67,0,0,,2000,
59,Jeff Lewis,27,CAR,QB,5,0,,16,32,50.0,120,0,0.0,1,3.1,6,30.8,16,3.8,2.34,7.5,24.0,46.4,7,51,17.95,1.77,0.62,0,0,,2000,
60,Matt Hasselbeck,25,GNB,QB,16,0,,10,19,52.6,104,1,5.3,0,0.0,4,35.0,27,5.5,6.53,10.4,6.5,86.3,1,2,5.00,5.10,6.10,0,0,,2000,
61,Bubby Brister,38,MIN,QB,2,0,,10,20,50.0,82,0,0.0,1,5.0,3,28.6,20,4.1,1.85,8.2,41.0,40.0,1,6,4.76,3.62,1.48,0,0,,2000,
62,Michael Bishop,24,NWE,QB,8,0,,3,9,33.3,80,1,11.1,1,11.1,3,33.3,44,8.9,6.11,26.7,10.0,64.4,0,0,0.00,8.89,6.11,0,0,,2000,
63,Chad Pennington,24,NYJ,QB,1,0,,2,5,40.0,67,1,20.0,0,0.0,2,33.3,62,13.4,17.40,33.5,67.0,127.1,1,4,16.67,10.50,13.83,0,0,,2000,
64,Alex Van Pelt,30,BUF,QB,1,0,,4,8,50.0,67,0,0.0,0,0.0,2,25.0,36,8.4,8.38,16.8,67.0,78.6,0,0,0.00,8.38,8.38,0,1,,2000,
65,John Friesz,33,NWE,QB,1,0,,11,21,52.4,66,0,0.0,1,4.8,4,16.7,17,3.1,1.00,6.0,66.0,39.0,3,16,12.50,2.08,0.21,0,0,,2000,
66,Chris Greisen,24,ARI,QB,3,0,,6,10,60.0,65,1,10.0,0,0.0,4,46.2,26,6.5,8.50,10.8,21.7,112.5,3,24,23.08,3.15,4.69,0,0,,2000,
67,Clint Stoerner,23,DAL,QB,1,0,,3,5,60.0,53,1,20.0,0,0.0,3,57.1,29,10.6,14.60,17.7,53.0,135.8,2,21,28.57,4.57,7.43,0,0,,2000,
68,Frank Wycheck,29,TEN,TE,16,16,,2,2,100.0,53,1,50.0,0,0.0,2,100.0,30,26.5,36.50,26.5,3.3,158.3,0,0,0.00,26.50,36.50,0,0,"PB,AP-2",2000,
69,Chris Mohr,34,BUF,P,16,0,,1,1,100.0,44,0,0.0,0,0.0,1,100.0,44,44.0,44.00,44.0,2.8,118.7,0,0,0.00,44.00,44.00,0,0,,2000,
70,Mark Royals,35,TAM,P,16,0,,1,1,100.0,36,0,0.0,0,0.0,1,100.0,36,36.0,36.00,36.0,2.3,118.7,0,0,0.00,36.00,36.00,0,0,,2000,
Rk,Player,Age,Team,Pos,G,GS,QBrec,Cmp,Att,Cmp%,Yds,TD,TD%,Int,Int%,1D,Succ%,Lng,Y/A,AY/A,Y/C,Y/G,Rate,Sk,Yds,Sk%,NY/A,ANY/A,4QC,GWD,Awards,2000,
71,Ricky Williams,23,NOR,RB,10,10,,1,1,100.0,34,0,0.0,0,0.0,1,100.0,34,34.0,34.00,34.0,3.4,118.7,0,0,0.00,34.00,34.00,0,0,,2000,
72,Sylvester Morris,23,KAN,WR,15,14,,1,1,100.0,31,0,0.0,0,0.0,1,100.0,31,31.0,31.00,31.0,2.1,118.7,0,0,0.00,31.00,31.00,0,0,,2000,
73,Kevin Johnson,24,CLE,WR,16,16,,1,3,33.3,23,0,0.0,1,33.3,1,33.3,23,7.7,-7.33,23.0,1.4,22.2,0,0,0.00,7.67,-7.33,0,0,,2000,
74,Brian Mitchell,32,PHI,RB,16,1,,1,4,25.0,21,0,0.0,0,0.0,1,25.0,21,5.3,5.25,21.0,1.3,49.0,0,0,0.00,5.25,5.25,0,0,,2000,
75,Chris Redman,23,BAL,QB,2,0,,2,3,66.7,19,0,0.0,0,0.0,1,33.3,12,6.3,6.33,9.5,9.5,84.0,0,0,0.00,6.33,6.33,0,0,,2000,
76,Eric Zeier,28,TAM,QB,3,0,,3,3,100.0,19,0,0.0,0,0.0,1,66.7,14,6.3,6.33,6.3,6.3,93.1,0,0,0.00,6.33,6.33,0,0,,2000,
77,Lee Johnson,39,NWE,P,16,0,,1,1,100.0,18,0,0.0,0,0.0,1,100.0,18,18.0,18.00,18.0,1.1,118.7,0,0,0.00,18.00,18.00,0,0,,2000,
78,Curtis Martin,27,NYJ,RB,16,16,,1,1,100.0,18,1,100.0,0,0.0,1,100.0,18,18.0,38.00,18.0,1.1,158.3,0,0,0.00,18.00,38.00,0,0,,2000,
79,Louie Aguiar,34,CHI,P,9,0,,1,1,100.0,13,0,0.0,0,0.0,1,100.0,13,13.0,13.00,13.0,1.4,118.7,0,0,0.00,13.00,13.00,0,0,,2000,
80,Kevin Thompson,23,CLE,QB,1,0,,1,1,100.0,8,0,0.0,0,0.0,0,,8,8.0,8.00,8.0,8.0,100.0,0,0,0.00,8.00,8.00,0,0,,2000,
81,Tom Brady,23,NWE,QB,1,0,,1,3,33.3,6,0,0.0,0,0.0,0,,6,2.0,2.00,6.0,6.0,42.4,0,0,0.00,2.00,2.00,0,0,,2000,
82,Jermaine Lewis,26,BAL,WR,15,1,,1,1,100.0,3,0,0.0,0,0.0,1,100.0,3,3.0,3.00,3.0,0.2,79.2,0,0,0.00,3.00,3.00,0,0,,2000,
83,Mike Alstott,27,TAM,FB,13,13,,0,1,0.0,0,0,0.0,0,0.0,0,,,0.0,0.00,,0.0,39.6,0,0,0.00,0.00,0.00,0,0,PB,2000,
84,Mitch Berger,28,MIN,P,16,0,,0,1,0.0,0,0,0.0,1,100.0,0,,,0.0,-45.00,,0.0,0.0,0,0,0.00,0.00,-45.00,0,0,,2000,
85,Jerome Bettis,28,PIT,RB,16,16,,0,2,0.0,0,0,0.0,1,50.0,0,,,0.0,-22.50,,0.0,0.0,0,0,0.00,0.00,-22.50,0,0,,2000,
86,Travis Brown,23,SEA,QB,1,0,,0,1,0.0,0,0,0.0,0,0.0,0,,,0.0,0.00,,0.0,39.6,0,0,0.00,0.00,0.00,0,0,,2000,
87,Robert Chancey,28,SDG,RB,4,3,,0,1,0.0,0,0,0.0,0,0.0,0,,,0.0,0.00,,0.0,39.6,0,0,0.00,0.00,0.00,0,0,,2000,
88,Koy Detmer,27,PHI,QB,16,0,,0,1,0.0,0,0,0.0,1,100.0,0,,,0.0,-45.00,,0.0,0.0,0,0,0.00,0.00,-45.00,0,0,,2000,
89,Jeff Feagles,34,SEA,P,16,0,,0,1,0.0,0,0,0.0,0,0.0,0,,,0.0,0.00,,0.0,39.6,,,,,,0,0,,2000,
90,Ahman Green,23,GNB,RB,16,11,,0,1,0.0,0,0,0.0,0,0.0,0,,,0.0,0.00,,0.0,39.6,0,0,0.00,0.00,0.00,0,0,AP CPoY-12,2000,
91,Joe Hamilton,23,TAM,QB,1,0,,0,0,,0,0,,0,,0,,,,,,0.0,,1,1,100.00,-1.00,-1.00,0,0,,2000,
92,Mark Hartsell,27,CHI,QB,1,0,,0,1,0.0,0,0,0.0,0,0.0,0,,,0.0,0.00,,0.0,39.6,0,0,0.00,0.00,0.00,0,0,,2000,
93,Bobby Hoying,28,OAK,QB,4,0,,0,2,0.0,0,0,0.0,0,0.0,0,,,0.0,0.00,,0.0,39.6,0,0,0.00,0.00,0.00,0,0,,2000,
94,Jarious Jackson,23,DEN,QB,2,0,,0,1,0.0,0,0,0.0,0,0.0,0,,,0.0,0.00,,0.0,39.6,1,5,50.00,-2.50,-2.50,0,0,,2000,
95,Jerry Rice,38,SFO,WR,16,16,,0,1,0.0,0,0,0.0,0,0.0,0,,,0.0,0.00,,0.0,39.6,0,0,0.00,0.00,0.00,0,0,,2000,
96,Torrance Small,30,PHI,WR,14,14,,0,1,0.0,0,0,0.0,1,100.0,0,,,0.0,-45.00,,0.0,0.0,0,0,0.00,0.00,-45.00,0,0,,2000,
97,Lamar Smith,30,MIA,RB,15,15,,0,1,0.0,0,0,0.0,0,0.0,0,,,0.0,0.00,,0.0,39.6,0,0,0.00,0.00,0.00,0,0,AP CPoY-5,2000,
98,Thurman Thomas,34,MIA,RB,9,0,,0,0,,0,0,,0,,0,,,,,,0.0,,1,2,100.00,-2.00,-2.00,0,0,,2000,
99,Ken Walter,28,CAR,P,16,0,,0,1,0.0,0,0,0.0,0,0.0,0,,,0.0,0.00,,0.0,39.6,0,0,0.00,0.00,0.00,0,0,,2000,
100,Todd Husak,22,WAS,QB,1,0,,2,2,100.0,-2,0,0.0,0,0.0,0,,6,-1.0,-1.00,-1.0,-2.0,79.2,0,0,0.00,-1.00,-1.00,0,0,,2000,
101,Tim Rattay,23,SFO,QB,1,0,,1,1,100.0,-4,0,0.0,0,0.0,0,,-4,-4.0,-4.00,-4.0,-4.0,79.2,0,0,0.00,-4.00,-4.00,0,0,,2000,
,League Average,,,,,,,,,58.2,,,3.9,,3.3,,42.7,,6.7,6.06,11.6,110.0,78.1,,,7.02,5.85,5.21,,,,2000,
1,Kurt Warner,30,STL,QB,16,16,14-2-0,375,546,68.7,4830,36,6.6,22,4.0,233,53.8,65,8.8,8.35,12.9,301.9,101.4,38,233,6.51,7.87,7.41,1,2,"PB,AP-1,AP MVP-1,AP OPoY-2",2001,
2,Peyton Manning,25,IND,QB,16,16,6-10-0,343,547,62.7,4131,26,4.8,23,4.2,201,46.4,86,7.6,6.61,12.0,258.2,84.1,29,232,5.03,6.77,5.88,0,0,,2001,
3,Brett Favre,32,GNB,QB,16,16,12-4-0,314,510,61.6,3921,32,6.3,15,2.9,187,47.0,67,7.7,7.62,12.5,245.1,94.1,22,151,4.14,7.09,7.02,1,2,"PB,AP-2,AP MVP-3,AP OPoY-3",2001,
4,Aaron Brooks,25,NOR,QB,16,16,7-9-0,312,558,55.9,3832,26,4.7,22,3.9,182,40.3,63,6.9,6.03,12.3,239.5,76.4,50,330,8.22,5.76,4.99,2,3,,2001,
5,Rich Gannon,36,OAK,QB,16,16,10-6-0,361,549,65.8,3828,27,4.9,9,1.6,195,49.8,49,7.0,7.22,10.6,239.3,95.5,27,155,4.69,6.38,6.61,1,2,PB,2001,
6,Trent Green,31,KAN,QB,16,16,6-10-0,296,523,56.6,3783,17,3.3,24,4.6,176,42.2,67,7.2,5.82,12.8,236.4,71.1,39,198,6.94,6.38,5.06,2,3,,2001,
7,Kerry Collins,29,NYG,QB,16,16,7-9-0,327,568,57.6,3764,19,3.3,16,2.8,189,43.5,76,6.6,6.03,11.5,235.3,77.1,36,206,5.96,5.89,5.33,3,4,,2001,
8,Jake Plummer,27,ARI,QB,16,16,7-9-0,304,525,57.9,3653,18,3.4,14,2.7,177,39.9,68,7.0,6.44,12.0,228.3,79.6,29,204,5.23,6.23,5.74,3,4,,2001,
9,Jeff Garcia,31,SFO,QB,16,16,12-4-0,316,504,62.7,3538,32,6.3,12,2.4,184,48.5,61,7.0,7.22,11.2,221.1,94.8,26,114,4.91,6.46,6.65,4,4,PB,2001,
10,Doug Flutie,39,SDG,QB,16,16,5-11-0,294,521,56.4,3464,15,2.9,18,3.5,168,42.9,78,6.6,5.67,11.8,216.5,72.0,25,168,4.58,6.04,5.10,1,1,,2001,
11,Brad Johnson,33,TAM,QB,16,16,9-7-0,340,559,60.8,3406,13,2.3,11,2.0,181,42.5,47,6.1,5.67,10.0,212.9,77.7,44,269,7.30,5.20,4.81,3,5,,2001,
12,Steve McNair,28,TEN,QB,15,15,7-8-0,264,431,61.3,3350,21,4.9,12,2.8,161,47.0,71,7.8,7.49,12.7,223.3,90.2,37,251,7.91,6.62,6.37,1,4,,2001,
13,Mark Brunell,31,JAX,QB,15,15,6-9-0,289,473,61.1,3309,19,4.0,13,2.7,165,44.3,44,7.0,6.56,11.4,220.6,84.1,57,387,10.75,5.51,5.13,1,1,,2001,
14,Jay Fiedler,30,MIA,QB,16,16,11-5-0,273,450,60.7,3290,20,4.4,19,4.2,152,46.1,74,7.3,6.30,12.1,205.6,80.3,27,178,5.66,6.52,5.57,4,4,,2001,
15,Donovan McNabb,25,PHI,QB,16,16,11-5-0,285,493,57.8,3233,25,5.1,12,2.4,134,40.0,64,6.6,6.48,11.3,202.1,84.3,39,273,7.33,5.56,5.49,2,2,PB,2001,
16,Jon Kitna,29,CIN,QB,16,15,6-9-0,313,581,53.9,3216,12,2.1,22,3.8,172,40.9,49,5.5,4.24,10.3,201.0,61.1,25,185,4.13,5.00,3.76,3,3,,2001,
17,Kordell Stewart,29,PIT,QB,16,16,13-3-0,266,442,60.2,3109,14,3.2,11,2.5,147,43.5,90,7.0,6.55,11.7,194.3,81.7,29,175,6.16,6.23,5.77,1,1,"PB,AP MVP-4,AP CPoY-2",2001,
18,Tim Couch,24,CLE,QB,16,16,7-9-0,272,454,59.9,3040,17,3.7,21,4.6,135,38.4,78,6.7,5.36,11.2,190.0,73.1,51,353,10.10,5.32,4.12,3,3,,2001,
19,Elvis Grbac,31,BAL,QB,14,14,8-6-0,265,467,56.7,3033,15,3.2,18,3.9,151,43.2,77,6.5,5.40,11.4,216.6,71.1,28,215,5.66,5.69,4.66,2,4,,2001,
20,Chris Weinke,29,CAR,QB,15,15,1-14-0,293,540,54.3,2931,11,2.0,19,3.5,138,38.2,48,5.4,4.25,10.0,195.4,62.0,26,177,4.59,4.87,3.74,0,0,,2001,
21,Chris Chandler,36,ATL,QB,14,14,6-8-0,223,365,61.1,2847,16,4.4,14,3.8,128,43.1,94,7.8,6.95,12.8,203.4,84.1,41,261,10.10,6.37,5.61,0,2,,2001,
22,Tom Brady,24,NWE,QB,15,14,11-3-0,264,413,63.9,2843,18,4.4,12,2.9,145,45.6,91,6.9,6.45,10.8,189.5,86.5,41,216,9.03,5.79,5.39,3,3,PB,2001,
23,Brian Griese,26,DEN,QB,15,15,8-7-0,275,451,61.0,2827,23,5.1,19,4.2,150,44.4,65,6.3,5.39,10.3,188.5,78.5,38,241,7.77,5.29,4.48,1,1,,2001,
24,Vinny Testaverde,38,NYJ,QB,16,16,10-6-0,260,441,59.0,2752,15,3.4,14,3.2,147,42.0,40,6.2,5.49,10.6,172.0,75.3,18,122,3.92,5.73,5.01,5,5,,2001,
25,Daunte Culpepper,24,MIN,QB,11,11,4-7-0,235,366,64.2,2612,14,3.8,13,3.6,127,46.6,57,7.1,6.30,11.1,237.5,83.3,33,186,8.27,6.08,5.32,2,2,,2001,
26,Charlie Batch,27,DET,QB,10,9,0-9-0,198,341,58.1,2392,12,3.5,12,3.5,108,43.0,76,7.0,6.13,12.1,239.2,76.8,33,176,8.82,5.93,5.12,0,0,,2001,
27,Tony Banks,28,WAS,QB,15,14,8-6-0,198,370,53.5,2386,10,2.7,10,2.7,106,38.6,85,6.4,5.77,12.1,159.1,71.3,29,173,7.27,5.55,4.92,1,1,,2001,
28,Jim Miller,30,CHI,QB,14,13,11-2-0,228,395,57.7,2299,13,3.3,10,2.5,106,40.4,66,5.8,5.34,10.1,164.2,74.9,11,72,2.71,5.49,5.02,3,3,,2001,
29,Alex Van Pelt,31,BUF,QB,12,8,2-6-0,178,307,58.0,2056,12,3.9,11,3.6,99,43.0,80,6.7,5.87,11.6,171.3,76.4,14,73,4.36,6.18,5.38,1,1,,2001,
30,Matt Hasselbeck,26,SEA,QB,13,12,5-7-0,176,321,54.8,2023,7,2.2,8,2.5,92,37.3,64,6.3,5.62,11.5,155.6,70.9,38,251,10.58,4.94,4.32,0,2,,2001,
31,Rob Johnson,28,BUF,QB,8,8,1-7-0,134,216,62.0,1465,5,2.3,7,3.2,71,38.1,61,6.8,5.79,10.9,183.1,76.3,31,196,12.55,5.14,4.27,0,1,,2001,
32,Quincy Carter,24,DAL,QB,8,8,3-5-0,90,176,51.1,1072,5,2.8,7,4.0,46,35.1,64,6.1,4.87,11.9,134.0,63.0,12,56,6.38,5.40,4.26,0,2,,2001,
33,Trent Dilfer,29,SEA,QB,6,4,4-0-0,73,122,59.8,1014,7,5.7,4,3.3,43,42.4,54,8.3,7.98,13.9,169.0,92.0,10,72,7.58,7.14,6.83,0,0,,2001,
34,Ty Detmer,34,DET,QB,4,4,1-3-0,92,151,60.9,906,3,2.0,10,6.6,43,42.3,27,6.0,3.42,9.8,226.5,56.9,12,75,7.36,5.10,2.71,1,1,,2001,
35,Todd Bouman,29,MIN,QB,5,3,1-2-0,51,89,57.3,795,8,9.0,4,4.5,32,48.4,80,8.9,8.71,15.6,159.0,98.3,4,27,4.30,8.26,8.04,0,0,,2001,
Rk,Player,Age,Team,Pos,G,GS,QBrec,Cmp,Att,Cmp%,Yds,TD,TD%,Int,Int%,1D,Succ%,Lng,Y/A,AY/A,Y/C,Y/G,Rate,Sk,Yds,Sk%,NY/A,ANY/A,4QC,GWD,Awards,2001,
36,Michael Vick,21,ATL,QB,8,2,1-1-0,50,113,44.2,785,2,1.8,3,2.7,34,34.3,52,6.9,6.11,15.7,98.1,62.7,21,113,15.67,5.01,4.31,0,0,,2001,
37,Shane Matthews,31,CHI,QB,4,3,2-1-0,84,129,65.1,694,5,3.9,6,4.7,45,46.7,34,5.4,4.06,8.3,173.5,72.3,6,48,4.44,4.79,3.53,2,0,,2001,
38,Mike McMahon,22,DET,QB,8,3,1-2-0,53,115,46.1,671,3,2.6,1,0.9,33,31.6,69,5.8,5.97,12.7,83.9,69.9,21,122,15.44,4.04,4.15,1,1,,2001,
39,Randall Cunningham,38,BAL,QB,6,2,2-0-0,54,89,60.7,573,3,3.4,2,2.2,31,41.6,30,6.4,6.10,10.6,95.5,81.3,12,66,11.88,5.02,4.72,1,2,,2001,
40,Anthony Wright,25,DAL,QB,4,3,1-2-0,48,98,49.0,529,5,5.1,5,5.1,23,33.0,80,5.4,4.12,11.0,132.3,61.1,5,30,4.85,4.84,3.63,1,1,,2001,
41,Neil O'Donnell,35,TEN,QB,5,1,0-1-0,42,76,55.3,496,2,2.6,2,2.6,19,36.6,35,6.5,5.87,11.8,99.2,73.1,6,58,7.32,5.34,4.73,0,0,,2001,
42,Ryan Leaf,25,DAL,QB,4,3,0-3-0,45,88,51.1,494,1,1.1,3,3.4,24,33.0,38,5.6,4.31,11.0,123.5,57.7,12,82,12.00,4.12,2.97,0,0,,2001,
43,Spergon Wynn,23,MIN,QB,3,2,0-2-0,48,98,49.0,418,1,1.0,6,6.1,20,28.7,47,4.3,1.71,8.7,139.3,38.6,10,65,9.26,3.27,0.95,0,0,,2001,
44,Drew Bledsoe,29,NWE,QB,2,2,0-2-0,40,66,60.6,400,2,3.0,2,3.0,18,40.8,58,6.1,5.30,10.0,200.0,75.3,5,21,7.04,5.34,4.63,0,0,,2001,
45,Jonathan Quinn,26,JAX,QB,6,1,0-1-0,32,61,52.5,361,1,1.6,1,1.6,17,38.8,45,5.9,5.51,11.3,60.2,69.1,6,43,8.96,4.75,4.37,0,0,,2001,
46,Clint Stoerner,24,DAL,QB,4,2,1-1-0,26,49,53.1,314,3,6.1,5,10.2,18,35.2,28,6.4,3.04,12.1,78.5,53.8,5,22,9.26,5.41,2.35,0,0,,2001,
47,Gus Frerotte,30,DEN,QB,4,1,0-1-0,30,48,62.5,308,3,6.3,0,0.0,19,49.0,26,6.4,7.67,10.3,77.0,101.7,3,21,5.88,5.63,6.80,0,0,,2001,
48,Drew Brees,22,SDG,QB,1,0,,15,27,55.6,221,1,3.7,0,0.0,11,48.3,40,8.2,8.93,14.7,221.0,94.8,2,12,6.90,7.21,7.90,0,0,,2001,
49,Shaun King,24,TAM,QB,3,0,,21,31,67.7,210,0,0.0,1,3.2,10,47.1,42,6.8,5.32,10.0,70.0,73.3,3,29,8.82,5.32,4.00,0,0,,2001,
50,Travis Brown,24,BUF,QB,1,0,,15,33,45.5,201,1,3.0,2,6.1,11,35.3,34,6.1,3.97,13.4,201.0,50.2,1,2,2.94,5.85,3.79,0,0,,2001,
51,Jeff George,34,WAS,QB,2,2,0-2-0,23,42,54.8,168,0,0.0,3,7.1,6,31.3,17,4.0,0.79,7.3,84.0,34.6,6,38,12.50,2.71,-0.10,0,0,,2001,
52,Tommy Maddox,30,PIT,QB,3,0,,7,9,77.8,154,1,11.1,1,11.1,4,60.0,57,17.1,14.33,22.0,51.3,116.2,1,4,10.00,15.00,12.50,0,0,,2001,
53,A.J. Feeley,24,PHI,QB,1,0,,10,14,71.4,143,2,14.3,1,7.1,8,71.4,27,10.2,9.86,14.3,143.0,114.0,0,0,0.00,10.21,9.86,1,1,,2001,
54,Matt Lytle,26,CAR,QB,3,1,0-1-0,17,30,56.7,133,1,3.3,3,10.0,5,24.2,28,4.4,0.60,7.8,44.3,39.3,3,24,9.09,3.30,-0.18,0,0,,2001,
55,Kent Graham,33,WAS,QB,3,0,,13,19,68.4,131,2,10.5,0,0.0,9,57.1,16,6.9,9.00,10.1,43.7,122.9,2,16,9.52,5.48,7.38,2,2,,2001,
56,Brock Huard,25,SEA,QB,1,0,,9,17,52.9,127,1,5.9,0,0.0,6,38.9,44,7.5,8.65,14.1,127.0,96.9,1,5,5.56,6.78,7.89,0,0,,2001,
57,Kelly Holcomb,28,CLE,QB,1,0,,7,12,58.3,114,1,8.3,0,0.0,5,58.3,25,9.5,11.17,16.3,114.0,118.1,0,0,0.00,9.50,11.17,0,0,,2001,
58,Chad Pennington,25,NYJ,QB,2,0,,10,20,50.0,92,1,5.0,0,0.0,5,28.6,24,4.6,5.60,9.2,46.0,79.6,1,8,4.76,4.00,4.95,0,0,,2001,
59,Jarious Jackson,24,DEN,QB,1,0,,7,12,58.3,73,0,0.0,0,0.0,5,46.2,19,6.1,6.08,10.4,73.0,76.0,1,6,7.69,5.15,5.15,0,0,,2001,
60,David Patten,27,NWE,WR,16,14,,1,2,50.0,60,1,50.0,1,50.0,1,50.0,60,30.0,17.50,60.0,3.8,95.8,0,0,0.00,30.00,17.50,0,0,,2001,
61,Mark Rypien,39,IND,QB,4,0,,5,9,55.6,57,0,0.0,0,0.0,4,50.0,21,6.3,6.33,11.4,14.3,74.8,1,6,10.00,5.10,5.10,0,0,,2001,
62,Koy Detmer,28,PHI,QB,16,0,,5,14,35.7,51,0,0.0,1,7.1,2,26.7,16,3.6,0.43,10.2,3.2,17.3,1,9,6.67,2.80,-0.20,0,0,,2001,
63,Az-Zahir Hakim,24,STL,WR,16,1,,1,1,100.0,51,1,100.0,0,0.0,1,100.0,51,51.0,71.00,51.0,3.2,158.3,0,0,0.00,51.00,71.00,0,0,,2001,
64,Ray Lucas,29,MIA,QB,10,0,,2,3,66.7,45,0,0.0,0,0.0,2,66.7,28,15.0,15.00,22.5,4.5,109.7,0,0,0.00,15.00,15.00,0,0,,2001,
65,Todd Collins,30,KAN,QB,1,0,,3,4,75.0,40,0,0.0,0,0.0,1,50.0,26,10.0,10.00,13.3,40.0,106.2,0,0,0.00,10.00,10.00,0,0,,2001,
66,Tony Gonzalez,25,KAN,TE,16,16,,1,1,100.0,40,0,0.0,0,0.0,1,100.0,40,40.0,40.00,40.0,2.5,118.7,0,0,0.00,40.00,40.00,0,0,"PB,AP-1",2001,
67,Chris Mohr,35,ATL,P,16,0,,2,2,100.0,40,0,0.0,0,0.0,1,50.0,42,20.0,20.00,20.0,2.5,118.7,0,0,0.00,20.00,20.00,0,0,,2001,
68,Ken Dilger,30,IND,TE,16,16,,1,1,100.0,39,1,100.0,0,0.0,1,100.0,39,39.0,59.00,39.0,2.4,158.3,0,0,0.00,39.00,59.00,0,0,PB,2001,
69,Scott Mitchell,33,CIN,QB,1,0,,4,12,33.3,38,0,0.0,3,25.0,2,21.4,16,3.2,-8.08,9.5,38.0,3.5,2,15,14.29,1.64,-8.00,0,0,,2001,
70,Akili Smith,26,CIN,QB,2,1,0-1-0,5,8,62.5,37,0,0.0,0,0.0,3,44.4,14,4.6,4.63,7.4,18.5,73.4,1,3,11.11,3.78,3.78,0,0,,2001,
Rk,Player,Age,Team,Pos,G,GS,QBrec,Cmp,Att,Cmp%,Yds,TD,TD%,Int,Int%,1D,Succ%,Lng,Y/A,AY/A,Y/C,Y/G,Rate,Sk,Yds,Sk%,NY/A,ANY/A,4QC,GWD,Awards,2001,
71,Marty Booker,25,CHI,WR,16,16,,1,2,50.0,34,1,50.0,0,0.0,1,50.0,34,17.0,27.00,34.0,2.1,135.4,0,0,0.00,17.00,27.00,0,0,,2001,
72,Dameyune Craig,27,CAR,QB,2,0,,4,8,50.0,34,0,0.0,0,0.0,2,30.0,18,4.3,4.25,8.5,17.0,61.5,2,15,20.00,1.90,1.90,0,0,,2001,
73,Marques Tuiasosopo,22,OAK,QB,1,0,,3,4,75.0,34,0,0.0,0,0.0,1,75.0,15,8.5,8.50,11.3,34.0,100.0,0,0,0.00,8.50,8.50,0,0,,2001,
74,Jerome Bettis,29,PIT,RB,11,11,,1,2,50.0,32,1,50.0,0,0.0,1,50.0,32,16.0,26.00,32.0,2.9,135.4,0,0,0.00,16.00,26.00,0,0,PB,2001,
75,Kevin Lockett,27,WAS,WR,16,0,,1,1,100.0,31,1,100.0,0,0.0,1,100.0,31,31.0,51.00,31.0,1.9,158.3,0,0,0.00,31.00,51.00,0,0,,2001,
76,Randy Moss,24,MIN,WR,16,16,,1,1,100.0,29,0,0.0,0,0.0,1,100.0,29,29.0,29.00,29.0,1.8,118.7,0,0,0.00,29.00,29.00,0,0,,2001,
77,Brad Maynard,27,CHI,P,16,0,,1,1,100.0,27,1,100.0,0,0.0,1,100.0,27,27.0,47.00,27.0,1.7,158.3,0,0,0.00,27.00,47.00,0,0,,2001,
78,Kevin Faulk,25,NWE,RB,15,1,,1,1,100.0,23,0,0.0,0,0.0,1,100.0,23,23.0,23.00,23.0,1.5,118.7,0,0,0.00,23.00,23.00,0,0,,2001,
79,Doug Johnson,24,ATL,QB,3,0,,3,5,60.0,23,1,20.0,0,0.0,3,42.9,14,4.6,8.60,7.7,7.7,110.8,2,13,28.57,1.43,4.29,1,1,,2001,
80,Jamie Martin,31,STL,QB,5,0,,3,3,100.0,22,0,0.0,0,0.0,2,60.0,10,7.3,7.33,7.3,4.4,97.2,2,7,40.00,3.00,3.00,0,0,,2001,
81,Tim Rattay,24,SFO,QB,3,0,,2,2,100.0,21,0,0.0,0,0.0,1,50.0,20,10.5,10.50,10.5,7.0,110.4,0,0,0.00,10.50,10.50,0,0,,2001,
82,Frank Wycheck,30,TEN,TE,16,16,,1,1,100.0,21,0,0.0,0,0.0,1,100.0,21,21.0,21.00,21.0,1.3,118.7,0,0,0.00,21.00,21.00,0,0,,2001,
83,Leon Johnson,27,CHI,RB,12,0,,1,1,100.0,18,0,0.0,0,0.0,1,100.0,18,18.0,18.00,18.0,1.5,118.7,0,0,0.00,18.00,18.00,0,0,,2001,
84,Curtis Martin,28,NYJ,RB,16,16,,1,1,100.0,18,1,100.0,0,0.0,1,100.0,18,18.0,38.00,18.0,1.1,158.3,0,0,0.00,18.00,38.00,0,0,"PB,AP-2",2001,
85,Deuce McAllister,23,NOR,RB,16,4,,1,2,50.0,12,1,50.0,0,0.0,1,50.0,12,6.0,16.00,12.0,0.8,108.3,0,0,0.00,6.00,16.00,0,0,,2001,
86,Tom Tupa,35,NYJ,P,15,0,,1,1,100.0,9,0,0.0,0,0.0,1,100.0,9,9.0,9.00,9.0,0.6,104.2,0,0,0.00,9.00,9.00,0,0,,2001,
87,Mark Royals,36,TAM,P,16,0,,1,1,100.0,5,0,0.0,0,0.0,0,,5,5.0,5.00,5.0,0.3,87.5,0,0,0.00,5.00,5.00,0,0,,2001,
88,Mitch Berger,29,MIN,P,12,0,,0,1,0.0,0,0,0.0,0,0.0,0,,,0.0,0.00,,0.0,39.6,0,0,0.00,0.00,0.00,0,0,,2001,
89,Jeff Blake,31,NOR,QB,1,0,,0,1,0.0,0,0,0.0,0,0.0,0,,,0.0,0.00,,0.0,39.6,0,0,0.00,0.00,0.00,0,0,,2001,
90,Corey Dillon,27,CIN,RB,16,16,,0,1,0.0,0,0,0.0,1,100.0,0,,,0.0,-45.00,,0.0,0.0,0,0,0.00,0.00,-45.00,0,0,PB,2001,
91,Marshall Faulk,28,STL,RB,14,14,,0,1,0.0,0,0,0.0,0,0.0,0,,,0.0,0.00,,0.0,39.6,0,0,0.00,0.00,0.00,0,0,"PB,AP-1,AP MVP-2,AP OPoY-1",2001,
92,Jeff Feagles,35,SEA,P,16,0,,0,2,0.0,0,0,0.0,0,0.0,0,,,0.0,0.00,,0.0,39.6,0,0,0.00,0.00,0.00,0,0,,2001,
93,Martin Gramatica,26,TAM,K,14,0,,0,1,0.0,0,0,0.0,0,0.0,0,,,0.0,0.00,,0.0,39.6,0,0,0.00,0.00,0.00,0,0,,2001,
94,Mike Green,25,TEN,RB,16,1,,0,2,0.0,0,0,0.0,2,100.0,0,,,0.0,-45.00,,0.0,0.0,0,0,0.00,0.00,-45.00,0,0,,2001,
95,Craig Hentrich,30,TEN,P,16,0,,0,2,0.0,0,0,0.0,1,50.0,0,,,0.0,-22.50,,0.0,0.0,0,0,0.00,0.00,-22.50,0,0,,2001,
96,Joe Horn,29,NOR,WR,16,16,,0,1,0.0,0,0,0.0,0,0.0,0,,,0.0,0.00,,0.0,39.6,0,0,0.00,0.00,0.00,0,0,PB,2001,
97,Richard Huntley,29,CAR,RB,14,9,,0,1,0.0,0,0,0.0,0,0.0,0,,,0.0,0.00,,0.0,39.6,1,0,50.00,0.00,0.00,0,0,,2001,
98,LaMont Jordan,23,NYJ,RB,16,0,,0,1,0.0,0,0,0.0,0,0.0,0,,,0.0,0.00,,0.0,39.6,0,0,0.00,0.00,0.00,0,0,,2001,
99,Micah Knorr,26,DAL,P,16,0,,0,1,0.0,0,0,0.0,0,0.0,0,,,0.0,0.00,,0.0,39.6,0,0,0.00,0.00,0.00,0,0,,2001,
100,Eric Metcalf,33,WAS,WR,10,0,,0,0,,0,0,,0,,0,,,,,,0.0,,1,2,100.00,-2.00,-2.00,0,0,,2001,
101,Freddie Mitchell,23,PHI,WR,15,1,,0,1,0.0,0,0,0.0,0,0.0,0,,,0.0,0.00,,0.0,39.6,0,0,0.00,0.00,0.00,0,0,,2001,
102,Brian Moorman,25,BUF,P,16,0,,0,1,0.0,0,0,0.0,0,0.0,0,,,0.0,0.00,,0.0,39.6,0,0,0.00,0.00,0.00,0,0,,2001,
103,Frank Sanders,28,ARI,WR,15,13,,0,1,0.0,0,0,0.0,0,0.0,0,,,0.0,0.00,,0.0,39.6,0,0,0.00,0.00,0.00,0,0,,2001,
104,Billy Volek,25,TEN,QB,1,0,,0,3,0.0,0,0,0.0,0,0.0,0,,,0.0,0.00,,0.0,39.6,0,0,0.00,0.00,0.00,0,0,,2001,
105,Hines Ward,25,PIT,WR,16,16,,0,1,0.0,0,0,0.0,0,0.0,0,,,0.0,0.00,,0.0,39.6,1,3,50.00,-1.50,-1.50,0,0,PB,2001,
106,Lamont Warren,28,DET,RB,16,3,,0,2,0.0,0,0,0.0,1,50.0,0,,,0.0,-22.50,,0.0,0.0,0,0,0.00,0.00,-22.50,0,0,,2001,
107,Joey Galloway,30,DAL,WR,16,16,,1,1,100.0,-1,0,0.0,0,0.0,0,,-1,-1.0,-1.00,-1.0,-0.1,79.2,0,0,0.00,-1.00,-1.00,0,0,,2001,
108,Kyle Richardson,28,BAL,P,16,0,,1,1,100.0,-11,0,0.0,0,0.0,0,,-11,-11.0,-11.00,-11.0,-0.7,79.2,0,0,0.00,-11.00,-11.00,0,0,,2001,
,League Average,,,,,,,,,59.0,,,3.9,,3.4,,42.8,,6.8,6.04,11.5,94.7,78.5,,,6.88,5.87,5.19,,,,2001,
1,Rich Gannon,37,OAK,QB,16,16,11-5-0,418,618,67.6,4689,26,4.2,10,1.6,227,54.1,75,7.6,7.70,11.2,293.1,97.3,36,214,5.50,6.84,6.95,1,1,"PB,AP-1,AP MVP-1,AP OPoY-3",2002,
2,Drew Bledsoe,30,BUF,QB,16,16,8-8-0,375,610,61.5,4359,24,3.9,15,2.5,222,47.3,73,7.1,6.83,11.6,272.4,86.0,54,369,8.13,6.01,5.72,2,4,"PB,AP CPoY-3",2002,
3,Peyton Manning,26,IND,QB,16,16,10-6-0,392,591,66.3,4200,27,4.6,19,3.2,213,47.6,69,7.1,6.57,10.7,262.5,88.8,23,145,3.75,6.60,6.09,4,5,PB,2002,
4,Kerry Collins,30,NYG,QB,16,16,10-6-0,335,545,61.5,4073,19,3.5,14,2.6,193,47.6,82,7.5,7.01,12.2,254.6,85.4,24,152,4.22,6.89,6.45,5,5,,2002,
5,Daunte Culpepper,25,MIN,QB,16,16,6-10-0,333,549,60.7,3853,18,3.3,23,4.2,189,46.5,61,7.0,5.79,11.6,240.8,75.3,47,244,7.89,6.06,4.92,3,4,,2002,
6,Tom Brady,25,NWE,QB,16,16,9-7-0,373,601,62.1,3764,28,4.7,14,2.3,185,46.0,49,6.3,6.15,10.1,235.3,85.7,31,190,4.91,5.66,5.54,2,3,,2002,
7,Trent Green,32,KAN,QB,16,16,8-8-0,287,470,61.1,3690,26,5.5,13,2.8,177,47.6,99,7.9,7.71,12.9,230.6,92.6,26,141,5.24,7.16,7.02,4,4,,2002,
8,Brett Favre,33,GNB,QB,16,16,12-4-0,341,551,61.9,3658,27,4.9,16,2.9,189,48.0,85,6.6,6.31,10.7,228.6,85.6,26,188,4.51,6.01,5.70,3,3,"PB,AP-2,AP MVP-2",2002,
9,Aaron Brooks,26,NOR,QB,16,16,9-7-0,283,528,53.6,3572,27,5.1,15,2.8,165,39.9,64,6.8,6.51,12.6,223.3,80.1,36,236,6.38,5.91,5.68,3,3,,2002,
10,Steve McNair,29,TEN,QB,16,16,11-5-0,301,492,61.2,3387,22,4.5,15,3.0,179,47.0,55,6.9,6.41,11.3,211.7,84.0,21,121,4.09,6.37,5.91,3,3,"AP MVP-3,AP OPoY-5",2002,
11,Jeff Garcia,32,SFO,QB,16,16,10-6-0,328,528,62.1,3344,21,4.0,10,1.9,173,45.7,76,6.3,6.28,10.2,209.0,85.6,17,93,3.12,5.97,5.91,2,4,PB,2002,
12,Drew Brees,23,SDG,QB,16,16,8-8-0,320,526,60.8,3284,17,3.2,16,3.0,164,42.7,52,6.2,5.52,10.3,205.3,76.9,24,180,4.36,5.64,4.95,2,4,,2002,
13,Brian Griese,27,DEN,QB,13,13,8-5-0,291,436,66.7,3214,15,3.4,15,3.4,157,51.9,82,7.4,6.51,11.0,247.2,85.6,34,237,7.23,6.33,5.54,1,1,,2002,
14,Jon Kitna,30,CIN,QB,14,12,2-10-0,294,473,62.2,3178,16,3.4,16,3.4,159,46.1,72,6.7,5.87,10.8,227.0,79.1,24,159,4.83,6.07,5.27,1,1,,2002,
15,Chad Pennington,26,NYJ,QB,15,12,8-4-0,275,399,68.9,3120,22,5.5,6,1.5,168,52.3,47,7.8,8.25,11.3,208.0,104.2,22,135,5.23,7.09,7.49,1,2,,2002,
16,Matt Hasselbeck,27,SEA,QB,16,10,5-5-0,267,419,63.7,3075,15,3.6,10,2.4,160,48.1,49,7.3,6.98,11.5,192.2,87.8,26,143,5.84,6.59,6.25,1,3,,2002,
17,Brad Johnson,34,TAM,QB,13,13,10-3-0,281,451,62.3,3049,22,4.9,6,1.3,144,47.5,76,6.8,7.14,10.9,234.5,92.9,21,121,4.45,6.20,6.56,0,1,PB,2002,
18,Jake Plummer,28,ARI,QB,16,16,5-11-0,284,530,53.6,2972,18,3.4,20,3.8,147,40.1,80,5.6,4.59,10.5,185.8,65.7,36,248,6.36,4.81,3.86,2,4,,2002,
19,Michael Vick,22,ATL,QB,15,15,8-6-1,231,421,54.9,2936,16,3.8,8,1.9,140,39.9,74,7.0,6.88,12.7,195.7,81.6,33,206,7.27,6.01,5.93,2,2,"PB,AP MVP-4",2002,
20,Tim Couch,25,CLE,QB,14,14,8-6-0,273,443,61.6,2842,18,4.1,18,4.1,129,40.6,78,6.4,5.40,10.4,203.0,76.8,30,213,6.34,5.56,4.61,3,4,,2002,
21,Tommy Maddox,31,PIT,QB,15,11,7-3-1,234,377,62.1,2836,20,5.3,16,4.2,137,46.7,72,7.5,6.67,12.1,189.1,85.2,26,148,6.45,6.67,5.88,2,2,AP CPoY-1,2002,
22,Mark Brunell,32,JAX,QB,15,15,6-9-0,245,416,58.9,2788,17,4.1,7,1.7,140,42.4,79,6.7,6.76,11.4,185.9,85.7,34,210,7.56,5.73,5.78,0,1,,2002,
23,Rodney Peete,36,CAR,QB,14,14,7-7-0,223,381,58.5,2630,15,3.9,14,3.7,116,40.8,69,6.9,6.04,11.8,187.9,77.4,31,192,7.52,5.92,5.12,0,1,AP CPoY-5,2002,
24,David Carr,23,HOU,QB,16,16,4-12-0,233,444,52.5,2592,9,2.0,15,3.4,118,34.2,81,5.8,4.72,11.1,162.0,62.8,76,411,14.62,4.19,3.24,2,3,AP ORoY-3,2002,
25,Joey Harrington,24,DET,QB,14,12,3-9-0,215,429,50.1,2294,12,2.8,16,3.7,111,36.4,64,5.3,4.23,10.7,163.9,59.9,8,75,1.83,5.08,3.98,2,2,,2002,
26,Donovan McNabb,26,PHI,QB,10,10,7-3-0,211,361,58.4,2289,17,4.7,6,1.7,108,44.7,59,6.3,6.53,10.8,228.9,86.0,28,166,7.20,5.46,5.64,0,1,PB,2002,
27,Jeff Blake,32,BAL,QB,11,10,4-6-0,165,295,55.9,2084,13,4.4,11,3.7,97,40.3,77,7.1,6.27,12.6,189.5,77.3,30,203,9.23,5.79,5.06,1,1,,2002,
28,Jay Fiedler,31,MIA,QB,11,10,7-3-0,179,292,61.3,2024,14,4.8,9,3.1,111,46.2,59,6.9,6.50,11.3,184.0,85.2,13,89,4.26,6.34,5.93,1,1,,2002,
29,Jim Miller,31,CHI,QB,10,8,2-6-0,180,314,57.3,1944,13,4.1,9,2.9,98,43.0,54,6.2,5.73,10.8,194.4,77.5,16,101,4.85,5.58,5.15,2,2,,2002,
30,Marc Bulger,25,STL,QB,7,7,6-1-0,138,214,64.5,1826,14,6.5,6,2.8,87,49.6,58,8.5,8.58,13.2,260.9,101.5,12,102,5.31,7.63,7.67,2,2,,2002,
31,Chad Hutchinson,25,DAL,QB,9,9,2-7-0,127,250,50.8,1555,7,2.8,8,3.2,65,33.1,58,6.2,5.34,12.2,172.8,66.3,34,265,11.97,4.54,3.77,1,1,,2002,
32,Patrick Ramsey,23,WAS,QB,9,5,2-3-0,117,227,51.5,1539,9,4.0,8,3.5,67,38.8,62,6.8,5.99,13.2,171.0,71.8,18,132,7.35,5.74,5.01,0,0,,2002,
33,Quincy Carter,25,DAL,QB,7,7,3-4-0,125,221,56.6,1465,7,3.2,8,3.6,67,38.8,80,6.6,5.63,11.7,209.3,72.3,19,130,7.92,5.56,4.65,2,2,,2002,
34,Kurt Warner,31,STL,QB,7,6,0-6-0,144,220,65.5,1431,3,1.4,11,5.0,68,46.9,43,6.5,4.53,9.9,204.4,67.4,21,130,8.71,5.40,3.59,0,0,,2002,
35,Shane Matthews,32,WAS,QB,8,7,3-4-0,124,237,52.3,1251,11,4.6,6,2.5,66,38.2,43,5.3,5.07,10.1,156.4,72.6,9,54,3.66,4.87,4.66,0,0,,2002,
Rk,Player,Age,Team,Pos,G,GS,QBrec,Cmp,Att,Cmp%,Yds,TD,TD%,Int,Int%,1D,Succ%,Lng,Y/A,AY/A,Y/C,Y/G,Rate,Sk,Yds,Sk%,NY/A,ANY/A,4QC,GWD,Awards,2002,
36,Jamie Martin,32,STL,QB,5,2,0-2-0,124,195,63.6,1216,7,3.6,10,5.1,68,44.9,33,6.2,4.65,9.8,243.2,71.7,10,77,4.88,5.56,4.04,0,0,,2002,
37,Trent Dilfer,30,SEA,QB,6,6,2-4-0,94,168,56.0,1182,4,2.4,6,3.6,51,40.6,83,7.0,5.90,12.6,197.0,71.1,7,36,4.00,6.55,5.46,0,0,,2002,
38,Kordell Stewart,30,PIT,QB,7,5,3-2-0,109,166,65.7,1155,6,3.6,6,3.6,60,50.9,64,7.0,6.05,10.6,165.0,82.8,7,46,4.05,6.41,5.54,1,1,,2002,
39,Ray Lucas,30,MIA,QB,7,6,2-4-0,92,160,57.5,1045,4,2.5,6,3.8,48,44.2,77,6.5,5.34,11.4,149.3,69.9,12,90,6.98,5.55,4.45,0,0,,2002,
40,Chris Redman,25,BAL,QB,6,6,3-3-0,97,182,53.3,1034,7,3.8,3,1.6,49,36.8,36,5.7,5.71,10.7,172.3,76.1,11,68,5.70,5.01,5.03,0,0,,2002,
41,Chris Chandler,37,CHI,QB,9,7,2-5-0,103,161,64.0,1023,4,2.5,4,2.5,44,39.1,76,6.4,5.73,9.9,113.7,79.8,23,144,12.50,4.78,4.23,0,0,,2002,
42,A.J. Feeley,25,PHI,QB,6,5,4-1-0,86,154,55.8,1011,6,3.9,5,3.2,43,38.5,53,6.6,5.88,11.8,168.5,75.4,7,48,4.35,5.98,5.33,0,0,,2002,
43,Steve Beuerlein,37,DEN,QB,8,3,1-2-0,68,117,58.1,925,6,5.1,5,4.3,43,41.9,52,7.9,7.01,13.6,115.6,82.7,12,78,9.30,6.57,5.75,0,0,,2002,
44,Mike McMahon,23,DET,QB,8,4,0-4-0,62,147,42.2,874,7,4.8,9,6.1,40,31.4,49,5.9,4.14,14.1,109.3,52.4,12,99,7.55,4.87,3.21,0,0,,2002,
45,Kelly Holcomb,29,CLE,QB,4,2,1-1-0,64,106,60.4,790,8,7.5,4,3.8,42,50.5,44,7.5,7.26,12.3,197.5,92.9,5,40,4.50,6.76,6.58,1,1,,2002,
46,Danny Wuerffel,28,WAS,QB,7,4,2-2-0,58,92,63.0,719,3,3.3,6,6.5,33,44.7,40,7.8,5.53,12.4,102.7,70.9,11,83,10.68,6.17,4.14,0,0,,2002,
47,Rob Johnson,29,TAM,QB,6,2,2-0-0,57,88,64.8,536,1,1.1,2,2.3,26,45.8,23,6.1,5.30,9.4,89.3,75.8,19,94,17.76,4.13,3.48,1,1,,2002,
48,Vinny Testaverde,39,NYJ,QB,5,4,1-3-0,54,83,65.1,499,3,3.6,3,3.6,23,46.7,35,6.0,5.11,9.2,99.8,78.3,9,62,9.78,4.75,3.93,1,0,,2002,
49,Doug Johnson,25,ATL,QB,6,1,1-0-0,37,57,64.9,448,2,3.5,3,5.3,24,46.7,63,7.9,6.19,12.1,74.7,78.7,3,11,5.00,7.28,5.70,1,2,,2002,
50,Gus Frerotte,31,CIN,QB,4,3,0-3-0,44,85,51.8,437,1,1.2,5,5.9,24,35.8,51,5.1,2.73,9.9,109.3,46.1,10,74,10.53,3.82,1.66,0,0,,2002,
51,Tim Rattay,25,SFO,QB,4,0,,26,43,60.5,232,2,4.7,0,0.0,11,39.6,27,5.4,6.33,8.9,58.0,90.5,5,26,10.42,4.29,5.13,0,0,,2002,
52,David Garrard,24,JAX,QB,4,1,0-1-0,23,46,50.0,231,1,2.2,2,4.3,16,41.5,22,5.0,3.50,10.0,57.8,53.8,7,40,13.21,3.60,2.28,0,0,,2002,
53,Koy Detmer,29,PHI,QB,14,1,1-0-0,19,28,67.9,224,2,7.1,0,0.0,10,48.3,37,8.0,9.43,11.8,16.0,115.8,1,8,3.45,7.45,8.83,0,0,,2002,
54,Henry Burris,27,CHI,QB,6,1,0-1-0,18,51,35.3,207,3,5.9,5,9.8,9,25.5,45,4.1,0.82,11.5,34.5,28.4,4,20,7.27,3.40,0.40,0,0,,2002,
55,Chris Weinke,30,CAR,QB,6,1,0-1-0,17,38,44.7,180,0,0.0,3,7.9,10,31.8,24,4.7,1.18,10.6,30.0,26.2,6,35,13.64,3.30,0.23,0,0,,2002,
56,Randy Fasani,24,CAR,QB,4,1,0-1-0,15,44,34.1,171,0,0.0,4,9.1,8,17.6,27,3.9,-0.20,11.4,42.8,8.8,7,60,13.73,2.18,-1.35,0,0,,2002,
57,Doug Pederson,34,GNB,QB,16,0,,19,28,67.9,134,1,3.6,0,0.0,7,44.8,20,4.8,5.50,7.1,8.4,90.5,1,8,3.45,4.34,5.03,0,0,,2002,
58,Akili Smith,27,CIN,QB,1,1,0-1-0,12,33,36.4,117,0,0.0,1,3.0,6,16.7,24,3.5,2.18,9.8,117.0,34.5,3,23,8.33,2.61,1.36,0,0,,2002,
59,Jake Delhomme,27,NOR,QB,4,0,,8,10,80.0,113,0,0.0,0,0.0,4,50.0,54,11.3,11.30,14.1,28.3,113.7,0,0,0.00,11.30,11.30,0,0,,2002,
60,Todd Bouman,30,MIN,QB,1,0,,3,6,50.0,85,0,0.0,0,0.0,2,37.5,48,14.2,14.17,28.3,85.0,95.8,2,22,25.00,7.88,7.88,0,0,,2002,
61,Shaun King,25,TAM,QB,3,1,0-1-0,10,27,37.0,80,0,0.0,1,3.7,4,25.0,20,3.0,1.30,8.0,26.7,30.0,1,5,3.57,2.68,1.07,0,1,,2002,
62,Todd Collins,31,KAN,QB,3,0,,5,6,83.3,73,1,16.7,0,0.0,3,83.3,29,12.2,15.50,14.6,24.3,156.9,0,0,0.00,12.17,15.50,0,0,,2002,
63,Josh McCown,23,ARI,QB,2,0,,7,18,38.9,66,0,0.0,2,11.1,3,21.7,26,3.7,-1.33,9.4,33.0,10.2,5,50,21.74,0.70,-3.22,0,0,,2002,
64,Doug Flutie,40,SDG,QB,1,0,,3,11,27.3,64,0,0.0,0,0.0,2,27.3,47,5.8,5.82,21.3,64.0,51.3,0,0,0.00,5.82,5.82,0,0,,2002,
65,Cory Sauter,28,CHI,QB,1,0,,6,9,66.7,59,0,0.0,0,0.0,3,38.5,31,6.6,6.56,9.8,59.0,85.0,4,20,30.77,3.00,3.00,0,0,,2002,
66,Brian Mitchell,34,PHI,RB,16,0,,1,1,100.0,57,1,100.0,0,0.0,1,100.0,57,57.0,77.00,57.0,3.6,158.3,0,0,0.00,57.00,77.00,0,0,,2002,
67,Antwaan Randle El,23,PIT,WR,16,0,,7,8,87.5,45,0,0.0,0,0.0,3,44.4,25,5.6,5.63,6.4,2.8,90.1,1,10,11.11,3.89,3.89,0,0,,2002,
68,Marty Booker,26,CHI,WR,16,16,,1,5,20.0,44,1,20.0,0,0.0,1,20.0,44,8.8,12.80,44.0,2.8,103.3,0,0,0.00,8.80,12.80,0,0,PB,2002,
69,Jabar Gaffney,22,HOU,WR,16,14,,1,1,100.0,39,1,100.0,0,0.0,1,100.0,39,39.0,59.00,39.0,2.4,158.3,0,0,0.00,39.00,59.00,0,0,,2002,
70,Kevin Johnson,26,CLE,WR,16,15,,1,2,50.0,33,1,50.0,0,0.0,1,50.0,33,16.5,26.50,33.0,2.1,135.4,0,0,0.00,16.50,26.50,0,0,,2002,
Rk,Player,Age,Team,Pos,G,GS,QBrec,Cmp,Att,Cmp%,Yds,TD,TD%,Int,Int%,1D,Succ%,Lng,Y/A,AY/A,Y/C,Y/G,Rate,Sk,Yds,Sk%,NY/A,ANY/A,4QC,GWD,Awards,2002,
71,Bubba Franks,24,GNB,TE,16,15,,1,1,100.0,31,1,100.0,0,0.0,1,100.0,31,31.0,51.00,31.0,1.9,158.3,0,0,0.00,31.00,51.00,0,0,PB,2002,
72,Jesse Palmer,24,NYG,QB,2,0,,3,4,75.0,30,0,0.0,0,0.0,2,75.0,14,7.5,7.50,10.0,15.0,95.8,0,0,0.00,7.50,7.50,0,0,,2002,
73,Leon Johnson,28,CHI,RB,16,4,,1,1,100.0,27,0,0.0,0,0.0,1,50.0,27,27.0,27.00,27.0,1.7,118.7,1,0,50.00,13.50,13.50,0,0,,2002,
74,Brian Westbrook,23,PHI,RB,15,3,,1,1,100.0,25,1,100.0,0,0.0,1,100.0,25,25.0,45.00,25.0,1.7,158.3,0,0,0.00,25.00,45.00,0,0,,2002,
75,Neil O'Donnell,36,TEN,QB,4,0,,3,5,60.0,24,0,0.0,0,0.0,2,40.0,15,4.8,4.80,8.0,6.0,72.1,0,0,0.00,4.80,4.80,0,0,,2002,
76,Reche Caldwell,23,SDG,WR,16,2,,1,1,100.0,20,0,0.0,0,0.0,1,100.0,20,20.0,20.00,20.0,1.3,118.7,0,0,0.00,20.00,20.00,0,0,,2002,
77,Craig Hentrich,31,TEN,P,16,0,,1,1,100.0,17,0,0.0,0,0.0,1,100.0,17,17.0,17.00,17.0,1.1,118.7,0,0,0.00,17.00,17.00,0,0,,2002,
78,Kevin Lockett,28,WAS,WR,6,2,,1,1,100.0,14,1,100.0,0,0.0,0,,14,14.0,34.00,14.0,2.3,158.3,0,0,0.00,14.00,34.00,0,0,,2002,
79,Randy Moss,25,MIN,WR,16,16,,1,3,33.3,13,1,33.3,0,0.0,1,66.7,13,4.3,11.00,13.0,0.8,87.5,0,0,0.00,4.33,11.00,0,0,PB,2002,
80,Frank Wycheck,31,TEN,TE,15,15,,1,2,50.0,13,0,0.0,0,0.0,1,50.0,13,6.5,6.50,13.0,0.9,70.8,0,0,0.00,6.50,6.50,0,0,,2002,
81,Brad Maynard,28,CHI,P,16,0,,1,1,100.0,12,1,100.0,0,0.0,1,100.0,12,12.0,32.00,12.0,0.8,156.2,0,0,0.00,12.00,32.00,0,0,,2002,
82,Scott Covington,26,STL,QB,1,1,1-0-0,2,5,40.0,7,0,0.0,0,0.0,0,,4,1.4,1.40,3.5,7.0,47.9,2,16,28.57,-1.29,-1.29,0,0,,2002,
83,James Allen,27,HOU,RB,16,5,,1,2,50.0,5,1,50.0,0,0.0,1,50.0,5,2.5,12.50,5.0,0.3,95.8,0,0,0.00,2.50,12.50,0,0,,2002,
84,Alex Van Pelt,32,BUF,QB,2,0,,2,2,100.0,5,0,0.0,0,0.0,0,,4,2.5,2.50,2.5,2.5,79.2,0,0,0.00,2.50,2.50,0,0,,2002,
85,Rohan Davey,24,NWE,QB,2,0,,1,2,50.0,3,0,0.0,0,0.0,0,,3,1.5,1.50,3.0,1.5,56.2,0,0,0.00,1.50,1.50,0,0,,2002,
86,Richie Anderson,31,NYJ,FB,16,14,,0,1,0.0,0,0,0.0,0,0.0,0,,,0.0,0.00,,0.0,39.6,0,0,0.00,0.00,0.00,0,0,,2002,
87,Dee Brown,24,CAR,RB,14,3,,0,1,0.0,0,0,0.0,1,100.0,0,,,0.0,-45.00,,0.0,0.0,0,0,0.00,0.00,-45.00,0,0,,2002,
88,Wayne Chrebet,29,NYJ,WR,15,15,,0,1,0.0,0,0,0.0,0,0.0,0,,,0.0,0.00,,0.0,39.6,0,0,0.00,0.00,0.00,0,0,,2002,
89,Chris Doering,29,WAS,WR,15,3,,0,1,0.0,0,0,0.0,0,0.0,0,,,0.0,0.00,,0.0,39.6,0,0,0.00,0.00,0.00,0,0,,2002,
90,Kevin Faulk,26,NWE,RB,15,0,,0,1,0.0,0,0,0.0,0,0.0,0,,,0.0,0.00,,0.0,39.6,0,0,0.00,0.00,0.00,0,0,,2002,
91,Rod Gardner,25,WAS,WR,16,15,,0,1,0.0,0,0,0.0,0,0.0,0,,,0.0,0.00,,0.0,39.6,0,0,0.00,0.00,0.00,0,0,,2002,
92,Todd Heap,22,BAL,TE,16,16,,0,1,0.0,0,0,0.0,0,0.0,0,,,0.0,0.00,,0.0,39.6,0,0,0.00,0.00,0.00,0,0,PB,2002,
93,Priest Holmes,29,KAN,RB,14,14,,0,1,0.0,0,0,0.0,0,0.0,0,,,0.0,0.00,,0.0,39.6,0,0,0.00,0.00,0.00,0,0,"PB,AP-1,AP MVP-4,AP OPoY-1",2002,
94,Frisman Jackson,23,CLE,WR,7,0,,0,1,0.0,0,0,0.0,0,0.0,0,,,0.0,0.00,,0.0,39.6,0,0,0.00,0.00,0.00,0,0,,2002,
95,Patrick Johnson,26,JAX,WR,9,6,,0,0,,0,0,,0,,0,,,,,,0.0,,1,7,100.00,-7.00,-7.00,0,0,,2002,
96,Terry Kirby,32,OAK,RB,6,0,,0,1,0.0,0,0,0.0,0,0.0,0,,,0.0,0.00,,0.0,39.6,0,0,0.00,0.00,0.00,0,0,,2002,
97,Dorsey Levens,32,PHI,RB,16,0,,0,2,0.0,0,0,0.0,0,0.0,0,,,0.0,0.00,,0.0,39.6,0,0,0.00,0.00,0.00,0,0,,2002,
98,Curtis Martin,29,NYJ,RB,16,16,,0,0,,0,0,,0,,0,,,,,,0.0,,1,4,100.00,-4.00,-4.00,0,0,,2002,
99,Deuce McAllister,24,NOR,RB,15,15,,0,0,,0,0,,0,,0,,,,,,0.0,,1,8,100.00,-8.00,-8.00,0,0,PB,2002,
100,Freddie Mitchell,24,PHI,WR,16,1,,0,1,0.0,0,0,0.0,0,0.0,0,,,0.0,0.00,,0.0,39.6,0,0,0.00,0.00,0.00,0,0,,2002,
101,Chris Mohr,36,ATL,P,16,0,,0,1,0.0,0,0,0.0,1,100.0,0,,,0.0,-45.00,,0.0,0.0,0,0,0.00,0.00,-45.00,0,0,,2002,
102,David Patten,28,NWE,WR,16,14,,0,1,0.0,0,0,0.0,0,0.0,0,,,0.0,0.00,,0.0,39.6,0,0,0.00,0.00,0.00,0,0,,2002,
103,Ricky Proehl,34,STL,WR,16,2,,0,1,0.0,0,0,0.0,0,0.0,0,,,0.0,0.00,,0.0,39.6,1,1,50.00,-0.50,-0.50,0,0,,2002,
104,Sage Rosenfels,24,MIA,QB,4,0,,0,3,0.0,0,0,0.0,0,0.0,0,,,0.0,0.00,,0.0,39.6,0,0,0.00,0.00,0.00,0,0,,2002,
105,Rod Smith,32,DEN,WR,16,16,,0,1,0.0,0,0,0.0,0,0.0,0,,,0.0,0.00,,0.0,39.6,0,0,0.00,0.00,0.00,0,0,,2002,
Rk,Player,Age,Team,Pos,G,GS,QBrec,Cmp,Att,Cmp%,Yds,TD,TD%,Int,Int%,1D,Succ%,Lng,Y/A,AY/A,Y/C,Y/G,Rate,Sk,Yds,Sk%,NY/A,ANY/A,4QC,GWD,Awards,2002,
106,James Stewart,31,DET,RB,14,9,,0,1,0.0,0,0,0.0,0,0.0,0,,,0.0,0.00,,0.0,39.6,0,0,0.00,0.00,0.00,0,0,,2002,
107,Tom Tupa,36,TAM,P,16,0,,0,1,0.0,0,0,0.0,1,100.0,0,,,0.0,-45.00,,0.0,0.0,0,0,0.00,0.00,-45.00,0,0,,2002,
108,Matt Turk,34,NYJ,P,16,0,,0,1,0.0,0,0,0.0,1,100.0,0,,,0.0,-45.00,,0.0,0.0,0,0,0.00,0.00,-45.00,0,0,,2002,
109,Brian Urlacher,24,CHI,MLB,16,16,,0,1,0.0,0,0,0.0,0,0.0,0,,,0.0,0.00,,0.0,39.6,0,0,0.00,0.00,0.00,0,0,"PB,AP-1",2002,
110,Michael Wiley,24,DAL,RB,16,1,,0,0,,0,0,,0,,0,,,,,,0.0,,1,4,100.00,-4.00,-4.00,0,0,,2002,
111,Dave Zastudil,24,BAL,P,16,0,,0,1,0.0,0,0,0.0,0,0.0,0,,,0.0,0.00,,0.0,39.6,0,0,0.00,0.00,0.00,0,0,,2002,
,League Average,,,,,,,,,59.6,,,4.0,,3.1,,44.0,,6.7,6.15,11.3,93.6,80.4,,,6.38,5.88,5.35,,,,2002,
1,Peyton Manning,27,IND,QB,16,16,12-4-0,379,566,67.0,4267,29,5.1,10,1.8,213,51.0,79,7.5,7.77,11.3,266.7,99.0,18,107,3.08,7.12,7.35,3,4,"PB,AP-1,AP MVP-1,AP OPoY-3",2003,
2,Trent Green,33,KAN,QB,16,16,13-3-0,330,523,63.1,4039,24,4.6,12,2.3,198,47.3,67,7.7,7.61,12.2,252.4,92.6,20,130,3.68,7.20,7.09,1,2,PB,2003,
3,Marc Bulger,26,STL,QB,15,15,12-3-0,336,532,63.2,3845,22,4.1,22,4.1,193,46.9,48,7.2,6.19,11.4,256.3,81.4,37,288,6.50,6.25,5.28,4,4,PB,2003,
4,Matt Hasselbeck,28,SEA,QB,16,16,10-6-0,313,513,61.0,3841,26,5.1,15,2.9,189,48.3,80,7.5,7.19,12.3,240.1,88.8,42,246,7.57,6.48,6.20,2,3,PB,2003,
5,Brad Johnson,35,TAM,QB,16,16,7-9-0,354,570,62.1,3811,26,4.6,21,3.7,188,45.8,76,6.7,5.94,10.8,238.2,81.5,20,111,3.39,6.27,5.55,0,0,,2003,
6,Tom Brady,26,NWE,QB,16,16,14-2-0,317,527,60.2,3620,23,4.4,12,2.3,175,43.1,82,6.9,6.72,11.4,226.3,85.9,32,219,5.72,6.08,5.94,3,5,AP MVP-3,2003,
7,Jon Kitna,31,CIN,QB,16,16,8-8-0,324,520,62.3,3591,26,5.0,15,2.9,184,46.7,82,6.9,6.61,11.1,224.4,87.4,37,249,6.64,6.00,5.72,3,3,AP CPoY-1,2003,
8,Aaron Brooks,27,NOR,QB,16,16,8-8-0,306,518,59.1,3546,24,4.6,8,1.5,174,44.0,76,6.8,7.08,11.6,221.6,88.8,34,195,6.16,6.07,6.29,2,3,,2003,
9,Daunte Culpepper,26,MIN,QB,14,14,7-7-0,295,454,65.0,3479,25,5.5,11,2.4,171,49.3,59,7.7,7.67,11.8,248.5,96.4,37,196,7.54,6.69,6.70,0,1,"PB,AP CPoY-8",2003,
10,Tommy Maddox,32,PIT,QB,16,16,6-10-0,298,519,57.4,3414,18,3.5,17,3.3,170,42.7,53,6.6,5.80,11.5,213.4,75.3,41,242,7.32,5.66,4.94,0,0,,2003,
11,Brett Favre,34,GNB,QB,16,16,10-6-0,308,471,65.4,3361,32,6.8,21,4.5,168,49.0,66,7.1,6.49,10.9,210.1,90.4,19,137,3.88,6.58,5.96,1,3,PB,2003,
12,Quincy Carter,26,DAL,QB,16,16,10-6-0,292,505,57.8,3302,17,3.4,21,4.2,148,39.1,64,6.5,5.34,11.3,206.4,71.4,37,185,6.83,5.75,4.63,2,2,AP CPoY-2,2003,100.0
13,Jake Delhomme,28,CAR,QB,16,15,10-5-0,266,449,59.2,3219,19,4.2,16,3.6,147,43.9,67,7.2,6.41,12.1,201.2,80.6,23,168,4.87,6.46,5.74,5,7,,2003,
14,Donovan McNabb,27,PHI,QB,16,16,12-4-0,275,478,57.5,3216,16,3.3,11,2.3,153,40.7,59,6.7,6.36,11.7,201.0,79.6,43,253,8.25,5.69,5.35,2,4,PB,2003,
15,Steve McNair,30,TEN,QB,14,14,10-4-0,250,400,62.5,3215,24,6.0,7,1.8,165,48.4,73,8.0,8.45,12.9,229.6,100.4,19,108,4.53,7.42,7.81,1,1,"PB,AP-2,AP MVP-1,AP OPoY-5",2003,
16,Kerry Collins,31,NYG,QB,13,13,4-9-0,284,500,56.8,3110,13,2.6,16,3.2,158,44.7,77,6.2,5.30,11.0,239.2,70.7,28,164,5.30,5.58,4.71,1,3,,2003,
17,Joey Harrington,25,DET,QB,16,16,5-11-0,309,554,55.8,2880,17,3.1,22,4.0,149,38.4,72,5.2,4.03,9.3,180.0,63.9,9,55,1.60,5.02,3.86,2,2,,2003,
18,Drew Bledsoe,31,BUF,QB,16,16,6-10-0,274,471,58.2,2860,11,2.3,12,2.5,141,40.0,54,6.1,5.39,10.4,178.8,73.0,49,371,9.42,4.79,4.17,1,1,,2003,
19,Byron Leftwich,23,JAX,QB,15,13,5-8-0,239,418,57.2,2819,14,3.3,16,3.8,134,43.5,84,6.7,5.69,11.8,187.9,73.0,19,90,4.35,6.24,5.24,1,2,,2003,
20,Jeff Garcia,33,SFO,QB,13,13,5-8-0,225,392,57.4,2704,18,4.6,13,3.3,130,43.6,75,6.9,6.32,12.0,208.0,80.1,21,104,5.08,6.30,5.75,1,1,,2003,
21,Jeff Blake,33,ARI,QB,13,13,3-10-0,208,367,56.7,2247,13,3.5,15,4.1,95,36.8,71,6.1,4.99,10.8,172.8,69.6,19,132,4.92,5.48,4.40,0,2,,2003,
22,Jake Plummer,29,DEN,QB,11,11,9-2-0,189,302,62.6,2182,15,5.0,7,2.3,115,49.4,60,7.2,7.18,11.5,198.4,91.2,14,73,4.43,6.67,6.63,1,1,AP CPoY-8,2003,
23,Patrick Ramsey,24,WAS,QB,11,11,4-7-0,179,337,53.1,2166,14,4.2,9,2.7,96,38.7,64,6.4,6.06,12.1,196.9,75.8,30,206,8.17,5.34,5.00,0,2,,2003,
24,Chad Pennington,27,NYJ,QB,10,9,4-5-0,189,297,63.6,2139,13,4.4,12,4.0,116,43.5,65,7.2,6.26,11.3,213.9,82.9,25,160,7.76,6.15,5.28,2,2,,2003,
25,Jay Fiedler,32,MIA,QB,12,11,7-4-0,179,314,57.0,2138,11,3.5,13,4.1,107,42.6,59,6.8,5.65,11.9,178.2,72.4,19,126,5.71,6.04,4.95,2,3,,2003,
26,Drew Brees,24,SDG,QB,11,11,2-9-0,205,356,57.6,2108,11,3.1,15,4.2,94,35.3,68,5.9,4.64,10.3,191.6,67.5,21,178,5.57,5.12,3.91,0,1,,2003,
27,David Carr,24,HOU,QB,12,11,3-8-0,167,295,56.6,2013,9,3.1,13,4.4,85,42.9,78,6.8,5.45,12.1,167.8,69.5,15,90,4.84,6.20,4.90,2,2,,2003,
28,Kelly Holcomb,30,CLE,QB,10,8,2-6-0,193,302,63.9,1797,10,3.3,12,4.0,99,44.6,68,6.0,4.82,9.3,179.7,74.6,21,166,6.50,5.05,4.00,1,1,,2003,
29,Doug Johnson,26,ATL,QB,10,8,1-7-0,136,243,56.0,1655,8,3.3,12,4.9,73,35.9,86,6.8,5.25,12.2,165.5,67.5,19,121,7.25,5.85,4.40,0,0,,2003,
30,Kordell Stewart,31,CHI,QB,9,7,2-5-0,126,251,50.2,1418,7,2.8,12,4.8,69,33.3,61,5.6,4.06,11.3,157.6,56.8,25,146,9.06,4.61,3.16,2,2,,2003,
31,Vinny Testaverde,40,NYJ,QB,7,7,2-5-0,123,198,62.1,1385,7,3.5,2,1.0,65,39.7,61,7.0,7.25,11.3,197.9,90.6,6,48,2.94,6.55,6.80,1,1,,2003,
32,Tim Couch,26,CLE,QB,10,8,3-5-0,120,203,59.1,1319,7,3.4,6,3.0,60,39.6,71,6.5,5.86,11.0,131.9,77.6,19,116,8.56,5.42,4.83,1,1,,2003,
33,Rich Gannon,38,OAK,QB,7,7,2-5-0,125,225,55.6,1274,6,2.7,4,1.8,53,38.0,46,5.7,5.40,10.2,182.0,73.5,17,90,7.02,4.89,4.64,1,2,,2003,
34,Rick Mirer,33,OAK,QB,9,8,2-6-0,116,221,52.5,1267,3,1.4,5,2.3,63,36.6,47,5.7,4.99,10.9,140.8,64.8,22,122,9.05,4.71,4.03,0,0,,2003,
35,Kyle Boller,22,BAL,QB,11,9,5-4-0,116,224,51.8,1260,7,3.1,9,4.0,62,34.9,73,5.6,4.44,10.9,114.5,62.4,17,92,7.05,4.85,3.75,0,0,,2003,
Rk,Player,Age,Team,Pos,G,GS,QBrec,Cmp,Att,Cmp%,Yds,TD,TD%,Int,Int%,1D,Succ%,Lng,Y/A,AY/A,Y/C,Y/G,Rate,Sk,Yds,Sk%,NY/A,ANY/A,4QC,GWD,Awards,2003,QBR
36,Anthony Wright,27,BAL,QB,7,7,5-2-0,94,178,52.8,1199,9,5.1,8,4.5,55,39.6,64,6.7,5.72,12.8,171.3,72.3,19,125,9.64,5.45,4.54,2,2,,2003,
37,Doug Flutie,41,SDG,QB,7,5,2-3-0,91,167,54.5,1097,9,5.4,4,2.4,50,40.0,73,6.6,6.57,12.1,156.7,82.8,8,27,4.57,6.11,6.11,0,0,,2003,
38,Chris Chandler,38,CHI,QB,8,6,3-3-0,107,192,55.7,1050,3,1.6,7,3.6,51,38.8,37,5.5,4.14,9.8,131.3,61.3,14,101,6.80,4.61,3.37,0,0,,2003,
39,Josh McCown,24,ARI,QB,8,3,1-2-0,95,166,57.2,1018,5,3.0,6,3.6,51,40.8,60,6.1,5.11,10.7,127.3,70.3,25,174,13.09,4.42,3.53,1,1,,2003,
40,Tim Hasselbeck,25,WAS,QB,7,5,1-4-0,95,177,53.7,1012,5,2.8,7,4.0,52,41.9,40,5.7,4.50,10.7,144.6,63.6,9,44,4.84,5.20,4.05,0,0,,2003,0.5
41,Tim Rattay,26,SFO,QB,11,3,2-1-0,73,118,61.9,856,7,5.9,2,1.7,41,40.8,61,7.3,7.68,11.7,77.8,96.6,7,54,5.60,6.42,6.82,0,0,,2003,
42,Brian Griese,28,MIA,QB,5,5,3-2-0,74,130,56.9,813,5,3.8,6,4.6,37,40.8,80,6.3,4.95,11.0,162.6,69.2,12,83,8.45,5.14,3.94,0,1,,2003,
43,Tony Banks,30,HOU,QB,7,3,2-1-0,61,102,59.8,693,5,4.9,3,2.9,34,42.6,46,6.8,6.45,11.4,99.0,84.3,13,57,11.30,5.53,5.23,1,1,,2003,
44,Gus Frerotte,32,MIN,QB,16,2,2-0-0,38,65,58.5,690,7,10.8,2,3.1,25,41.4,72,10.6,11.38,18.2,43.1,118.1,5,22,7.14,9.54,10.26,0,0,,2003,
45,Michael Vick,23,ATL,QB,5,4,3-1-0,50,100,50.0,585,4,4.0,3,3.0,32,37.6,49,5.9,5.30,11.7,117.0,69.0,9,64,8.26,4.78,4.28,1,0,,2003,
46,Billy Volek,27,TEN,QB,7,1,1-0-0,44,69,63.8,545,4,5.8,1,1.4,31,53.3,50,7.9,8.41,12.4,77.9,101.4,6,45,8.00,6.67,7.13,1,1,,2003,
47,Jesse Palmer,25,NYG,QB,6,3,0-3-0,60,116,51.7,532,3,2.6,4,3.4,26,31.8,40,4.6,3.55,8.9,88.7,58.5,16,95,12.12,3.31,2.40,0,0,,2003,
48,Mark Brunell,33,JAX,QB,3,3,0-3-0,54,82,65.9,484,2,2.4,0,0.0,22,39.6,65,5.9,6.39,9.0,161.3,89.7,9,46,9.89,4.81,5.25,0,0,,2003,
49,Danny Kanell,30,DEN,QB,5,2,0-2-0,53,103,51.5,442,2,1.9,5,4.9,26,34.3,26,4.3,2.50,8.3,88.4,49.1,2,24,1.90,3.98,2.22,0,0,,2003,
50,Rex Grossman,23,CHI,QB,3,3,2-1-0,38,72,52.8,437,2,2.8,1,1.4,22,36.8,59,6.1,6.00,11.5,145.7,74.8,4,41,5.26,5.21,5.14,0,1,,2003,
51,Kurt Kittner,23,ATL,QB,7,4,1-3-0,44,114,38.6,391,2,1.8,6,5.3,23,26.9,31,3.4,1.41,8.9,55.9,32.5,5,30,4.20,3.03,1.10,0,0,,2003,
52,Steve Beuerlein,38,DEN,QB,4,2,1-1-0,33,63,52.4,389,2,3.2,5,7.9,18,34.7,38,6.2,3.24,11.8,97.3,49.0,9,60,12.50,4.57,2.00,0,1,,2003,
53,Kurt Warner,32,STL,QB,2,1,0-1-0,38,65,58.5,365,1,1.5,1,1.5,15,32.4,37,5.6,5.23,9.6,182.5,72.9,6,38,8.45,4.61,4.25,0,0,,2003,
54,Marques Tuiasosopo,24,OAK,QB,4,1,0-1-0,25,45,55.6,324,0,0.0,3,6.7,14,51.1,35,7.2,4.20,13.0,81.0,50.6,2,14,4.26,6.60,3.72,0,0,,2003,
55,Neil O'Donnell,37,TEN,QB,1,1,1-0-0,18,27,66.7,232,2,7.4,1,3.7,13,63.0,34,8.6,8.41,12.9,232.0,102.7,0,0,0.00,8.59,8.41,0,0,,2003,
56,Travis Brown,26,BUF,QB,2,0,,14,18,77.8,160,0,0.0,1,5.6,7,63.2,28,8.9,6.39,11.4,80.0,80.6,1,7,5.26,8.05,5.68,0,0,,2003,
57,Dave Ragone,24,HOU,QB,2,2,0-2-0,20,40,50.0,135,0,0.0,1,2.5,8,22.9,24,3.4,2.25,6.8,67.5,47.4,8,39,16.67,2.00,1.06,0,0,,2003,
58,Shaun King,26,TAM,QB,3,0,,15,22,68.2,130,1,4.5,1,4.5,7,48.0,20,5.9,4.77,8.7,43.3,79.7,3,25,12.00,4.20,3.20,0,0,,2003,
59,Rob Johnson,30,2TM,QB,4,0,,11,20,55.0,93,0,0.0,1,5.0,5,29.2,15,4.7,2.40,8.5,23.3,46.5,4,21,16.67,3.00,1.13,0,0,,2003,
59,Rob Johnson,30,WAS,QB,2,0,,5,7,71.4,39,0,0.0,0,0.0,2,30.0,14,5.6,5.57,7.8,19.5,84.8,3,15,30.00,2.40,2.40,0,0,,2003,
59,Rob Johnson,30,OAK,QB,2,0,,6,13,46.2,54,0,0.0,1,7.7,3,28.6,15,4.2,0.69,9.0,27.0,25.8,1,6,7.14,3.43,0.21,0,0,,2003,
60,Mike McMahon,24,DET,QB,3,0,,9,31,29.0,87,0,0.0,2,6.5,4,24.2,26,2.8,-0.10,9.7,29.0,12.7,2,9,6.06,2.36,-0.36,0,0,,2003,
61,David Garrard,25,JAX,QB,2,0,,9,12,75.0,86,1,8.3,0,0.0,5,66.7,28,7.2,8.83,9.6,43.0,122.2,0,0,0.00,7.17,8.83,0,0,,2003,
62,Todd Bouman,31,NOR,QB,4,0,,7,13,53.8,81,1,7.7,0,0.0,4,40.0,19,6.2,7.77,11.6,20.3,98.6,2,8,13.33,4.87,6.20,0,0,,2003,
63,Josh Miller,33,PIT,P,16,0,,1,1,100.0,81,1,100.0,0,0.0,1,100.0,81,81.0,101.00,81.0,5.1,158.3,0,0,0.00,81.00,101.00,0,0,,2003,
64,Todd Collins,32,KAN,QB,5,0,,9,12,75.0,74,0,0.0,0,0.0,3,41.7,20,6.2,6.17,8.2,14.8,90.3,0,0,0.00,6.17,6.17,0,0,,2003,
65,Rod Smith,33,DEN,WR,15,15,,1,1,100.0,72,0,0.0,0,0.0,1,100.0,72,72.0,72.00,72.0,4.8,118.7,0,0,0.00,72.00,72.00,0,0,,2003,
66,Tee Martin,25,OAK,QB,2,0,,6,16,37.5,69,0,0.0,1,6.3,5,29.4,17,4.3,1.50,11.5,34.5,25.3,1,5,5.88,3.76,1.12,0,0,,2003,
67,Isaac Bruce,31,STL,WR,15,15,,2,2,100.0,66,0,0.0,0,0.0,2,100.0,41,33.0,33.00,33.0,4.4,118.7,0,0,0.00,33.00,33.00,0,0,,2003,
68,Chris Redman,26,BAL,QB,2,0,,7,13,53.8,58,0,0.0,2,15.4,4,36.8,16,4.5,-2.46,8.3,29.0,26.0,6,45,31.58,0.68,-4.05,0,0,,2003,
Rk,Player,Age,Team,Pos,G,GS,QBrec,Cmp,Att,Cmp%,Yds,TD,TD%,Int,Int%,1D,Succ%,Lng,Y/A,AY/A,Y/C,Y/G,Rate,Sk,Yds,Sk%,NY/A,ANY/A,4QC,GWD,Awards,2003,QBR
69,Sage Rosenfels,25,MIA,QB,2,0,,4,6,66.7,50,1,16.7,0,0.0,2,33.3,21,8.3,11.67,12.5,25.0,131.9,0,0,0.00,8.33,11.67,0,0,,2003,
70,Alex Van Pelt,33,BUF,QB,6,0,,5,12,41.7,49,0,0.0,3,25.0,1,23.1,14,4.1,-7.17,9.8,8.2,14.2,1,7,7.69,3.23,-7.15,0,0,,2003,
71,Charlie Batch,29,PIT,QB,4,0,,4,8,50.0,47,0,0.0,0,0.0,2,33.3,22,5.9,5.88,11.8,11.8,68.2,1,2,11.11,5.00,5.00,0,0,,2003,
72,Rod Gardner,26,WAS,WR,16,16,,2,3,66.7,46,2,66.7,0,0.0,2,66.7,36,15.3,28.67,23.0,2.9,149.3,0,0,0.00,15.33,28.67,0,0,,2003,
73,Jarious Jackson,26,DEN,QB,1,1,0-1-0,4,9,44.4,41,0,0.0,1,11.1,3,33.3,16,4.6,-0.44,10.3,41.0,18.5,0,0,0.00,4.56,-0.44,0,0,,2003,
74,Aveion Cason,24,DAL,RB,10,0,,1,1,100.0,37,0,0.0,0,0.0,1,100.0,37,37.0,37.00,37.0,3.7,118.7,0,0,0.00,37.00,37.00,0,0,,2003,
75,Koy Detmer,30,PHI,QB,16,0,,3,5,60.0,32,0,0.0,0,0.0,3,60.0,15,6.4,6.40,10.7,2.0,78.7,0,0,0.00,6.40,6.40,0,0,,2003,
76,LaBrandon Toefield,23,JAX,RB,16,0,,1,2,50.0,32,0,0.0,0,0.0,1,50.0,32,16.0,16.00,32.0,2.0,95.8,0,0,0.00,16.00,16.00,0,0,,2003,
77,Rohan Davey,25,NWE,QB,1,0,,3,7,42.9,31,0,0.0,0,0.0,2,42.9,16,4.4,4.43,10.3,31.0,56.2,0,0,0.00,4.43,4.43,0,0,,2003,
78,Trent Dilfer,31,SEA,QB,5,0,,4,8,50.0,31,1,12.5,1,12.5,3,33.3,14,3.9,0.75,7.8,6.2,59.9,1,8,11.11,2.56,-0.22,0,0,,2003,
79,Craig Hentrich,32,TEN,P,16,0,,2,5,40.0,25,0,0.0,0,0.0,2,40.0,15,5.0,5.00,12.5,1.6,56.2,0,0,0.00,5.00,5.00,0,0,PB,2003,
80,Freddie Mitchell,25,PHI,WR,16,6,,1,1,100.0,25,1,100.0,0,0.0,1,100.0,25,25.0,45.00,25.0,1.6,158.3,0,0,0.00,25.00,45.00,0,0,,2003,
81,Brock Huard,27,IND,QB,2,0,,2,3,66.7,22,0,0.0,0,0.0,2,50.0,13,7.3,7.33,11.0,11.0,88.2,1,3,25.00,4.75,4.75,0,0,,2003,
82,Az-Zahir Hakim,26,DET,WR,14,12,,1,1,100.0,21,0,0.0,0,0.0,1,100.0,21,21.0,21.00,21.0,1.5,118.7,0,0,0.00,21.00,21.00,0,0,,2003,
83,LaDainian Tomlinson,24,SDG,RB,16,16,,1,1,100.0,21,1,100.0,0,0.0,1,100.0,21,21.0,41.00,21.0,1.3,158.3,0,0,0.00,21.00,41.00,0,0,"AP-2,AP OPoY-2",2003,
84,Rodney Peete,37,CAR,QB,1,1,1-0-0,4,10,40.0,19,0,0.0,0,0.0,0,,8,1.9,1.90,4.8,19.0,47.9,3,20,23.08,-0.08,-0.08,0,0,,2003,
85,Doug Pederson,35,GNB,QB,16,0,,2,2,100.0,16,0,0.0,0,0.0,0,,14,8.0,8.00,8.0,1.0,100.0,0,0,0.00,8.00,8.00,0,0,,2003,
86,Drew Bennett,25,TEN,WR,12,8,,1,1,100.0,14,0,0.0,0,0.0,1,100.0,14,14.0,14.00,14.0,1.2,118.7,0,0,0.00,14.00,14.00,0,0,,2003,
87,Joe Horn,31,NOR,WR,15,14,,1,1,100.0,14,0,0.0,0,0.0,1,100.0,14,14.0,14.00,14.0,0.9,118.7,0,0,0.00,14.00,14.00,0,0,,2003,
88,Dane Looker,27,STL,WR,16,2,,1,1,100.0,11,0,0.0,0,0.0,1,100.0,11,11.0,11.00,11.0,0.7,112.5,0,0,0.00,11.00,11.00,0,0,,2003,
89,Chad Hutchinson,26,DAL,QB,1,0,,1,2,50.0,8,0,0.0,0,0.0,0,,8,4.0,4.00,8.0,8.0,60.4,0,0,0.00,4.00,4.00,0,0,,2003,
90,Gibran Hamdan,22,WAS,QB,1,0,,1,2,50.0,7,0,0.0,0,0.0,0,,7,3.5,3.50,7.0,7.0,58.3,1,2,33.33,1.67,1.67,0,0,,2003,
91,Antwaan Randle El,24,PIT,WR,16,1,,3,4,75.0,6,0,0.0,0,0.0,0,50.0,9,1.5,1.50,2.0,0.4,77.1,0,0,0.00,1.50,1.50,0,0,,2003,
92,Cedrick Wilson,25,SFO,WR,16,4,,1,1,100.0,6,0,0.0,0,0.0,0,100.0,6,6.0,6.00,6.0,0.4,91.7,0,0,0.00,6.00,6.00,0,0,,2003,
93,Bryan Barker,39,WAS,P,16,0,,1,1,100.0,3,0,0.0,0,0.0,1,100.0,3,3.0,3.00,3.0,0.2,79.2,0,0,0.00,3.00,3.00,0,0,,2003,
94,Richie Anderson,32,DAL,FB,15,8,,0,1,0.0,0,0,0.0,0,0.0,0,,,0.0,0.00,,0.0,39.6,0,0,0.00,0.00,0.00,0,0,,2003,
95,Darren Bennett,38,SDG,P,16,0,,0,1,0.0,0,0,0.0,0,0.0,0,,,0.0,0.00,,0.0,39.6,0,0,0.00,0.00,0.00,0,0,,2003,
96,Mitch Berger,31,NOR,P,16,0,,0,1,0.0,0,0,0.0,0,0.0,0,,,0.0,0.00,,0.0,39.6,0,0,0.00,0.00,0.00,0,0,,2003,
97,Anquan Boldin,23,ARI,WR,16,16,,0,1,0.0,0,0,0.0,1,100.0,0,,,0.0,-45.00,,0.0,0.0,0,0,0.00,0.00,-45.00,0,0,"PB,AP ORoY-1",2003,
98,Brant Boyer,32,CLE,RLB,15,7,,0,1,0.0,0,0,0.0,0,0.0,0,,,0.0,0.00,,0.0,39.6,0,0,0.00,0.00,0.00,0,0,,2003,
99,Woodrow Dantzler,24,ATL,RB,9,0,,0,1,0.0,0,0,0.0,0,0.0,0,,,0.0,0.00,,0.0,39.6,1,5,50.00,-2.50,-2.50,0,0,,2003,
100,T.J. Duckett,22,ATL,RB,16,10,,0,1,0.0,0,0,0.0,0,0.0,0,,,0.0,0.00,,0.0,39.6,0,0,0.00,0.00,0.00,0,0,,2003,
101,Warrick Dunn,28,ATL,RB,11,6,,0,0,,0,0,,0,,0,,,,,,0.0,,1,3,100.00,-3.00,-3.00,0,0,,2003,
102,Kevin Faulk,27,NWE,RB,15,8,,0,1,0.0,0,0,0.0,0,0.0,0,,,0.0,0.00,,0.0,39.6,0,0,0.00,0.00,0.00,0,0,,2003,
103,Jabar Gaffney,23,HOU,WR,16,11,,0,1,0.0,0,0,0.0,0,0.0,0,,,0.0,0.00,,0.0,39.6,0,0,0.00,0.00,0.00,0,0,,2003,
Rk,Player,Age,Team,Pos,G,GS,QBrec,Cmp,Att,Cmp%,Yds,TD,TD%,Int,Int%,1D,Succ%,Lng,Y/A,AY/A,Y/C,Y/G,Rate,Sk,Yds,Sk%,NY/A,ANY/A,4QC,GWD,Awards,2003,QBR
104,David Givens,23,NWE,WR,13,5,,0,1,0.0,0,0,0.0,1,100.0,0,,,0.0,-45.00,,0.0,0.0,0,0,0.00,0.00,-45.00,0,0,,2003,
105,Terry Glenn,29,DAL,WR,16,14,,0,1,0.0,0,0,0.0,0,0.0,0,,,0.0,0.00,,0.0,39.6,0,0,0.00,0.00,0.00,0,0,,2003,
106,Dante Hall,25,KAN,WR,16,2,,0,0,,0,0,,0,,0,,,,,,0.0,,1,2,100.00,-2.00,-2.00,0,0,"PB,AP-1",2003,
107,Nick Harris,25,DET,P,11,0,,0,1,0.0,0,0,0.0,0,0.0,0,,,0.0,0.00,,0.0,39.6,0,0,0.00,0.00,0.00,0,0,,2003,
108,Travis Henry,25,BUF,RB,15,15,,0,1,0.0,0,0,0.0,1,100.0,0,,,0.0,-45.00,,0.0,0.0,0,0,0.00,0.00,-45.00,0,0,,2003,
109,Priest Holmes,30,KAN,RB,16,16,,0,1,0.0,0,0,0.0,0,0.0,0,,,0.0,0.00,,0.0,39.6,0,0,0.00,0.00,0.00,0,0,"PB,AP-1,AP MVP-5,AP OPoY-4,AP CPoY-11",2003,
110,Damon Huard,30,NWE,QB,2,0,,0,1,0.0,0,0,0.0,0,0.0,0,,,0.0,0.00,,0.0,39.6,0,0,0.00,0.00,0.00,0,0,,2003,
111,Frisman Jackson,24,CLE,WR,5,0,,0,1,0.0,0,0,0.0,0,0.0,0,,,0.0,0.00,,0.0,39.6,0,0,0.00,0.00,0.00,0,0,,2003,
112,Kevin Johnson,27,CLE,WR,9,8,,0,1,0.0,0,0,0.0,0,0.0,0,,,0.0,0.00,,0.0,39.6,0,0,0.00,0.00,0.00,0,0,,2003,
113,Micah Knorr,28,DEN,P,16,0,,0,1,0.0,0,0,0.0,0,0.0,0,,,0.0,0.00,,0.0,39.6,0,0,0.00,0.00,0.00,0,0,,2003,
114,Stacey Mack,28,HOU,RB,8,5,,0,1,0.0,0,0,0.0,1,100.0,0,,,0.0,-45.00,,0.0,0.0,0,0,0.00,0.00,-45.00,0,0,,2003,
115,Deuce McAllister,25,NOR,RB,16,16,,0,2,0.0,0,0,0.0,0,0.0,0,,,0.0,0.00,,0.0,39.6,0,0,0.00,0.00,0.00,0,0,"PB,AP OPoY-6",2003,
116,Chris Mohr,37,ATL,P,16,0,,0,1,0.0,0,0,0.0,0,0.0,0,,,0.0,0.00,,0.0,39.6,0,0,0.00,0.00,0.00,0,0,,2003,
117,Randy Moss,26,MIN,WR,16,16,,0,1,0.0,0,0,0.0,0,0.0,0,,,0.0,0.00,,0.0,39.6,0,0,0.00,0.00,0.00,0,0,"PB,AP-1",2003,
118,Dennis Northcutt,26,CLE,WR,15,6,,0,1,0.0,0,0,0.0,0,0.0,0,,,0.0,0.00,,0.0,39.6,0,0,0.00,0.00,0.00,0,0,,2003,
119,Jerry Rice,41,OAK,WR,16,15,,0,1,0.0,0,0,0.0,0,0.0,0,,,0.0,0.00,,0.0,39.6,0,0,0.00,0.00,0.00,0,0,,2003,
120,Mark Royals,38,JAX,P,11,0,,0,1,0.0,0,0,0.0,1,100.0,0,,,0.0,-45.00,,0.0,0.0,0,0,0.00,0.00,-45.00,0,0,,2003,
121,Todd Sauerbrun,30,CAR,P,16,0,,0,1,0.0,0,0,0.0,0,0.0,0,,,0.0,0.00,,0.0,39.6,0,0,0.00,0.00,0.00,0,0,"PB,AP-2",2003,
122,Bill Schroeder,32,DET,WR,16,13,,0,1,0.0,0,0,0.0,0,0.0,0,,,0.0,0.00,,0.0,39.6,0,0,0.00,0.00,0.00,0,0,,2003,
123,Dan Stryzinski,38,NYJ,P,16,0,,0,1,0.0,0,0,0.0,0,0.0,0,,,0.0,0.00,,0.0,39.6,0,0,0.00,0.00,0.00,0,0,,2003,
,League Average,,,,,,,,,58.8,,,4.0,,3.3,,42.5,,6.6,5.96,11.3,82.9,78.3,,,6.21,5.84,5.20,,,,2003,
1,Daunte Culpepper,27,MIN,QB,16,16,8-8-0,379,548,69.2,4717,39,7.1,11,2.0,224,53.5,82,8.6,9.13,12.4,294.8,110.9,46,238,7.74,7.54,8.02,1,3,"PB,AP OPoY-2",2004,
2,Trent Green,34,KAN,QB,16,16,7-9-0,369,556,66.4,4591,27,4.9,17,3.1,230,50.7,70,8.3,7.85,12.4,286.9,95.2,32,227,5.44,7.42,7.04,3,3,,2004,
3,Peyton Manning,28,IND,QB,16,16,12-4-0,336,497,67.6,4557,49,9.9,10,2.0,233,57.1,80,9.2,10.24,13.6,284.8,121.1,13,101,2.55,8.74,9.78,2,4,"PB,AP-1,AP MVP-1,AP OPoY-1",2004,
4,Jake Plummer,30,DEN,QB,16,16,10-6-0,303,521,58.2,4089,27,5.2,20,3.8,185,47.6,85,7.8,7.16,13.5,255.6,84.5,15,90,2.80,7.46,6.79,1,4,,2004,
5,Brett Favre,35,GNB,QB,16,16,10-6-0,346,540,64.1,4088,30,5.6,17,3.1,205,50.2,79,7.6,7.26,11.8,255.5,92.4,12,93,2.17,7.24,6.94,3,4,,2004,
6,Marc Bulger,27,STL,QB,14,14,8-6-0,321,485,66.2,3964,21,4.3,14,2.9,181,47.1,56,8.2,7.74,12.3,283.1,93.7,41,302,7.79,6.96,6.56,3,4,,2004,
7,Jake Delhomme,29,CAR,QB,16,16,7-9-0,310,533,58.2,3886,29,5.4,15,2.8,193,45.4,63,7.3,7.11,12.5,242.9,87.3,33,246,5.83,6.43,6.26,2,3,,2004,
8,Donovan McNabb,28,PHI,QB,15,15,13-2-0,300,469,64.0,3875,31,6.6,8,1.7,174,49.5,80,8.3,8.82,12.9,258.3,104.7,32,192,6.39,7.35,7.87,2,2,PB,2004,
9,Aaron Brooks,28,NOR,QB,16,16,8-8-0,309,542,57.0,3810,21,3.9,16,3.0,179,39.6,57,7.0,6.48,12.3,238.1,79.5,41,223,7.03,6.15,5.64,3,5,,2004,
10,Tom Brady,27,NWE,QB,16,16,14-2-0,288,474,60.8,3692,28,5.9,14,3.0,187,48.0,50,7.8,7.64,12.8,230.8,92.6,26,162,5.20,7.06,6.92,0,1,PB,2004,
11,Vinny Testaverde,41,DAL,QB,16,15,5-10-0,297,495,60.0,3532,17,3.4,20,4.0,163,45.7,53,7.1,6.00,11.9,220.8,76.4,34,182,6.43,6.33,5.27,2,3,,2004,
12,David Carr,25,HOU,QB,16,16,7-9-0,285,466,61.2,3531,16,3.4,14,3.0,172,45.6,69,7.6,6.91,12.4,220.7,83.5,49,301,9.51,6.27,5.67,1,1,,2004,
13,Kerry Collins,32,OAK,QB,14,13,3-10-0,289,513,56.3,3495,21,4.1,20,3.9,155,41.8,63,6.8,5.88,12.1,249.6,74.8,25,144,4.65,6.23,5.34,1,2,,2004,
14,Matt Hasselbeck,29,SEA,QB,14,14,7-7-0,279,474,58.9,3382,22,4.6,15,3.2,176,47.0,60,7.1,6.64,12.1,241.6,83.1,30,155,5.95,6.40,5.94,0,0,,2004,
15,Drew Brees,25,SDG,QB,15,15,11-4-0,262,400,65.5,3159,27,6.8,7,1.8,142,48.3,79,7.9,8.46,12.1,210.6,104.8,18,131,4.31,7.24,7.78,1,2,"PB,AP OPoY-5,AP CPoY-1",2004,
16,Joey Harrington,26,DET,QB,16,16,6-10-0,274,489,56.0,3047,19,3.9,12,2.5,141,39.6,62,6.2,5.90,11.1,190.4,77.5,36,196,6.86,5.43,5.13,1,1,,2004,
17,Byron Leftwich,24,JAX,QB,14,14,8-6-0,267,441,60.5,2941,15,3.4,10,2.3,141,42.9,65,6.7,6.33,11.0,210.1,82.2,25,114,5.36,6.07,5.74,4,4,,2004,
18,Drew Bledsoe,32,BUF,QB,16,16,9-7-0,256,450,56.9,2932,20,4.4,16,3.6,143,41.9,69,6.5,5.80,11.5,183.3,76.6,37,215,7.60,5.58,4.92,0,0,,2004,
19,Carson Palmer,25,CIN,QB,13,13,6-7-0,263,432,60.9,2897,18,4.2,18,4.2,140,43.1,76,6.7,5.66,11.0,222.8,77.3,25,178,5.47,5.95,4.96,2,3,,2004,
20,Chad Pennington,28,NYJ,QB,13,13,8-5-0,242,370,65.4,2673,16,4.3,9,2.4,137,49.7,48,7.2,6.99,11.0,205.6,91.0,18,103,4.64,6.62,6.40,2,2,,2004,
21,Brian Griese,29,TAM,QB,11,10,4-6-0,233,336,69.3,2632,20,6.0,12,3.6,126,52.2,68,7.8,7.42,11.3,239.3,97.5,26,169,7.18,6.80,6.42,1,1,AP CPoY-7,2004,
22,Ben Roethlisberger,22,PIT,QB,14,13,13-0-0,196,295,66.4,2621,17,5.8,11,3.7,130,49.8,58,8.9,8.36,13.4,187.2,98.1,30,213,9.23,7.41,6.93,4,5,AP ORoY-1,2004,
23,Kyle Boller,23,BAL,QB,16,16,9-7-0,258,464,55.6,2559,13,2.8,11,2.4,135,37.9,57,5.5,5.01,9.9,159.9,70.9,35,247,7.01,4.63,4.16,2,2,,2004,
24,Josh McCown,25,ARI,QB,14,13,6-7-0,233,408,57.1,2511,11,2.7,10,2.5,122,40.8,48,6.2,5.59,10.8,179.4,74.1,31,263,7.06,5.12,4.60,2,2,,2004,
25,Billy Volek,28,TEN,QB,10,8,2-6-0,218,357,61.1,2486,18,5.0,10,2.8,120,43.2,48,7.0,6.71,11.4,248.6,87.1,30,216,7.75,5.87,5.63,0,0,,2004,
26,Michael Vick,24,ATL,QB,15,15,11-4-0,181,321,56.4,2313,14,4.4,12,3.7,102,38.7,62,7.2,6.40,12.8,154.2,78.1,46,266,12.53,5.58,4.87,3,4,"PB,AP MVP-2,AP OPoY-5,AP CPoY-6",2004,
27,Tim Rattay,27,SFO,QB,9,9,1-8-0,198,325,60.9,2169,10,3.1,10,3.1,109,44.8,65,6.7,5.90,11.0,241.0,78.1,37,211,10.22,5.41,4.72,1,1,,2004,
28,Kurt Warner,33,NYG,QB,10,9,5-4-0,174,277,62.8,2054,6,2.2,4,1.4,94,44.6,62,7.4,7.20,11.8,205.4,86.5,39,196,12.34,5.88,5.69,0,1,,2004,
29,A.J. Feeley,27,MIA,QB,11,8,3-5-0,191,356,53.7,1893,11,3.1,15,4.2,102,37.7,38,5.3,4.04,9.9,172.1,61.7,23,136,6.07,4.64,3.44,2,3,,2004,
30,Jeff Garcia,34,CLE,QB,11,10,3-7-0,144,252,57.1,1731,10,4.0,9,3.6,71,36.6,99,6.9,6.06,12.0,157.4,76.7,24,99,8.70,5.91,5.17,1,1,,2004,
31,Patrick Ramsey,25,WAS,QB,9,7,3-4-0,169,272,62.1,1665,10,3.7,11,4.0,89,42.7,51,6.1,5.04,9.9,185.0,74.8,23,137,7.80,5.18,4.18,0,0,,2004,
32,Steve McNair,31,TEN,QB,8,8,3-5-0,129,215,60.0,1343,8,3.7,9,4.2,76,49.1,37,6.2,5.11,10.4,167.9,73.1,13,95,5.70,5.47,4.40,1,1,,2004,
33,Ken Dorsey,23,SFO,QB,8,7,1-6-0,123,226,54.4,1231,6,2.7,9,4.0,60,38.5,59,5.4,4.19,10.0,153.9,62.4,13,94,5.44,4.76,3.56,0,1,,2004,
34,Mark Brunell,34,WAS,QB,9,9,3-6-0,118,237,49.8,1194,7,3.0,6,2.5,68,36.9,49,5.0,4.49,10.1,132.7,63.9,15,105,5.95,4.32,3.81,0,1,,2004,
35,Jay Fiedler,33,MIA,QB,8,7,1-6-0,101,190,53.2,1186,7,3.7,8,4.2,55,33.5,71,6.2,5.08,11.7,148.3,67.1,25,165,11.63,4.75,3.73,0,0,,2004,
Rk,Player,Age,Team,Pos,G,GS,QBrec,Cmp,Att,Cmp%,Yds,TD,TD%,Int,Int%,1D,Succ%,Lng,Y/A,AY/A,Y/C,Y/G,Rate,Sk,Yds,Sk%,NY/A,ANY/A,4QC,GWD,Awards,2004,
36,Eli Manning,23,NYG,QB,9,7,1-6-0,95,197,48.2,1043,6,3.0,9,4.6,50,36.2,52,5.3,3.85,11.0,115.9,55.4,13,83,6.19,4.57,3.21,1,1,,2004,
37,Chad Hutchinson,27,CHI,QB,5,5,1-4-0,92,161,57.1,903,4,2.5,3,1.9,43,34.8,63,5.6,5.27,9.8,180.6,73.6,23,160,12.50,4.04,3.74,0,0,,2004,
38,Kelly Holcomb,31,CLE,QB,4,2,1-1-0,59,87,67.8,737,7,8.0,5,5.7,35,50.0,55,8.5,7.49,12.5,184.3,96.8,5,31,5.43,7.67,6.75,0,0,,2004,
39,Craig Krenzel,23,CHI,QB,6,5,3-2-0,59,127,46.5,718,3,2.4,6,4.7,31,25.3,49,5.7,4.00,12.2,119.7,52.5,23,158,15.33,3.73,2.33,1,1,,2004,
40,Brad Johnson,36,TAM,QB,4,4,0-4-0,65,103,63.1,674,3,2.9,3,2.9,28,39.6,54,6.5,5.82,10.4,168.5,79.5,8,55,7.21,5.58,4.90,0,0,,2004,
41,Jon Kitna,32,CIN,QB,4,3,2-1-0,61,104,58.7,623,5,4.8,4,3.8,32,43.6,30,6.0,5.22,10.2,155.8,75.9,6,41,5.45,5.29,4.56,1,1,,2004,
42,Luke McCown,23,CLE,QB,5,4,0-4-0,48,98,49.0,608,4,4.1,7,7.1,19,29.1,58,6.2,3.81,12.7,121.6,52.6,12,122,10.91,4.42,2.28,0,0,,2004,
43,Rex Grossman,24,CHI,QB,3,3,1-2-0,47,84,56.0,607,1,1.2,3,3.6,29,44.9,40,7.2,5.86,12.9,202.3,67.9,5,22,5.62,6.57,5.28,0,0,,2004,
44,Rich Gannon,39,OAK,QB,3,3,2-1-0,41,68,60.3,524,3,4.4,2,2.9,23,46.6,58,7.7,7.26,12.8,174.7,86.9,5,17,6.85,6.95,6.53,0,0,,2004,
45,Shaun King,27,ARI,QB,3,2,0-2-0,47,84,56.0,502,1,1.2,4,4.8,26,41.1,40,6.0,4.07,10.7,167.3,57.7,6,42,6.67,5.11,3.33,0,0,,2004,
46,Quincy Carter,27,NYJ,QB,7,3,2-1-0,35,58,60.3,498,3,5.2,1,1.7,25,40.0,69,8.6,8.84,14.2,71.1,98.2,12,70,17.14,6.11,6.33,1,1,,2004,
47,Chris Simms,24,TAM,QB,5,2,1-1-0,42,73,57.5,467,1,1.4,3,4.1,21,41.0,75,6.4,4.82,11.1,93.4,64.1,10,75,12.05,4.72,3.34,0,0,,2004,
48,Chris Chandler,39,STL,QB,5,2,0-2-0,35,62,56.5,463,2,3.2,8,12.9,15,42.0,75,7.5,2.31,13.2,92.6,51.4,7,54,10.14,5.93,1.29,0,0,,2004,
49,Jonathan Quinn,29,CHI,QB,5,3,0-3-0,51,98,52.0,413,1,1.0,3,3.1,18,26.5,32,4.2,3.04,8.1,82.6,53.7,15,109,13.27,2.69,1.67,0,0,,2004,
50,David Garrard,26,JAX,QB,4,2,1-1-0,38,72,52.8,374,2,2.8,1,1.4,21,35.9,36,5.2,5.13,9.8,93.5,71.2,6,35,7.69,4.35,4.28,0,1,,2004,
51,Trent Dilfer,32,SEA,QB,5,2,2-0-0,25,58,43.1,333,1,1.7,3,5.2,12,27.4,56,5.7,3.76,13.3,66.6,46.1,4,21,6.45,5.03,3.18,0,0,,2004,
52,Matt Schaub,23,ATL,QB,6,1,0-1-0,33,70,47.1,330,1,1.4,4,5.7,15,33.8,59,4.7,2.43,10.0,55.0,42.0,4,14,5.41,4.27,2.11,0,0,,2004,
53,Tommy Maddox,33,PIT,QB,4,3,2-1-0,30,60,50.0,329,1,1.7,2,3.3,15,34.8,39,5.5,4.32,11.0,82.3,58.3,6,37,9.09,4.42,3.36,0,1,,2004,
54,Craig Nall,25,GNB,QB,5,0,,23,33,69.7,314,4,12.1,0,0.0,19,60.0,43,9.5,11.94,13.7,62.8,139.4,2,8,5.71,8.74,11.03,0,0,,2004,
55,Doug Flutie,42,SDG,QB,2,1,1-0-0,20,38,52.6,276,1,2.6,0,0.0,15,46.2,29,7.3,7.79,13.8,138.0,85.0,1,7,2.56,6.90,7.41,0,0,,2004,
56,Sage Rosenfels,26,MIA,QB,3,1,0-1-0,16,39,41.0,264,1,2.6,3,7.7,9,28.6,76,6.8,3.82,16.5,88.0,41.0,3,16,7.14,5.90,3.17,0,0,,2004,
57,Koy Detmer,31,PHI,QB,16,1,0-1-0,18,40,45.0,207,0,0.0,2,5.0,6,31.0,31,5.2,2.93,11.5,12.9,40.3,2,16,4.76,4.55,2.40,0,0,,2004,
58,Jamie Martin,34,STL,QB,1,0,,16,30,53.3,188,0,0.0,0,0.0,8,43.8,26,6.3,6.27,11.8,188.0,72.6,2,6,6.25,5.69,5.69,0,0,,2004,
59,Jim Sorgi,24,IND,QB,4,0,,17,29,58.6,175,2,6.9,0,0.0,6,46.7,71,6.0,7.41,10.3,43.8,99.1,1,8,3.33,5.57,6.90,0,0,,2004,
60,John Navarre,24,ARI,QB,1,1,0-1-0,18,40,45.0,168,1,2.5,4,10.0,6,34.1,33,4.2,0.20,9.3,168.0,25.8,1,8,2.44,3.90,0.00,0,0,,2004,
61,Jeff Blake,34,PHI,QB,3,0,,18,37,48.6,126,1,2.7,1,2.7,8,28.2,21,3.4,2.73,7.0,42.0,54.6,2,17,5.13,2.79,2.15,0,0,,2004,
62,Doug Pederson,36,GNB,QB,4,0,,11,23,47.8,120,0,0.0,2,8.7,5,39.1,24,5.2,1.30,10.9,30.0,27.4,0,0,0.00,5.22,1.30,0,0,,2004,
63,Drew Henson,24,DAL,QB,7,1,1-0-0,10,18,55.6,78,1,5.6,1,5.6,7,40.0,16,4.3,2.94,7.8,11.1,61.8,2,26,10.00,2.60,1.35,0,0,,2004,
64,Mike McMahon,25,DET,QB,1,0,,11,15,73.3,77,0,0.0,1,6.7,4,50.0,19,5.1,2.13,7.0,77.0,56.8,1,12,6.25,4.06,1.25,0,0,,2004,
65,Doug Johnson,27,TEN,QB,2,0,,6,12,50.0,68,0,0.0,0,0.0,2,30.8,33,5.7,5.67,11.3,34.0,67.4,1,6,7.69,4.77,4.77,0,0,,2004,
66,Brooks Bollinger,25,NYJ,QB,1,0,,5,9,55.6,60,0,0.0,0,0.0,2,30.0,26,6.7,6.67,12.0,60.0,76.2,1,8,10.00,5.20,5.20,0,0,,2004,
67,Cody Pickett,24,SFO,QB,1,0,,4,10,40.0,55,0,0.0,2,20.0,4,33.3,18,5.5,-3.50,13.8,55.0,18.7,2,14,16.67,3.42,-4.08,0,0,,2004,
68,Rohan Davey,26,NWE,QB,4,0,,4,10,40.0,54,0,0.0,0,0.0,4,40.0,20,5.4,5.40,13.5,13.5,57.9,0,0,0.00,5.40,5.40,0,0,,2004,
69,Marty Booker,28,MIA,WR,15,15,,1,1,100.0,48,0,0.0,0,0.0,1,100.0,48,48.0,48.00,48.0,3.2,118.7,0,0,0.00,48.00,48.00,0,0,,2004,
70,Shane Matthews,34,BUF,QB,3,0,,2,3,66.7,44,1,33.3,0,0.0,2,66.7,33,14.7,21.33,22.0,14.7,149.3,0,0,0.00,14.67,21.33,0,0,,2004,
Rk,Player,Age,Team,Pos,G,GS,QBrec,Cmp,Att,Cmp%,Yds,TD,TD%,Int,Int%,1D,Succ%,Lng,Y/A,AY/A,Y/C,Y/G,Rate,Sk,Yds,Sk%,NY/A,ANY/A,4QC,GWD,Awards,2004,
71,Todd Collins,33,KAN,QB,2,0,,1,5,20.0,42,0,0.0,0,0.0,1,20.0,42,8.4,8.40,42.0,21.0,62.1,0,0,0.00,8.40,8.40,0,0,,2004,
72,LaDainian Tomlinson,25,SDG,RB,15,15,,1,2,50.0,38,0,0.0,0,0.0,1,33.3,38,19.0,19.00,38.0,2.5,95.8,1,1,33.33,12.33,12.33,0,0,"PB,AP-1,AP OPoY-5",2004,
73,Randy Moss,27,MIN,WR,13,13,,1,2,50.0,37,0,0.0,1,50.0,1,50.0,37,18.5,-4.00,37.0,2.8,56.2,0,0,0.00,18.50,-4.00,0,0,,2004,
74,Philip Rivers,23,SDG,QB,2,0,,5,8,62.5,33,1,12.5,0,0.0,3,37.5,13,4.1,6.63,6.6,16.5,110.9,0,0,0.00,4.13,6.63,0,0,,2004,
75,J.P. Losman,23,BUF,QB,4,0,,3,5,60.0,32,0,0.0,1,20.0,2,50.0,17,6.4,-2.60,10.7,8.0,39.2,1,0,16.67,5.33,-2.17,0,0,,2004,
76,Richie Anderson,33,DAL,FB,12,4,,1,1,100.0,26,1,100.0,0,0.0,1,100.0,26,26.0,46.00,26.0,2.2,158.3,0,0,0.00,26.00,46.00,0,0,,2004,
77,Drew Bennett,26,TEN,WR,16,16,,1,1,100.0,26,1,100.0,0,0.0,1,100.0,26,26.0,46.00,26.0,1.6,158.3,0,0,0.00,26.00,46.00,0,0,,2004,
78,Peerless Price,28,ATL,WR,16,15,,1,1,100.0,25,0,0.0,0,0.0,1,100.0,25,25.0,25.00,25.0,1.6,118.7,0,0,0.00,25.00,25.00,0,0,,2004,
79,Chris Mohr,38,ATL,P,16,0,,2,3,66.7,24,0,0.0,0,0.0,1,33.3,26,8.0,8.00,12.0,1.5,91.0,0,0,0.00,8.00,8.00,0,0,,2004,
80,Brian Moorman,28,BUF,P,16,0,,1,3,33.3,24,0,0.0,0,0.0,1,33.3,24,8.0,8.00,24.0,1.5,63.2,0,0,0.00,8.00,8.00,0,0,,2004,
81,Emmitt Smith,35,ARI,RB,15,15,,1,1,100.0,21,1,100.0,0,0.0,1,100.0,21,21.0,41.00,21.0,1.4,158.3,0,0,0.00,21.00,41.00,0,0,,2004,
82,Ahman Green,27,GNB,RB,15,15,,1,1,100.0,20,1,100.0,0,0.0,1,100.0,20,20.0,40.00,20.0,1.3,158.3,0,0,0.00,20.00,40.00,0,0,PB,2004,
83,Tony Banks,31,HOU,QB,5,0,,1,2,50.0,16,0,0.0,0,0.0,1,50.0,16,8.0,8.00,16.0,3.2,77.1,0,0,0.00,8.00,8.00,0,0,,2004,
84,Clinton Portis,23,WAS,RB,15,15,,1,2,50.0,15,1,50.0,0,0.0,1,50.0,15,7.5,17.50,15.0,1.0,114.6,0,0,0.00,7.50,17.50,0,0,,2004,
85,Jerome Bettis,32,PIT,RB,15,6,,1,1,100.0,10,1,100.0,0,0.0,1,100.0,10,10.0,30.00,10.0,0.7,147.9,0,0,0.00,10.00,30.00,0,0,"PB,AP CPoY-4",2004,
86,Craig Hentrich,33,TEN,P,16,0,,2,4,50.0,10,0,0.0,0,0.0,1,25.0,6,2.5,2.50,5.0,0.6,56.2,0,0,0.00,2.50,2.50,0,0,,2004,
87,Antwaan Randle El,25,PIT,WR,16,7,,1,1,100.0,10,1,100.0,0,0.0,1,100.0,10,10.0,30.00,10.0,0.6,147.9,0,0,0.00,10.00,30.00,0,0,,2004,
88,Tony Fisher,25,GNB,RB,16,0,,1,1,100.0,8,1,100.0,0,0.0,1,100.0,8,8.0,28.00,8.0,0.5,139.6,0,0,0.00,8.00,28.00,0,0,,2004,
89,Adam Vinatieri,32,NWE,K,16,0,,1,1,100.0,4,1,100.0,0,0.0,1,100.0,4,4.0,24.00,4.0,0.3,122.9,0,0,0.00,4.00,24.00,0,0,"PB,AP-1",2004,
90,Rodney Peete,38,CAR,QB,1,0,,1,1,100.0,3,0,0.0,0,0.0,0,,3,3.0,3.00,3.0,3.0,79.2,0,0,0.00,3.00,3.00,0,0,,2004,
91,Mike Bartrum,34,PHI,LS,16,0,,0,1,0.0,0,0,0.0,0,0.0,0,,,0.0,0.00,,0.0,39.6,0,0,0.00,0.00,0.00,0,0,,2004,
92,Isaac Bruce,32,STL,WR,16,16,,0,2,0.0,0,0,0.0,0,0.0,0,,,0.0,0.00,,0.0,39.6,0,0,0.00,0.00,0.00,0,0,,2004,
93,Patrick Crayton,25,DAL,WR,8,0,,0,1,0.0,0,0,0.0,1,100.0,0,,,0.0,-45.00,,0.0,0.0,0,0,0.00,0.00,-45.00,0,0,,2004,
94,Ronald Curry,25,OAK,WR,12,3,,0,1,0.0,0,0,0.0,0,0.0,0,,,0.0,0.00,,0.0,39.6,0,0,0.00,0.00,0.00,0,0,,2004,
95,Adimchinobe Echemandu,24,CLE,RB,4,0,,0,1,0.0,0,0,0.0,0,0.0,0,,,0.0,0.00,,0.0,39.6,0,0,0.00,0.00,0.00,0,0,,2004,
96,Paul Edinger,26,CHI,K,16,0,,0,1,0.0,0,0,0.0,1,100.0,0,,,0.0,-45.00,,0.0,0.0,0,0,0.00,0.00,-45.00,0,0,,2004,
97,Jeff Feagles,38,NYG,P,16,0,,0,1,0.0,0,0,0.0,0,0.0,0,,,0.0,0.00,,0.0,39.6,0,0,0.00,0.00,0.00,0,0,,2004,
98,Larry Fitzgerald,21,ARI,WR,16,16,,0,0,,0,0,,0,,0,,,,,,0.0,,1,7,100.00,-7.00,-7.00,0,0,,2004,
99,Gus Frerotte,33,MIN,QB,16,0,,0,1,0.0,0,0,0.0,0,0.0,0,,,0.0,0.00,,0.0,39.6,0,0,0.00,0.00,0.00,0,0,,2004,
100,Jabar Gaffney,24,HOU,WR,16,12,,0,3,0.0,0,0,0.0,0,0.0,0,,,0.0,0.00,,0.0,39.6,0,0,0.00,0.00,0.00,0,0,,2004,
101,Rod Gardner,27,WAS,WR,16,14,,0,3,0.0,0,0,0.0,0,0.0,0,,,0.0,0.00,,0.0,39.6,0,0,0.00,0.00,0.00,0,0,,2004,
102,Terry Glenn,30,DAL,WR,6,6,,0,1,0.0,0,0,0.0,0,0.0,0,,,0.0,0.00,,0.0,39.6,0,0,0.00,0.00,0.00,0,0,,2004,
103,Randy Hymes,25,BAL,WR,14,7,,0,1,0.0,0,0,0.0,0,0.0,0,,,0.0,0.00,,0.0,39.6,0,0,0.00,0.00,0.00,0,0,,2004,
104,Frisman Jackson,25,CLE,WR,10,0,,0,1,0.0,0,0,0.0,0,0.0,0,,,0.0,0.00,,0.0,39.6,0,0,0.00,0.00,0.00,0,0,,2004,
105,Keyshawn Johnson,32,DAL,WR,16,16,,0,2,0.0,0,0,0.0,1,50.0,0,,,0.0,-22.50,,0.0,0.0,0,0,0.00,0.00,-22.50,0,0,,2004,
Rk,Player,Age,Team,Pos,G,GS,QBrec,Cmp,Att,Cmp%,Yds,TD,TD%,Int,Int%,1D,Succ%,Lng,Y/A,AY/A,Y/C,Y/G,Rate,Sk,Yds,Sk%,NY/A,ANY/A,4QC,GWD,Awards,2004,
106,LaMont Jordan,26,NYJ,RB,16,0,,0,1,0.0,0,0,0.0,1,100.0,0,,,0.0,-45.00,,0.0,0.0,0,0,0.00,0.00,-45.00,0,0,,2004,
107,Mat McBriar,25,DAL,P,16,0,,0,1,0.0,0,0,0.0,0,0.0,0,,,0.0,0.00,,0.0,39.6,0,0,0.00,0.00,0.00,0,0,,2004,
108,Keenan McCardell,34,SDG,WR,7,6,,0,1,0.0,0,0,0.0,0,0.0,0,,,0.0,0.00,,0.0,39.6,0,0,0.00,0.00,0.00,0,0,,2004,
109,Mewelde Moore,22,MIN,RB,10,3,,0,1,0.0,0,0,0.0,0,0.0,0,,,0.0,0.00,,0.0,39.6,0,0,0.00,0.00,0.00,0,0,,2004,
110,Sammy Morris,27,MIA,RB,13,8,,0,0,,0,0,,0,,0,,,,,,0.0,,1,9,100.00,-9.00,-9.00,0,0,,2004,
111,Ricky Proehl,36,CAR,WR,16,3,,0,1,0.0,0,0,0.0,0,0.0,0,,,0.0,0.00,,0.0,39.6,0,0,0.00,0.00,0.00,0,0,,2004,
112,Jeff Saturday,29,IND,C,14,14,,0,1,0.0,0,0,0.0,0,0.0,0,,,0.0,0.00,,0.0,39.6,0,0,0.00,0.00,0.00,0,0,,2004,
113,Mike Scifres,24,SDG,P,16,0,,0,1,0.0,0,0,0.0,1,100.0,0,,,0.0,-45.00,,0.0,0.0,0,0,0.00,0.00,-45.00,0,0,,2004,
114,Steve Smith Sr.,25,CAR,WR,1,1,,0,1,0.0,0,0,0.0,0,0.0,0,,,0.0,0.00,,0.0,39.6,0,0,0.00,0.00,0.00,0,0,,2004,
115,Brian St. Pierre,25,PIT,QB,1,0,,0,1,0.0,0,0,0.0,0,0.0,0,,,0.0,0.00,,0.0,39.6,0,0,0.00,0.00,0.00,1,1,,2004,
116,LaBrandon Toefield,24,JAX,RB,14,0,,0,0,,0,0,,0,,0,,,,,,0.0,,1,7,100.00,-7.00,-7.00,0,0,,2004,
117,Brian Westbrook,25,PHI,RB,13,12,,0,0,,0,0,,0,,0,,,,,,0.0,,1,4,100.00,-4.00,-4.00,0,0,PB,2004,
118,Jeff Wilkins,32,STL,K,16,0,,0,1,0.0,0,0,0.0,0,0.0,0,,,0.0,0.00,,0.0,39.6,0,0,0.00,0.00,0.00,0,0,,2004,
119,Roy Williams,23,DET,WR,14,12,,0,1,0.0,0,0,0.0,0,0.0,0,,,0.0,0.00,,0.0,39.6,0,0,0.00,0.00,0.00,0,0,,2004,
,League Average,,,,,,,,,59.8,,,4.5,,3.2,,44.1,,7.1,6.51,11.8,93.5,82.8,,,6.81,6.14,5.63,,,,2004,
1,Tom Brady,28,NWE,QB,16,16,10-6-0,334,530,63.0,4110,26,4.9,14,2.6,197,49.6,71,7.8,7.55,12.3,256.9,92.3,26,188,4.68,7.05,6.86,3,4,"PB,AP-2,AP MVP-3,AP OPoY-4",2005,
2,Trent Green,35,KAN,QB,16,16,10-6-0,317,507,62.5,4014,17,3.4,10,2.0,182,48.2,60,7.9,7.70,12.7,250.9,90.1,32,204,5.94,7.07,6.86,2,3,PB,2005,
3,Brett Favre,36,GNB,QB,16,16,4-12-0,372,607,61.3,3881,20,3.3,29,4.8,202,46.4,59,6.4,4.90,10.4,242.6,70.9,24,170,3.80,5.88,4.45,1,1,,2005,
4,Carson Palmer,26,CIN,QB,16,16,11-5-0,345,509,67.8,3836,32,6.3,12,2.4,198,50.9,70,7.5,7.73,11.1,239.8,101.1,19,105,3.60,7.07,7.26,1,3,"PB,AP MVP-5,AP OPoY-4",2005,
5,Eli Manning,24,NYG,QB,16,16,11-5-0,294,557,52.8,3762,24,4.3,17,3.1,176,42.4,78,6.8,6.24,12.8,235.1,75.9,28,184,4.79,6.12,5.63,1,2,,2005,
6,Kerry Collins,33,OAK,QB,15,15,4-11-0,302,565,53.5,3759,20,3.5,12,2.1,180,41.6,79,6.7,6.41,12.4,250.6,77.3,39,261,6.46,5.79,5.56,1,1,,2005,
7,Peyton Manning,29,IND,QB,16,16,14-2-0,305,453,67.3,3747,28,6.2,10,2.2,198,55.7,80,8.3,8.51,12.3,234.2,104.1,17,81,3.62,7.80,8.03,1,1,"PB,AP-1,AP MVP-2,AP OPoY-2",2005,
8,Drew Bledsoe,33,DAL,QB,16,16,9-7-0,300,499,60.1,3639,23,4.6,17,3.4,178,43.4,71,7.3,6.68,12.1,227.4,83.7,49,295,8.94,6.10,5.55,4,5,,2005,
9,Drew Brees,26,SDG,QB,16,16,9-7-0,323,500,64.6,3576,24,4.8,15,3.0,183,48.2,54,7.2,6.76,11.1,223.5,89.2,27,223,5.12,6.36,5.99,2,2,,2005,
10,Matt Hasselbeck,30,SEA,QB,16,16,13-3-0,294,449,65.5,3459,24,5.3,9,2.0,182,53.7,56,7.7,7.87,11.8,216.2,98.2,24,154,5.07,6.99,7.15,2,2,PB,2005,
11,Jake Delhomme,30,CAR,QB,16,16,11-5-0,262,435,60.2,3421,24,5.5,16,3.7,156,44.3,80,7.9,7.31,13.1,213.8,88.1,28,214,6.05,6.93,6.41,3,3,PB,2005,
12,Jake Plummer,31,DEN,QB,16,16,13-3-0,277,456,60.7,3366,18,3.9,7,1.5,161,47.5,72,7.4,7.48,12.2,210.4,90.2,22,135,4.60,6.76,6.85,1,2,PB,2005,
13,Steve McNair,32,TEN,QB,14,14,4-10-0,292,476,61.3,3161,16,3.4,11,2.3,164,45.8,57,6.6,6.27,10.8,225.8,82.4,20,134,4.03,6.10,5.75,0,1,PB,2005,
14,Mark Brunell,35,WAS,QB,16,15,9-6-0,262,454,57.7,3050,23,5.1,10,2.2,155,42.8,78,6.7,6.74,11.6,190.6,85.9,27,213,5.61,5.90,5.92,2,3,AP CPoY-3,2005,
15,Gus Frerotte,34,MIA,QB,16,15,9-6-0,257,494,52.0,2996,18,3.6,13,2.6,141,40.8,60,6.1,5.61,11.7,187.3,71.9,26,158,5.00,5.46,5.03,0,1,,2005,
16,Aaron Brooks,29,NOR,QB,13,13,3-10-0,240,431,55.7,2882,13,3.0,17,3.9,145,42.0,66,6.7,5.52,12.0,221.7,70.0,33,202,7.11,5.78,4.69,1,2,,2005,
17,Kurt Warner,34,ARI,QB,10,10,2-8-0,242,375,64.5,2713,11,2.9,9,2.4,133,45.5,63,7.2,6.74,11.2,271.3,85.8,23,158,5.78,6.42,5.95,2,2,,2005,
18,Donovan McNabb,29,PHI,QB,9,9,4-5-0,211,357,59.1,2507,16,4.5,9,2.5,116,46.8,91,7.0,6.78,11.9,278.6,85.0,19,112,5.05,6.37,6.14,0,2,,2005,
19,David Carr,26,HOU,QB,16,16,2-14-0,256,423,60.5,2488,14,3.3,11,2.6,139,41.1,53,5.9,5.37,9.7,155.5,77.2,68,424,13.85,4.20,3.77,0,1,,2005,
20,Michael Vick,25,ATL,QB,15,15,8-7-0,214,387,55.3,2412,15,3.9,13,3.4,126,39.5,58,6.2,5.50,11.3,160.8,73.1,33,201,7.86,5.26,4.59,0,1,PB,2005,
21,Ben Roethlisberger,23,PIT,QB,12,12,9-3-0,168,268,62.7,2385,17,6.3,9,3.4,110,49.5,85,8.9,8.66,14.2,198.8,98.6,23,129,7.90,7.75,7.53,2,2,,2005,
22,Trent Dilfer,33,CLE,QB,11,11,4-7-0,199,333,59.8,2321,11,3.3,12,3.6,100,44.7,80,7.0,6.01,11.7,211.0,76.9,23,139,6.46,6.13,5.23,1,1,,2005,
23,Marc Bulger,28,STL,QB,8,8,2-6-0,192,287,66.9,2297,14,4.9,9,3.1,110,51.4,57,8.0,7.57,12.0,287.1,94.4,26,188,8.31,6.74,6.34,0,1,,2005,
24,Byron Leftwich,25,JAX,QB,11,11,8-3-0,175,302,57.9,2123,15,5.0,5,1.7,101,41.8,45,7.0,7.28,12.1,193.0,89.3,23,110,7.08,6.19,6.42,2,3,,2005,
25,Chris Simms,25,TAM,QB,11,10,6-4-0,191,313,61.0,2035,10,3.2,7,2.2,107,43.6,78,6.5,6.13,10.7,185.0,81.4,29,205,8.48,5.35,5.01,3,3,,2005,
26,Joey Harrington,27,DET,QB,12,11,4-7-0,188,330,57.0,2021,12,3.6,12,3.6,100,39.0,86,6.1,5.22,10.8,168.4,72.0,24,136,6.78,5.32,4.48,1,1,,2005,
27,Brad Johnson,37,MIN,QB,15,9,7-2-0,184,294,62.6,1885,12,4.1,4,1.4,93,40.7,80,6.4,6.62,10.2,125.7,88.9,23,134,7.26,5.52,5.71,0,2,,2005,
28,Kyle Orton,23,CHI,QB,15,15,10-5-0,190,368,51.6,1869,9,2.4,13,3.5,93,35.9,54,5.1,3.98,9.8,124.6,59.7,30,190,7.54,4.22,3.20,0,1,,2005,
29,Josh McCown,26,ARI,QB,9,6,3-3-0,163,270,60.4,1836,9,3.3,11,4.1,87,42.4,49,6.8,5.63,11.3,204.0,74.9,18,101,6.25,6.02,4.93,0,0,,2005,
30,Kyle Boller,24,BAL,QB,9,9,4-5-0,171,293,58.4,1799,11,3.8,12,4.1,86,40.8,47,6.1,5.05,10.5,199.9,71.8,23,146,7.28,5.23,4.22,2,3,,2005,
31,Anthony Wright,29,BAL,QB,9,7,2-5-0,164,266,61.7,1582,6,2.3,9,3.4,78,36.8,48,5.9,4.88,9.6,175.8,71.7,19,147,6.67,5.04,4.04,0,0,,2005,
32,Daunte Culpepper,28,MIN,QB,7,7,2-5-0,139,216,64.4,1564,6,2.8,12,5.6,80,42.9,68,7.2,5.30,11.3,223.4,72.0,31,169,12.55,5.65,3.95,1,1,,2005,
33,Brooks Bollinger,26,NYJ,QB,11,9,2-7-0,150,266,56.4,1558,7,2.6,6,2.3,78,38.6,60,5.9,5.37,10.4,141.6,72.9,32,193,10.74,4.58,4.14,1,0,,2005,
34,Kelly Holcomb,32,BUF,QB,10,8,4-4-0,155,230,67.4,1509,10,4.3,8,3.5,74,45.3,65,6.6,5.87,9.7,150.9,85.6,17,140,6.88,5.54,4.89,1,1,,2005,
35,J.P. Losman,24,BUF,QB,9,8,1-7-0,113,228,49.6,1340,8,3.5,8,3.5,55,33.9,58,5.9,5.00,11.9,148.9,64.9,26,197,10.24,4.50,3.71,0,0,,2005,
Rk,Player,Age,Team,Pos,G,GS,QBrec,Cmp,Att,Cmp%,Yds,TD,TD%,Int,Int%,1D,Succ%,Lng,Y/A,AY/A,Y/C,Y/G,Rate,Sk,Yds,Sk%,NY/A,ANY/A,4QC,GWD,Awards,2005,
36,Jamie Martin,35,STL,QB,8,5,4-1-0,124,177,70.1,1277,5,2.8,7,4.0,59,45.2,83,7.2,6.00,10.3,159.6,83.5,11,78,5.85,6.38,5.23,2,3,,2005,
37,Mike McMahon,26,PHI,QB,9,7,2-5-0,94,207,45.4,1158,5,2.4,8,3.9,56,31.9,48,5.6,4.34,12.3,128.7,55.2,19,96,8.41,4.70,3.55,2,2,,2005,
38,Brian Griese,30,TAM,QB,6,6,5-1-0,112,174,64.4,1136,7,4.0,7,4.0,54,41.9,80,6.5,5.52,10.1,189.3,79.6,12,76,6.45,5.70,4.76,0,0,,2005,
39,David Garrard,27,JAX,QB,7,5,4-1-0,98,168,58.3,1117,4,2.4,1,0.6,64,47.2,37,6.6,6.86,11.4,159.6,83.9,8,45,4.55,6.09,6.29,2,2,,2005,
40,Charlie Frye,24,CLE,QB,7,5,2-3-0,98,164,59.8,1002,4,2.4,5,3.0,49,41.4,45,6.1,5.23,10.2,143.1,72.8,22,135,11.83,4.66,3.88,1,1,,2005,
41,Jeff Garcia,35,DET,QB,6,5,1-4-0,102,173,59.0,937,3,1.7,6,3.5,46,39.1,49,5.4,4.20,9.2,156.2,65.1,6,34,3.35,5.04,3.87,0,1,,2005,
42,Alex Smith,21,SFO,QB,9,7,2-5-0,84,165,50.9,875,1,0.6,11,6.7,37,27.8,47,5.3,2.42,10.4,97.2,40.8,29,185,14.95,3.56,1.11,1,2,,2005,
43,Ryan Fitzpatrick,23,STL,QB,4,3,0-3-0,76,135,56.3,777,4,3.0,8,5.9,40,38.9,56,5.8,3.68,10.2,194.3,58.2,9,49,6.25,5.06,3.11,1,1,,2005,
44,Vinny Testaverde,42,NYJ,QB,6,4,1-3-0,60,106,56.6,777,1,0.9,6,5.7,35,39.0,47,7.3,4.97,13.0,129.5,59.4,12,102,10.17,5.72,3.60,0,0,,2005,
45,Todd Bouman,33,NOR,QB,16,3,0-3-0,68,122,55.7,722,2,1.6,7,5.7,38,41.5,43,5.9,3.66,10.6,45.1,54.7,8,59,6.15,5.10,2.98,0,0,,2005,
46,Tim Rattay,28,SFO,QB,4,4,1-3-0,56,97,57.7,667,5,5.2,6,6.2,32,42.1,89,6.9,5.12,11.9,166.8,70.3,10,63,9.35,5.64,4.06,0,0,,2005,
47,Chad Pennington,29,NYJ,QB,3,3,1-2-0,49,83,59.0,530,2,2.4,3,3.6,30,39.1,37,6.4,5.24,10.8,176.7,70.9,9,52,9.78,5.20,4.16,0,0,,2005,
48,Matt Schaub,24,ATL,QB,16,1,0-1-0,33,64,51.6,495,4,6.3,0,0.0,23,37.1,53,7.7,8.98,15.0,30.9,98.1,6,27,8.57,6.69,7.83,0,0,,2005,
49,Ken Dorsey,24,SFO,QB,3,3,1-2-0,48,90,53.3,481,2,2.2,2,2.2,22,33.3,44,5.3,4.79,10.0,160.3,66.9,6,28,6.25,4.72,4.20,0,0,,2005,
50,Billy Volek,29,TEN,QB,6,1,0-1-0,50,88,56.8,474,4,4.5,2,2.3,21,34.0,55,5.4,5.27,9.5,79.0,77.6,9,45,9.28,4.42,4.32,0,0,,2005,
51,Sage Rosenfels,27,MIA,QB,4,1,0-1-0,34,61,55.7,462,4,6.6,3,4.9,17,45.9,77,7.6,6.67,13.6,115.5,81.5,0,0,0.00,7.57,6.67,2,2,,2005,
52,Jim Sorgi,25,IND,QB,5,0,,42,61,68.9,444,3,4.9,1,1.6,20,46.9,45,7.3,7.52,10.6,88.8,99.4,3,14,4.69,6.72,6.95,0,0,,2005,
53,Tommy Maddox,34,PIT,QB,4,2,0-2-0,34,71,47.9,406,2,2.8,4,5.6,19,35.4,32,5.7,3.75,11.9,101.5,51.7,8,43,10.13,4.59,2.82,0,0,,2005,
54,Patrick Ramsey,26,WAS,QB,4,1,1-0-0,15,25,60.0,279,1,4.0,1,4.0,12,44.8,72,11.2,10.16,18.6,69.8,95.2,4,27,13.79,8.69,7.83,0,0,,2005,
55,Rex Grossman,25,CHI,QB,2,1,1-0-0,20,39,51.3,259,1,2.6,2,5.1,14,42.5,54,6.6,4.85,13.0,129.5,59.7,1,9,2.50,6.25,4.50,0,0,,2005,
56,Charlie Batch,31,PIT,QB,4,2,2-0-0,23,36,63.9,246,1,2.8,1,2.8,12,54.1,43,6.8,6.14,10.7,61.5,81.5,1,6,2.70,6.49,5.81,1,1,,2005,
57,Koy Detmer,32,PHI,QB,16,0,,32,56,57.1,238,0,0.0,3,5.4,10,28.8,24,4.3,1.84,7.4,14.9,45.1,3,15,5.08,3.78,1.49,0,0,,2005,
58,Matt Cassel,23,NWE,QB,2,0,,13,24,54.2,183,2,8.3,1,4.2,8,40.0,36,7.6,7.42,14.1,91.5,89.4,1,1,4.00,7.28,7.08,0,0,,2005,
59,John Navarre,25,ARI,QB,1,0,,14,24,58.3,174,1,4.2,1,4.2,6,32.1,43,7.3,6.21,12.4,174.0,77.4,4,27,14.29,5.25,4.36,0,0,,2005,
60,Tony Banks,32,HOU,QB,2,0,,14,25,56.0,173,1,4.0,2,8.0,7,44.0,31,6.9,4.12,12.4,86.5,57.6,0,0,0.00,6.92,4.12,0,0,,2005,
61,Seneca Wallace,25,SEA,QB,7,0,,13,25,52.0,173,1,4.0,1,4.0,10,39.3,42,6.9,5.92,13.3,24.7,70.9,3,20,10.71,5.46,4.57,0,0,,2005,
62,Cody Pickett,25,SFO,QB,5,2,0-2-0,14,35,40.0,140,0,0.0,2,5.7,4,13.2,28,4.0,1.43,10.0,28.0,28.3,3,16,7.89,3.26,0.89,0,0,,2005,
63,Matt Mauck,26,TEN,QB,2,1,0-1-0,15,27,55.6,136,0,0.0,1,3.7,4,35.7,17,5.0,3.37,9.1,68.0,53.9,1,8,3.57,4.57,2.96,0,0,,2005,
64,Marques Tuiasosopo,26,OAK,QB,1,1,0-1-0,14,26,53.8,124,1,3.8,2,7.7,8,34.4,20,4.8,2.08,8.9,124.0,47.6,6,40,18.75,2.63,0.44,0,0,,2005,
65,Philip Rivers,24,SDG,QB,2,0,,12,22,54.5,115,0,0.0,1,4.5,6,40.0,22,5.2,3.18,9.6,57.5,50.4,3,16,12.00,3.96,2.16,0,0,,2005,
66,Jay Fiedler,34,NYJ,QB,2,0,,8,13,61.5,107,1,7.7,0,0.0,5,53.8,23,8.2,9.77,13.4,53.5,113.3,0,0,0.00,8.23,9.77,0,0,,2005,
67,Quinn Gray,26,JAX,QB,1,0,,8,14,57.1,100,2,14.3,0,0.0,6,46.7,26,7.1,10.00,12.5,100.0,119.0,1,7,6.67,6.20,8.87,0,0,,2005,
68,Jon Kitna,33,CIN,QB,3,0,,17,29,58.6,99,0,0.0,2,6.9,6,35.5,16,3.4,0.31,5.8,33.0,36.4,2,10,6.45,2.87,-0.03,0,0,,2005,
69,Antwaan Randle El,26,PIT,WR,16,15,,3,3,100.0,67,1,33.3,0,0.0,2,100.0,51,22.3,29.00,22.3,4.2,158.3,0,0,0.00,22.33,29.00,0,0,,2005,
70,Aaron Rodgers,22,GNB,QB,3,0,,9,16,56.3,65,0,0.0,1,6.3,3,31.6,16,4.1,1.25,7.2,21.7,39.8,3,28,15.79,1.95,-0.42,0,0,,2005,
Rk,Player,Age,Team,Pos,G,GS,QBrec,Cmp,Att,Cmp%,Yds,TD,TD%,Int,Int%,1D,Succ%,Lng,Y/A,AY/A,Y/C,Y/G,Rate,Sk,Yds,Sk%,NY/A,ANY/A,4QC,GWD,Awards,2005,
71,Chris Weinke,33,CAR,QB,3,0,,7,13,53.8,64,1,7.7,0,0.0,4,46.2,18,4.9,6.46,9.1,21.3,93.1,0,0,0.00,4.92,6.46,1,1,,2005,
72,Dan Orlovsky,22,DET,QB,2,0,,7,17,41.2,63,0,0.0,0,0.0,5,33.3,20,3.7,3.71,9.0,31.5,51.8,1,3,5.56,3.33,3.33,0,0,,2005,
73,Jeff Blake,35,CHI,QB,2,0,,8,9,88.9,55,1,11.1,0,0.0,4,66.7,17,6.1,8.33,6.9,27.5,129.2,0,0,0.00,6.11,8.33,0,0,,2005,
74,LaDainian Tomlinson,26,SDG,RB,16,16,,3,4,75.0,47,3,75.0,0,0.0,3,75.0,26,11.8,26.75,15.7,2.9,153.1,0,0,0.00,11.75,26.75,0,0,"PB,AP-2",2005,
75,Doug Flutie,43,NWE,QB,5,0,,5,10,50.0,29,0,0.0,0,0.0,3,27.3,13,2.9,2.90,5.8,5.8,56.2,1,13,9.09,1.45,1.45,0,0,,2005,
76,Arnaz Battle,25,SFO,WR,10,8,,2,2,100.0,27,0,0.0,0,0.0,1,50.0,24,13.5,13.50,13.5,2.7,118.7,0,0,0.00,13.50,13.50,0,0,,2005,
77,Craig Hentrich,34,TEN,P,16,0,,1,2,50.0,26,0,0.0,0,0.0,1,50.0,26,13.0,13.00,26.0,1.6,95.8,0,0,0.00,13.00,13.00,0,0,,2005,
78,Brad Maynard,31,CHI,P,16,0,,1,2,50.0,18,0,0.0,0,0.0,1,50.0,18,9.0,9.00,18.0,1.1,81.2,0,0,0.00,9.00,9.00,0,0,,2005,
79,Kliff Kingsbury,26,NYJ,QB,1,0,,1,2,50.0,17,0,0.0,0,0.0,0,,17,8.5,8.50,17.0,17.0,79.2,0,0,0.00,8.50,8.50,0,0,,2005,
80,Clinton Portis,24,WAS,RB,16,16,,1,2,50.0,17,1,50.0,0,0.0,1,50.0,17,8.5,18.50,17.0,1.1,118.7,0,0,0.00,8.50,18.50,0,0,,2005,
81,Tony Fisher,26,GNB,RB,14,4,,1,1,100.0,14,0,0.0,0,0.0,1,100.0,14,14.0,14.00,14.0,1.0,118.7,0,0,0.00,14.00,14.00,0,0,,2005,
82,Matt Jones,22,JAX,WR,16,1,,2,3,66.7,12,0,0.0,0,0.0,0,66.7,6,4.0,4.00,6.0,0.8,74.3,0,0,0.00,4.00,4.00,0,0,,2005,
83,Bradlee Van Pelt,25,DEN,QB,3,0,,2,8,25.0,7,0,0.0,0,0.0,0,,5,0.9,0.88,3.5,2.3,39.6,0,0,0.00,0.88,0.88,0,0,,2005,
84,B.J. Sander,25,GNB,P,14,0,,1,1,100.0,4,0,0.0,0,0.0,0,,4,4.0,4.00,4.0,0.3,83.3,0,0,0.00,4.00,4.00,0,0,,2005,
85,Roscoe Parrish,23,BUF,WR,10,1,,1,1,100.0,3,0,0.0,0,0.0,0,,3,3.0,3.00,3.0,0.3,79.2,0,0,0.00,3.00,3.00,0,0,,2005,
86,Marion Barber III,22,DAL,RB,13,2,,0,0,,0,0,,0,,0,,,,,,0.0,,1,3,100.00,-3.00,-3.00,0,0,,2005,
87,Tiki Barber,30,NYG,RB,16,16,,0,1,0.0,0,0,0.0,0,0.0,0,,,0.0,0.00,,0.0,39.6,0,0,0.00,0.00,0.00,0,0,"PB,AP-1,AP MVP-4,AP OPoY-3",2005,
88,Drew Bennett,27,TEN,WR,13,10,,0,1,0.0,0,0,0.0,0,0.0,0,,,0.0,0.00,,0.0,39.6,0,0,0.00,0.00,0.00,0,0,,2005,
89,Anquan Boldin,25,ARI,WR,14,14,,0,1,0.0,0,0,0.0,0,0.0,0,,,0.0,0.00,,0.0,39.6,0,0,0.00,0.00,0.00,0,0,,2005,
90,Marty Booker,29,MIA,WR,15,12,,0,1,0.0,0,0,0.0,0,0.0,0,,,0.0,0.00,,0.0,39.6,0,0,0.00,0.00,0.00,0,0,,2005,
91,Mark Clayton,23,BAL,WR,14,10,,0,1,0.0,0,0,0.0,0,0.0,0,,,0.0,0.00,,0.0,39.6,0,0,0.00,0.00,0.00,0,0,,2005,
92,DeShaun Foster,25,CAR,RB,15,5,,0,1,0.0,0,0,0.0,0,0.0,0,,,0.0,0.00,,0.0,39.6,0,0,0.00,0.00,0.00,0,0,,2005,
93,Samkon Gado,23,GNB,RB,8,5,,0,1,0.0,0,0,0.0,0,0.0,0,,,0.0,0.00,,0.0,39.6,0,0,0.00,0.00,0.00,0,0,,2005,
94,Chris Gardocki,35,PIT,P,16,0,,0,1,0.0,0,0,0.0,0,0.0,0,,,0.0,0.00,,0.0,39.6,0,0,0.00,0.00,0.00,0,0,,2005,
95,Randy Hymes,26,BAL,WR,16,3,,0,2,0.0,0,0,0.0,0,0.0,0,,,0.0,0.00,,0.0,39.6,0,0,0.00,0.00,0.00,0,0,,2005,
96,Frisman Jackson,26,CLE,WR,12,0,,0,0,,0,0,,0,,0,,,,,,0.0,,1,2,100.00,-2.00,-2.00,0,0,,2005,
97,Keyshawn Johnson,33,DAL,WR,16,14,,0,1,0.0,0,0,0.0,0,0.0,0,,,0.0,0.00,,0.0,39.6,0,0,0.00,0.00,0.00,0,0,,2005,
98,Adam Jones,22,TEN,RCB,15,13,,0,0,,0,0,,0,,0,,,,,,0.0,,1,13,100.00,-13.00,-13.00,0,0,,2005,
99,Keenan McCardell,35,SDG,WR,16,16,,0,0,,0,0,,0,,0,,,,,,0.0,,1,4,100.00,-4.00,-4.00,0,0,,2005,
100,Hunter Smith,28,IND,P,16,0,,0,1,0.0,0,0,0.0,0,0.0,0,,,0.0,0.00,,0.0,39.6,0,0,0.00,0.00,0.00,0,0,,2005,
101,Rod Smith,35,DEN,WR,16,16,,0,1,0.0,0,0,0.0,0,0.0,0,,,0.0,0.00,,0.0,39.6,1,11,50.00,-5.50,-5.50,0,0,PB,2005,
102,Brian Westbrook,26,PHI,RB,12,12,,0,0,,0,0,,0,,0,,,,,,0.0,,1,3,100.00,-3.00,-3.00,0,0,,2005,
103,Domanick Williams,25,HOU,RB,11,11,,0,1,0.0,0,0,0.0,0,0.0,0,,,0.0,0.00,,0.0,39.6,0,0,0.00,0.00,0.00,0,0,,2005,
,League Average,,,,,,,,,59.5,,,3.9,,3.1,,43.5,,6.8,6.19,11.4,106.1,80.1,,,6.70,5.90,5.34,,,,2005,
1,Drew Brees,27,NOR,QB,16,16,10-6-0,356,554,64.3,4418,26,4.7,11,2.0,202,50.0,86,8.0,8.02,12.4,276.1,96.2,18,105,3.15,7.54,7.58,1,2,"PB,AP-1,AP MVP-2,AP OPoY-2,AP CPoY-2",2006,66.7
2,Peyton Manning,30,IND,QB,16,16,12-4-0,362,557,65.0,4397,31,5.6,9,1.6,242,56.6,68,7.9,8.28,12.1,274.8,101.0,14,86,2.45,7.55,7.93,3,3,"PB,AP-2,AP MVP-3,AP OPoY-3",2006,86.4
3,Marc Bulger,29,STL,QB,16,16,8-8-0,370,588,62.9,4301,24,4.1,8,1.4,210,46.2,67,7.3,7.52,11.6,268.8,92.9,49,366,7.69,6.18,6.37,2,3,PB,2006,59.4
4,Jon Kitna,34,DET,QB,16,16,3-13-0,372,596,62.4,4208,21,3.5,22,3.7,209,46.0,60,7.1,6.10,11.3,263.0,79.9,63,388,9.56,5.80,4.93,1,1,,2006,45.3
5,Carson Palmer,27,CIN,QB,16,16,8-8-0,324,520,62.3,4035,28,5.4,13,2.5,200,48.2,74,7.8,7.71,12.5,252.2,93.9,36,233,6.47,6.84,6.79,2,3,"PB,AP CPoY-3",2006,67.1
6,Brett Favre,37,GNB,QB,16,16,8-8-0,343,613,56.0,3885,18,2.9,18,2.9,183,42.3,82,6.3,5.60,11.3,242.8,72.7,21,134,3.31,5.92,5.21,1,1,,2006,45.5
7,Tom Brady,29,NWE,QB,16,16,12-4-0,319,516,61.8,3529,24,4.7,12,2.3,176,47.4,62,6.8,6.72,11.1,220.6,87.9,26,175,4.80,6.19,6.08,2,2,,2006,68.6
8,Ben Roethlisberger,24,PIT,QB,15,15,7-8-0,280,469,59.7,3513,18,3.8,23,4.9,178,44.5,67,7.5,6.05,12.5,234.2,75.4,46,280,8.93,6.28,4.97,2,3,,2006,58.0
9,Philip Rivers,25,SDG,QB,16,16,14-2-0,284,460,61.7,3388,22,4.8,9,2.0,167,46.8,57,7.4,7.44,11.9,211.8,92.0,27,144,5.54,6.66,6.73,4,4,PB,2006,67.4
10,Chad Pennington,30,NYJ,QB,16,16,10-6-0,313,485,64.5,3352,17,3.5,16,3.3,163,47.4,71,6.9,6.13,10.7,209.5,82.6,30,172,5.83,6.17,5.44,1,2,AP CPoY-1,2006,64.2
11,Eli Manning,25,NYG,QB,16,16,8-8-0,301,522,57.7,3244,24,4.6,18,3.4,162,44.4,55,6.2,5.58,10.8,202.8,77.0,25,186,4.57,5.59,4.99,2,2,,2006,48.6
12,Rex Grossman,26,CHI,QB,16,16,13-3-0,262,480,54.6,3193,23,4.8,20,4.2,151,40.3,62,6.7,5.74,12.2,199.6,73.9,21,142,4.19,6.09,5.21,1,2,,2006,48.9
13,J.P. Losman,25,BUF,QB,16,16,7-9-0,268,429,62.5,3051,19,4.4,14,3.3,134,42.9,83,7.1,6.53,11.4,190.7,84.9,47,332,9.87,5.71,5.19,1,3,,2006,49.5
14,Steve McNair,33,BAL,QB,16,16,13-3-0,295,468,63.0,3050,16,3.4,12,2.6,159,45.2,87,6.5,6.05,10.3,190.6,82.5,14,84,2.90,6.15,5.70,3,3,,2006,66.0
15,Tony Romo,26,DAL,QB,16,10,6-4-0,220,337,65.3,2903,19,5.6,13,3.9,144,53.1,56,8.6,8.01,13.2,181.4,95.1,21,124,5.87,7.76,7.19,2,3,PB,2006,63.5
16,Alex Smith,22,SFO,QB,16,16,7-9-0,257,442,58.1,2890,16,3.6,16,3.6,132,39.4,75,6.5,5.63,11.2,180.6,74.8,35,202,7.34,5.64,4.80,1,2,,2006,44.4
17,Jake Delhomme,31,CAR,QB,13,13,7-6-0,263,431,61.0,2805,17,3.9,11,2.6,129,44.2,72,6.5,6.15,10.7,215.8,82.6,22,167,4.86,5.82,5.48,2,2,,2006,43.0
18,David Carr,27,HOU,QB,16,16,6-10-0,302,442,68.3,2767,11,2.5,12,2.7,142,44.3,53,6.3,5.54,9.2,172.9,82.1,41,240,8.49,5.23,4.57,1,3,,2006,45.8
19,Brad Johnson,38,MIN,QB,15,14,6-8-0,270,439,61.5,2750,9,2.1,15,3.4,135,40.6,46,6.3,5.14,10.2,183.3,72.0,29,200,6.20,5.45,4.39,2,3,,2006,39.7
20,Donovan McNabb,30,PHI,QB,10,10,5-5-0,180,316,57.0,2647,18,5.7,6,1.9,112,44.8,87,8.4,8.66,14.7,264.7,95.5,21,140,6.23,7.44,7.71,0,1,,2006,62.1
21,Matt Leinart,23,ARI,QB,12,11,4-7-0,214,377,56.8,2547,11,2.9,12,3.2,125,43.2,58,6.8,5.91,11.9,212.3,74.0,21,158,5.28,6.00,5.20,1,1,,2006,60.5
22,Michael Vick,26,ATL,QB,16,16,7-9-0,204,388,52.6,2474,20,5.2,13,3.4,122,37.9,55,6.4,5.90,12.1,154.6,75.7,45,303,10.39,5.01,4.59,0,1,,2006,49.3
23,Charlie Frye,25,CLE,QB,13,13,4-9-0,252,393,64.1,2454,10,2.5,17,4.3,115,41.0,75,6.2,4.81,9.7,188.8,72.0,44,262,10.07,5.02,3.72,0,0,,2006,42.1
24,Matt Hasselbeck,31,SEA,QB,12,12,7-5-0,210,371,56.6,2442,18,4.9,15,4.0,128,42.2,72,6.6,5.73,11.6,203.5,76.0,34,229,8.40,5.46,4.69,3,4,,2006,56.9
25,Joey Harrington,28,MIA,QB,11,11,5-6-0,223,388,57.5,2236,12,3.1,15,3.9,115,41.9,48,5.8,4.64,10.0,203.3,68.2,15,116,3.72,5.26,4.18,0,0,,2006,51.0
26,Vince Young,23,TEN,QB,15,13,8-5-0,184,357,51.5,2199,12,3.4,13,3.6,107,35.3,53,6.2,5.19,12.0,146.6,66.7,25,129,6.54,5.42,4.52,4,5,"PB,AP ORoY-1",2006,56.1
27,Jake Plummer,32,DEN,QB,16,11,7-4-0,175,317,55.2,1994,11,3.5,13,4.1,102,40.6,83,6.3,5.14,11.4,124.6,68.8,18,111,5.37,5.62,4.53,2,3,,2006,49.2
28,Damon Huard,33,KAN,QB,10,8,5-3-0,148,244,60.7,1878,11,4.5,1,0.4,104,43.8,78,7.7,8.41,12.7,187.8,98.0,16,106,6.15,6.82,7.49,2,3,,2006,54.7
29,Mark Brunell,36,WAS,QB,10,9,3-6-0,162,260,62.3,1789,8,3.1,4,1.5,80,44.5,74,6.9,6.80,11.0,178.9,86.5,12,92,4.41,6.24,6.17,1,1,,2006,42.1
30,David Garrard,28,JAX,QB,11,10,5-5-0,145,241,60.2,1735,10,4.1,9,3.7,83,43.7,49,7.2,6.35,12.0,157.7,80.5,20,119,7.66,6.19,5.41,0,0,,2006,60.1
31,Andrew Walter,24,OAK,QB,12,8,2-6-0,147,276,53.3,1677,3,1.1,13,4.7,79,36.3,51,6.1,4.17,11.4,139.8,55.8,46,256,14.29,4.41,2.78,0,0,,2006,23.0
32,Bruce Gradkowski,23,TAM,QB,13,11,3-8-0,177,328,54.0,1661,9,2.7,9,2.7,81,34.0,53,5.1,4.38,9.4,127.8,65.9,25,146,7.08,4.29,3.65,2,3,,2006,32.0
33,Kurt Warner,35,ARI,QB,6,5,1-4-0,108,168,64.3,1377,6,3.6,5,3.0,65,47.3,64,8.2,7.57,12.8,229.5,89.3,14,104,7.69,6.99,6.42,0,0,,2006,45.2
34,Trent Green,36,KAN,QB,8,8,4-4-0,121,198,61.1,1342,7,3.5,9,4.5,76,45.9,39,6.8,5.44,11.1,167.8,74.1,24,127,10.81,5.47,4.28,1,1,,2006,48.7
35,Jeff Garcia,36,PHI,QB,8,6,5-1-0,116,188,61.7,1309,10,5.3,2,1.1,61,47.9,65,7.0,7.55,11.3,163.6,95.8,6,40,3.09,6.54,7.11,2,2,AP CPoY-5,2006,67.1
Rk,Player,Age,Team,Pos,G,GS,QBrec,Cmp,Att,Cmp%,Yds,TD,TD%,Int,Int%,1D,Succ%,Lng,Y/A,AY/A,Y/C,Y/G,Rate,Sk,Yds,Sk%,NY/A,ANY/A,4QC,GWD,Awards,2006,QBR
36,Jason Campbell,24,WAS,QB,7,7,2-5-0,110,207,53.1,1297,10,4.8,6,2.9,68,40.7,66,6.3,5.93,11.8,185.3,76.5,7,55,3.27,5.80,5.48,1,1,,2006,52.3
37,Drew Bledsoe,34,DAL,QB,6,6,3-3-0,90,169,53.3,1164,7,4.1,8,4.7,54,39.5,51,6.9,5.59,12.9,194.0,69.2,16,107,8.65,5.71,4.52,0,0,,2006,46.1
38,Byron Leftwich,26,JAX,QB,6,6,3-3-0,108,183,59.0,1159,7,3.8,5,2.7,59,41.7,51,6.3,5.87,10.7,193.2,79.0,9,48,4.69,5.79,5.34,0,1,,2006,44.7
39,Aaron Brooks,30,OAK,QB,8,8,0-8-0,110,192,57.3,1105,3,1.6,8,4.2,58,40.8,57,5.8,4.19,10.0,138.1,61.7,26,174,11.93,4.27,2.89,0,0,,2006,37.8
40,Jay Cutler,23,DEN,QB,5,5,2-3-0,81,137,59.1,1001,9,6.6,5,3.6,49,41.3,71,7.3,6.98,12.4,200.2,88.5,13,85,8.67,6.11,5.81,0,0,,2006,41.9
41,Daunte Culpepper,29,MIA,QB,4,4,1-3-0,81,134,60.4,929,2,1.5,3,2.2,44,38.1,52,6.9,6.22,11.5,232.3,77.0,21,150,13.55,5.03,4.41,0,1,,2006,18.3
42,Seneca Wallace,26,SEA,QB,8,4,2-2-0,82,141,58.2,927,8,5.7,7,5.0,42,40.6,49,6.6,5.48,11.3,115.9,76.2,14,83,9.03,5.45,4.45,1,1,,2006,51.0
43,Derek Anderson,23,CLE,QB,5,3,0-3-0,66,117,56.4,793,5,4.3,8,6.8,37,44.0,66,6.8,4.56,12.0,158.6,63.1,8,66,6.40,5.82,3.74,1,1,,2006,42.2
44,Tim Rattay,29,TAM,QB,4,2,1-1-0,61,101,60.4,748,4,4.0,2,2.0,25,47.6,64,7.4,7.31,12.3,187.0,88.2,4,18,3.81,6.95,6.86,0,0,,2006,65.2
45,Chris Weinke,34,CAR,QB,3,3,1-2-0,56,96,58.3,625,2,2.1,4,4.2,26,41.5,38,6.5,5.05,11.2,208.3,67.4,10,55,9.43,5.38,4.06,0,0,,2006,22.5
46,Chris Simms,26,TAM,QB,3,3,0-3-0,58,106,54.7,585,1,0.9,7,6.6,28,42.7,55,5.5,2.74,10.1,195.0,46.3,4,32,3.64,5.03,2.35,0,0,,2006,34.1
47,Kerry Collins,34,TEN,QB,4,3,0-3-0,42,90,46.7,549,1,1.1,6,6.7,26,35.1,36,6.1,3.32,13.1,137.3,42.3,4,23,4.26,5.60,2.94,0,0,,2006,29.4
48,Charlie Batch,32,PIT,QB,8,1,1-0-0,31,53,58.5,492,5,9.4,0,0.0,22,42.9,87,9.3,11.17,15.9,61.5,121.0,3,13,5.36,8.55,10.34,1,1,,2006,84.5
49,Kyle Boller,25,BAL,QB,5,0,,33,55,60.0,485,5,9.1,2,3.6,20,39.7,77,8.8,9.00,14.7,97.0,104.0,3,16,5.17,8.09,8.26,0,0,,2006,72.4
50,Tarvaris Jackson,23,MIN,QB,4,2,0-2-0,47,81,58.0,475,2,2.5,4,4.9,19,36.0,50,5.9,4.14,10.1,118.8,62.5,8,37,8.99,4.92,3.35,0,0,,2006,11.5
51,Cleo Lemon,27,MIA,QB,4,1,0-1-0,38,68,55.9,412,2,2.9,1,1.5,23,39.7,38,6.1,5.99,10.8,103.0,77.6,5,24,6.85,5.32,5.25,0,0,,2006,47.8
52,A.J. Feeley,29,PHI,QB,2,0,,26,38,68.4,342,3,7.9,0,0.0,15,48.7,89,9.0,10.58,13.2,171.0,122.9,1,10,2.56,8.51,10.05,0,1,,2006,81.4
53,Sage Rosenfels,28,HOU,QB,4,0,,27,39,69.2,265,3,7.7,1,2.6,15,57.5,28,6.8,7.18,9.8,66.3,103.0,1,5,2.50,6.50,6.88,0,0,,2006,66.6
54,Brian Griese,31,CHI,QB,6,0,,18,32,56.3,220,1,3.1,2,6.3,11,34.3,75,6.9,4.69,12.2,36.7,62.0,3,22,8.57,5.66,3.66,1,1,,2006,14.0
55,Jamie Martin,36,NOR,QB,16,0,,16,24,66.7,208,1,4.2,1,4.2,6,34.5,65,8.7,7.63,13.0,13.0,90.3,5,18,17.24,6.55,5.69,0,0,,2006,2.2
56,Matt Schaub,25,ATL,QB,16,0,,18,27,66.7,208,1,3.7,2,7.4,9,37.9,47,7.7,5.11,11.6,13.0,71.2,2,8,6.90,6.90,4.48,0,0,,2006,71.0
57,Quinn Gray,27,JAX,QB,2,0,,13,22,59.1,166,0,0.0,0,0.0,8,39.1,32,7.5,7.55,12.8,83.0,82.8,1,11,4.35,6.74,6.74,0,0,,2006,79.4
58,Brooks Bollinger,27,MIN,QB,2,0,,13,18,72.2,146,0,0.0,1,5.6,7,41.7,50,8.1,5.61,11.2,73.0,72.9,6,42,25.00,4.33,2.46,0,0,,2006,30.9
59,Antwaan Randle El,27,WAS,WR,16,16,,2,3,66.7,88,1,33.3,0,0.0,2,66.7,48,29.3,36.00,44.0,5.5,149.3,0,0,0.00,29.33,36.00,0,0,,2006,100.0
60,Marques Tuiasosopo,27,OAK,QB,2,0,,6,13,46.2,68,1,7.7,2,15.4,4,38.5,29,5.2,-0.15,11.3,34.0,48.4,0,0,0.00,5.23,-0.15,0,0,,2006,84.2
61,Brett Basanez,23,CAR,QB,1,0,,6,11,54.5,56,0,0.0,1,9.1,4,45.5,18,5.1,1.00,9.3,56.0,30.9,0,0,0.00,5.09,1.00,0,0,,2006,38.9
62,Aaron Rodgers,23,GNB,QB,2,0,,6,15,40.0,46,0,0.0,0,0.0,2,16.7,16,3.1,3.07,7.7,23.0,48.2,3,18,16.67,1.56,1.56,0,0,,2006,7.9
63,Brad Maynard,32,CHI,P,16,0,,1,1,100.0,37,0,0.0,0,0.0,1,100.0,37,37.0,37.00,37.0,2.3,118.7,0,0,0.00,37.00,37.00,0,0,,2006,100.0
64,Matt Cassel,24,NWE,QB,6,0,,5,8,62.5,32,0,0.0,0,0.0,3,27.3,10,4.0,4.00,6.4,5.3,70.8,3,15,27.27,1.55,1.55,0,0,,2006,8.5
65,Anthony Wright,30,CIN,QB,4,0,,3,3,100.0,31,0,0.0,0,0.0,2,33.3,22,10.3,10.33,10.3,7.8,109.7,0,0,0.00,10.33,10.33,0,0,,2006,16.5
66,Vinny Testaverde,43,NWE,QB,3,0,,2,3,66.7,29,1,33.3,0,0.0,2,66.7,23,9.7,16.33,14.5,9.7,137.5,0,0,0.00,9.67,16.33,0,0,,2006,99.9
67,Gus Frerotte,35,STL,QB,1,0,,1,3,33.3,27,0,0.0,0,0.0,1,33.3,27,9.0,9.00,27.0,27.0,67.4,0,0,0.00,9.00,9.00,0,0,,2006,80.2
68,Brodie Croyle,23,KAN,QB,2,0,,3,7,42.9,23,0,0.0,2,28.6,2,37.5,11,3.3,-9.57,7.7,11.5,11.9,1,10,12.50,1.63,-9.63,0,0,,2006,0.7
69,Cedrick Wilson,28,PIT,WR,15,12,,1,1,100.0,21,0,0.0,0,0.0,1,100.0,21,21.0,21.00,21.0,1.4,118.7,0,0,0.00,21.00,21.00,0,0,,2006,99.9
70,LaDainian Tomlinson,27,SDG,RB,16,16,,2,3,66.7,20,2,66.7,0,0.0,2,66.7,19,6.7,20.00,10.0,1.3,125.0,0,0,0.00,6.67,20.00,0,0,"PB,AP-1,AP MVP-1,AP OPoY-1",2006,99.7
Rk,Player,Age,Team,Pos,G,GS,QBrec,Cmp,Att,Cmp%,Yds,TD,TD%,Int,Int%,1D,Succ%,Lng,Y/A,AY/A,Y/C,Y/G,Rate,Sk,Yds,Sk%,NY/A,ANY/A,4QC,GWD,Awards,2006,QBR
71,Ryan Longwell,32,MIN,K,16,0,,1,1,100.0,16,1,100.0,0,0.0,1,100.0,16,16.0,36.00,16.0,1.0,158.3,0,0,0.00,16.00,36.00,0,0,,2006,62.2
72,Jon Ryan,25,GNB,P,16,0,,1,1,100.0,16,0,0.0,0,0.0,1,100.0,16,16.0,16.00,16.0,1.0,118.7,0,0,0.00,16.00,16.00,0,0,,2006,7.2
73,Mewelde Moore,24,MIN,RB,16,0,,1,1,100.0,15,1,100.0,0,0.0,1,100.0,15,15.0,35.00,15.0,0.9,158.3,0,0,0.00,15.00,35.00,0,0,,2006,100.0
74,David Akers,32,PHI,K,16,0,,1,1,100.0,11,0,0.0,0,0.0,0,,11,11.0,11.00,11.0,0.7,112.5,0,0,0.00,11.00,11.00,0,0,,2006,0.0
75,Billy Volek,30,SDG,QB,1,0,,1,2,50.0,4,0,0.0,0,0.0,0,,4,2.0,2.00,4.0,4.0,56.2,1,6,33.33,-0.67,-0.67,0,0,,2006,0.9
76,Joseph Addai,23,IND,RB,16,0,,0,0,,0,0,,0,,0,,,,,,0.0,,1,3,100.00,-3.00,-3.00,0,0,,2006,0.0
77,Hank Baskett,24,PHI,WR,16,5,,0,1,0.0,0,0,0.0,1,100.0,0,,,0.0,-45.00,,0.0,0.0,0,0,0.00,0.00,-45.00,0,0,,2006,0.0
78,Arnaz Battle,26,SFO,WR,16,15,,0,1,0.0,0,0,0.0,0,0.0,0,,,0.0,0.00,,0.0,39.6,0,0,0.00,0.00,0.00,0,0,,2006,3.0
79,Deion Branch,27,SEA,WR,14,13,,0,0,,0,0,,0,,0,,,,,,0.0,,1,3,100.00,-3.00,-3.00,0,0,,2006,0.4
80,Ronnie Brown,25,MIA,RB,13,12,,0,1,0.0,0,0,0.0,0,0.0,0,,,0.0,0.00,,0.0,39.6,0,0,0.00,0.00,0.00,0,0,,2006,0.1
81,Isaac Bruce,34,STL,WR,16,13,,0,1,0.0,0,0,0.0,0,0.0,0,,,0.0,0.00,,0.0,39.6,0,0,0.00,0.00,0.00,0,0,,2006,7.3
82,Reggie Bush,21,NOR,RB,16,8,,0,1,0.0,0,0,0.0,1,100.0,0,,,0.0,-45.00,,0.0,0.0,0,0,0.00,0.00,-45.00,0,0,AP ORoY-5,2006,0.0
83,Mark Clayton,24,BAL,WR,16,12,,0,1,0.0,0,0,0.0,0,0.0,0,,,0.0,0.00,,0.0,39.6,0,0,0.00,0.00,0.00,0,0,,2006,8.5
84,Kellen Clemens,23,NYJ,QB,2,0,,0,1,0.0,0,0,0.0,0,0.0,0,,,0.0,0.00,,0.0,39.6,4,27,80.00,-5.40,-5.40,0,0,,2006,0.9
85,Josh Cribbs,23,CLE,WR,16,1,,0,1,0.0,0,0,0.0,0,0.0,0,,,0.0,0.00,,0.0,39.6,0,0,0.00,0.00,0.00,0,0,,2006,
86,Ronald Curry,27,OAK,WR,16,4,,0,2,0.0,0,0,0.0,1,50.0,0,,,0.0,-22.50,,0.0,0.0,0,0,0.00,0.00,-22.50,0,0,,2006,0.2
87,Ken Dorsey,25,CLE,QB,1,0,,0,1,0.0,0,0,0.0,0,0.0,0,,,0.0,0.00,,0.0,39.6,1,7,50.00,-3.50,-3.50,0,0,,2006,0.1
88,Lee Evans,25,BUF,WR,16,15,,0,1,0.0,0,0,0.0,0,0.0,0,,,0.0,0.00,,0.0,39.6,0,0,0.00,0.00,0.00,0,0,,2006,2.2
89,Jeff Feagles,40,NYG,P,16,0,,0,1,0.0,0,0,0.0,0,0.0,0,,,0.0,0.00,,0.0,39.6,0,0,0.00,0.00,0.00,0,0,,2006,0.0
90,Ben Graham,33,NYJ,P,16,0,,0,1,0.0,0,0,0.0,0,0.0,0,,,0.0,0.00,,0.0,39.6,0,0,0.00,0.00,0.00,0,0,,2006,0.0
91,Carlyle Holiday,25,GNB,WR,4,0,,0,1,0.0,0,0,0.0,0,0.0,0,,,0.0,0.00,,0.0,39.6,0,0,0.00,0.00,0.00,0,0,,2006,
92,Joe Horn,34,NOR,WR,10,9,,0,1,0.0,0,0,0.0,0,0.0,0,,,0.0,0.00,,0.0,39.6,0,0,0.00,0.00,0.00,0,0,,2006,0.0
93,Keyshawn Johnson,34,CAR,WR,16,16,,0,1,0.0,0,0,0.0,1,100.0,0,,,0.0,-45.00,,0.0,0.0,0,0,0.00,0.00,-45.00,0,0,,2006,0.0
94,Larry Johnson,27,KAN,RB,16,16,,0,1,0.0,0,0,0.0,0,0.0,0,,,0.0,0.00,,0.0,39.6,0,0,0.00,0.00,0.00,0,0,"PB,AP-1",2006,26.5
95,Wali Lundy,23,HOU,RB,14,8,,0,0,,0,0,,0,,0,,,,,,0.0,,1,9,100.00,-9.00,-9.00,0,0,,2006,0.0
96,Brian Moorman,30,BUF,P,16,0,,0,1,0.0,0,0,0.0,0,0.0,0,,,0.0,0.00,,0.0,39.6,0,0,0.00,0.00,0.00,0,0,"PB,AP-1",2006,4.4
97,Jerious Norwood,23,ATL,RB,14,0,,0,1,0.0,0,0,0.0,0,0.0,0,,,0.0,0.00,,0.0,39.6,0,0,0.00,0.00,0.00,0,0,,2006,1.2
98,Patrick Ramsey,27,NYJ,QB,1,0,,0,1,0.0,0,0,0.0,0,0.0,0,,,0.0,0.00,,0.0,39.6,0,0,0.00,0.00,0.00,0,0,,2006,1.7
99,Michael Robinson,23,SFO,FB,16,0,,0,1,0.0,0,0,0.0,0,0.0,0,,,0.0,0.00,,0.0,39.6,0,0,0.00,0.00,0.00,0,0,,2006,0.0
100,Mike Scifres,26,SDG,P,16,0,,0,1,0.0,0,0,0.0,0,0.0,0,,,0.0,0.00,,0.0,39.6,0,0,0.00,0.00,0.00,0,0,,2006,0.5
101,Kellen Winslow,23,CLE,TE,16,16,,0,0,,0,0,,0,,0,,,,,,0.0,,1,14,100.00,-14.00,-14.00,0,0,AP CPoY-4,2006,0.2
102,Thomas Jones,28,CHI,RB,16,16,,1,1,100.0,-4,0,0.0,0,0.0,0,,-4,-4.0,-4.00,-4.0,-0.3,79.2,1,1,50.00,-2.50,-2.50,0,0,,2006,0.2
,League Average,,,,,,,,,59.8,,,4.0,,3.2,,43.7,,6.9,6.21,11.5,99.9,80.4,,,6.63,5.97,5.38,,,,2006,
1,Tom Brady,30,NWE,QB,16,16,16-0-0,398,578,68.9,4806,50,8.7,8,1.4,240,57.8,69,8.3,9.42,12.1,300.4,117.2,21,128,3.51,7.81,8.88,4,4,"PB,AP-1,AP MVP-1,AP OPoY-1",2007,87.0
2,Drew Brees,28,NOR,QB,16,16,7-9-0,440,652,67.5,4423,28,4.3,18,2.8,233,53.0,58,6.8,6.40,10.1,276.4,89.4,16,109,2.40,6.46,6.08,1,1,,2007,64.6
3,Tony Romo,27,DAL,QB,16,16,13-3-0,335,520,64.4,4211,36,6.9,19,3.7,216,52.2,59,8.1,7.84,12.6,263.2,97.4,24,176,4.41,7.42,7.17,2,2,PB,2007,76.9
4,Brett Favre,38,GNB,QB,16,16,13-3-0,356,535,66.5,4155,28,5.2,15,2.8,198,50.9,82,7.8,7.55,11.7,259.7,95.7,15,93,2.73,7.39,7.18,2,4,"PB,AP-2,AP MVP-2,AP OPoY-3,AP CPoY-4",2007,70.8
5,Carson Palmer,28,CIN,QB,16,16,7-9-0,373,575,64.9,4131,26,4.5,20,3.5,213,51.0,70,7.2,6.52,11.1,258.2,86.7,17,119,2.87,6.78,6.14,2,2,,2007,62.5
6,Jon Kitna,35,DET,QB,16,16,7-9-0,355,561,63.3,4068,18,3.2,20,3.6,198,47.4,91,7.3,6.29,11.5,254.3,80.9,51,320,8.33,6.12,5.24,2,3,,2007,49.0
7,Peyton Manning,31,IND,QB,16,16,13-3-0,337,515,65.4,4040,31,6.0,14,2.7,207,53.9,73,7.8,7.83,12.0,252.5,98.0,21,124,3.92,7.31,7.29,1,2,PB,2007,76.9
8,Matt Hasselbeck,32,SEA,QB,16,16,10-6-0,352,562,62.6,3966,28,5.0,12,2.1,204,49.2,65,7.1,7.09,11.3,247.9,91.4,33,204,5.55,6.32,6.36,2,2,PB,2007,54.4
9,Derek Anderson,24,CLE,QB,16,15,10-5-0,298,527,56.5,3787,29,5.5,19,3.6,185,46.4,78,7.2,6.66,12.7,236.7,82.5,14,109,2.59,6.80,6.29,2,2,"PB,AP CPoY-7",2007,62.6
10,Jay Cutler,24,DEN,QB,16,16,7-9-0,297,467,63.6,3497,20,4.3,14,3.0,174,47.2,68,7.5,7.00,11.8,218.6,88.1,27,153,5.47,6.77,6.30,2,3,,2007,64.3
11,Kurt Warner,36,ARI,QB,14,11,5-6-0,281,451,62.3,3417,27,6.0,17,3.8,169,48.2,62,7.6,7.08,12.2,244.1,89.8,20,140,4.25,6.96,6.48,1,1,,2007,67.9
12,Eli Manning,26,NYG,QB,16,16,10-6-0,297,529,56.1,3336,23,4.3,20,3.8,167,42.8,60,6.3,5.47,11.2,208.5,73.9,27,217,4.86,5.61,4.82,3,3,,2007,52.0
13,Donovan McNabb,31,PHI,QB,14,14,8-6-0,291,473,61.5,3324,19,4.0,7,1.5,154,45.3,75,7.0,7.16,11.4,237.4,89.9,44,227,8.51,5.99,6.12,1,1,,2007,54.0
14,Ben Roethlisberger,25,PIT,QB,15,15,10-5-0,264,404,65.3,3154,32,7.9,11,2.7,167,47.7,83,7.8,8.17,11.9,210.3,104.1,47,347,10.42,6.22,6.55,1,2,"PB,AP CPoY-3",2007,70.5
15,Philip Rivers,26,SDG,QB,16,16,11-5-0,277,460,60.2,3152,21,4.6,15,3.3,157,44.2,49,6.9,6.30,11.4,197.0,82.4,22,163,4.56,6.20,5.67,1,1,,2007,54.5
16,Jason Campbell,25,WAS,QB,13,13,6-7-0,250,417,60.0,2700,12,2.9,11,2.6,148,46.3,54,6.5,5.86,10.8,207.7,77.6,21,110,4.79,5.91,5.33,1,2,,2007,59.8
17,Vince Young,24,TEN,QB,15,15,9-6-0,238,382,62.3,2546,9,2.4,17,4.5,143,46.7,73,6.7,5.13,10.7,169.7,71.1,25,157,6.14,5.87,4.43,0,0,,2007,46.9
18,David Garrard,29,JAX,QB,12,12,9-3-0,208,325,64.0,2509,18,5.5,3,0.9,127,48.8,59,7.7,8.41,12.1,209.1,102.2,21,99,6.07,6.97,7.62,1,2,,2007,80.9
19,Jeff Garcia,37,TAM,QB,13,13,8-5-0,209,327,63.9,2440,13,4.0,4,1.2,111,47.7,69,7.5,7.71,11.7,187.7,94.6,19,104,5.49,6.75,6.98,0,1,PB,2007,59.4
20,Marc Bulger,30,STL,QB,12,12,2-10-0,221,378,58.5,2392,11,2.9,15,4.0,130,41.4,40,6.3,5.12,10.8,199.3,70.3,37,269,8.92,5.12,4.02,0,0,,2007,42.4
21,Damon Huard,34,KAN,QB,11,10,4-6-0,206,332,62.0,2257,11,3.3,13,3.9,113,41.3,58,6.8,5.70,11.0,205.2,76.8,36,234,9.78,5.50,4.51,2,3,,2007,38.5
22,Matt Schaub,26,HOU,QB,11,11,4-7-0,192,289,66.4,2241,9,3.1,9,3.1,97,50.2,77,7.8,6.98,11.7,203.7,87.2,16,126,5.25,6.93,6.20,1,1,,2007,62.6
23,Joey Harrington,29,ATL,QB,12,10,3-7-0,215,348,61.8,2215,7,2.0,8,2.3,101,41.1,69,6.4,5.73,10.3,184.6,77.2,32,192,8.42,5.32,4.74,0,1,,2007,43.3
24,Tarvaris Jackson,24,MIN,QB,12,12,8-4-0,171,294,58.2,1911,9,3.1,12,4.1,95,44.4,71,6.5,5.28,11.2,159.3,70.8,19,70,6.07,5.88,4.73,1,2,,2007,50.6
25,Brian Griese,32,CHI,QB,7,6,3-3-0,161,262,61.5,1803,10,3.8,12,4.6,84,44.0,81,6.9,5.58,11.2,257.6,75.6,15,114,5.42,6.10,4.87,2,2,,2007,45.2
26,Cleo Lemon,28,MIA,QB,9,7,1-6-0,173,309,56.0,1773,6,1.9,6,1.9,87,39.8,64,5.7,5.25,10.2,197.0,71.0,25,166,7.49,4.81,4.36,1,1,,2007,45.5
27,Chad Pennington,31,NYJ,QB,9,8,1-7-0,179,260,68.8,1765,10,3.8,9,3.5,89,46.9,57,6.8,6.00,9.9,196.1,86.1,26,178,9.09,5.55,4.83,0,0,,2007,45.4
28,Kyle Boller,26,BAL,QB,12,8,2-6-0,168,275,61.1,1743,9,3.3,10,3.6,89,41.5,53,6.3,5.36,10.4,145.3,75.2,24,159,8.03,5.30,4.39,0,1,,2007,47.4
29,Sage Rosenfels,29,HOU,QB,9,5,4-1-0,154,240,64.2,1684,15,6.3,12,5.0,93,54.5,53,7.0,6.02,10.9,187.1,84.8,6,48,2.44,6.65,5.67,0,0,,2007,75.6
30,Trent Edwards,24,BUF,QB,10,9,5-4-0,151,269,56.1,1630,7,2.6,8,3.0,82,41.6,70,6.1,5.24,10.8,163.0,70.4,12,105,4.27,5.43,4.64,1,2,,2007,36.3
31,Kellen Clemens,24,NYJ,QB,10,8,3-5-0,130,250,52.0,1529,5,2.0,10,4.0,82,37.5,56,6.1,4.72,11.8,152.9,60.9,27,138,9.75,5.02,3.76,1,2,,2007,31.5
32,Rex Grossman,27,CHI,QB,8,7,2-5-0,122,225,54.2,1411,4,1.8,7,3.1,67,38.0,59,6.3,5.23,11.6,176.4,66.4,25,198,10.00,4.85,3.91,2,2,,2007,27.8
33,Daunte Culpepper,30,OAK,QB,7,6,2-4-0,108,186,58.1,1331,5,2.7,5,2.7,60,40.1,59,7.2,6.48,12.3,190.1,78.0,21,130,10.14,5.80,5.20,1,1,,2007,49.4
34,Brodie Croyle,24,KAN,QB,9,6,0-6-0,127,224,56.7,1227,6,2.7,6,2.7,58,41.9,35,5.5,4.81,9.7,136.3,69.9,17,101,7.05,4.67,4.05,0,0,,2007,35.2
35,J.P. Losman,26,BUF,QB,8,7,2-5-0,111,175,63.4,1204,4,2.3,6,3.4,57,44.4,85,6.9,5.79,10.8,150.5,76.9,14,103,7.41,5.83,4.82,2,3,,2007,33.1
Rk,Player,Age,Team,Pos,G,GS,QBrec,Cmp,Att,Cmp%,Yds,TD,TD%,Int,Int%,1D,Succ%,Lng,Y/A,AY/A,Y/C,Y/G,Rate,Sk,Yds,Sk%,NY/A,ANY/A,4QC,GWD,Awards,2007,QBR
36,Trent Dilfer,35,SFO,QB,7,6,1-5-0,113,219,51.6,1166,7,3.2,12,5.5,61,36.2,57,5.3,3.50,10.3,166.6,55.1,27,182,10.98,4.00,2.37,1,0,,2007,20.4
37,Josh McCown,28,OAK,QB,9,9,2-7-0,111,190,58.4,1151,10,5.3,11,5.8,56,42.6,46,6.1,4.51,10.4,127.9,69.4,14,92,6.86,5.19,3.75,0,0,,2007,29.7
38,Steve McNair,34,BAL,QB,6,6,2-4-0,133,205,64.9,1113,2,1.0,4,2.0,58,47.2,30,5.4,4.75,8.4,185.5,73.9,11,85,5.09,4.76,4.11,0,0,,2007,33.2
39,Chris Redman,30,ATL,QB,7,4,1-3-0,89,149,59.7,1079,10,6.7,5,3.4,48,44.3,74,7.2,7.07,12.1,154.1,90.4,9,51,5.70,6.51,6.35,1,1,,2007,46.2
40,Gus Frerotte,36,STL,QB,8,3,1-2-0,94,167,56.3,1014,7,4.2,12,7.2,55,42.7,38,6.1,3.68,10.8,126.8,58.3,11,59,6.18,5.37,3.12,0,0,,2007,32.6
41,Luke McCown,26,TAM,QB,5,3,1-2-0,94,139,67.6,1009,5,3.6,3,2.2,44,44.2,60,7.3,7.01,10.7,201.8,91.7,15,104,9.74,5.88,5.65,1,1,,2007,50.7
42,Trent Green,37,MIA,QB,5,5,0-5-0,85,141,60.3,987,5,3.5,7,5.0,50,44.6,43,7.0,5.48,11.6,197.4,72.6,7,53,4.73,6.31,4.86,0,0,,2007,44.7
43,Quinn Gray,28,JAX,QB,8,4,2-2-0,80,144,55.6,986,10,6.9,5,3.5,53,44.8,80,6.8,6.67,12.3,123.3,85.6,10,68,6.49,5.96,5.80,1,1,,2007,73.6
44,Vinny Testaverde,44,CAR,QB,7,6,2-4-0,94,172,54.7,952,5,2.9,6,3.5,47,38.1,65,5.5,4.55,10.1,136.0,65.8,9,46,4.97,5.01,4.07,1,1,,2007,31.0
45,Alex Smith,23,SFO,QB,7,7,2-5-0,94,193,48.7,914,2,1.0,4,2.1,48,30.0,45,4.7,4.01,9.7,130.6,57.2,17,121,8.10,3.78,3.11,2,2,,2007,18.2
46,Todd Collins,36,WAS,QB,4,3,3-0-0,67,105,63.8,888,5,4.8,0,0.0,42,44.6,54,8.5,9.41,13.3,222.0,106.4,7,47,6.25,7.51,8.40,0,0,,2007,71.1
47,Matt Moore,23,CAR,QB,9,3,2-1-0,63,111,56.8,730,3,2.7,5,4.5,37,43.6,57,6.6,5.09,11.6,81.1,67.0,6,40,5.13,5.90,4.49,0,1,,2007,49.9
48,A.J. Feeley,30,PHI,QB,3,2,0-2-0,59,103,57.3,681,5,4.9,8,7.8,34,45.3,47,6.6,4.09,11.5,227.0,61.2,3,10,2.83,6.33,3.88,0,0,,2007,52.9
49,Matt Leinart,24,ARI,QB,5,5,3-2-0,60,112,53.6,647,2,1.8,4,3.6,33,43.1,40,5.8,4.53,10.8,129.4,61.9,4,23,3.45,5.38,4.17,1,1,,2007,34.6
50,David Carr,28,CAR,QB,6,4,1-3-0,73,136,53.7,635,3,2.2,5,3.7,32,34.2,38,4.7,3.46,8.7,105.8,58.3,13,74,8.72,3.77,2.66,1,1,,2007,20.0
51,Jake Delhomme,32,CAR,QB,3,3,2-1-0,55,86,64.0,624,8,9.3,1,1.2,27,48.4,74,7.3,8.59,11.3,208.0,111.8,5,46,5.49,6.35,7.62,0,0,,2007,55.8
52,John Beck,26,MIA,QB,5,4,0-4-0,60,107,56.1,559,1,0.9,3,2.8,23,42.7,22,5.2,4.15,9.3,111.8,62.0,10,69,8.55,4.19,3.21,0,0,,2007,13.3
53,Kerry Collins,35,TEN,QB,6,1,1-0-0,50,82,61.0,531,0,0.0,0,0.0,30,49.4,46,6.5,6.48,10.6,88.5,79.9,5,42,5.75,5.62,5.62,1,2,,2007,52.3
54,Kelly Holcomb,34,MIN,QB,3,3,0-3-0,42,83,50.6,515,2,2.4,1,1.2,24,36.8,40,6.2,6.14,12.3,171.7,73.1,12,87,12.63,4.51,4.45,0,0,,2007,30.5
55,Shaun Hill,27,SFO,QB,3,2,2-0-0,54,79,68.4,501,5,6.3,1,1.3,26,57.6,26,6.3,7.04,9.3,167.0,101.3,6,31,7.06,5.53,6.18,0,0,,2007,58.9
56,Kyle Orton,25,CHI,QB,3,3,2-1-0,43,80,53.8,478,3,3.8,2,2.5,20,41.5,55,6.0,5.60,11.1,159.3,73.9,2,12,2.44,5.68,5.32,0,0,,2007,28.2
57,Troy Smith,23,BAL,QB,4,2,1-1-0,40,76,52.6,452,2,2.6,0,0.0,24,36.3,79,5.9,6.47,11.3,113.0,79.5,4,29,5.00,5.29,5.79,0,0,,2007,56.1
58,Brooks Bollinger,28,MIN,QB,5,1,0-1-0,33,50,66.0,391,1,2.0,1,2.0,18,45.6,50,7.8,7.32,11.8,78.2,88.0,7,36,12.28,6.23,5.79,1,1,,2007,41.5
59,JaMarcus Russell,22,OAK,QB,4,1,0-1-0,36,66,54.5,373,2,3.0,4,6.1,17,36.1,32,5.7,3.53,10.4,93.3,55.9,6,40,8.33,4.63,2.68,0,0,,2007,19.8
60,Byron Leftwich,27,ATL,QB,3,2,0-2-0,32,58,55.2,279,1,1.7,2,3.4,13,35.9,23,4.8,3.60,8.7,93.0,59.5,6,37,9.38,3.78,2.69,0,0,,2007,6.6
61,Patrick Ramsey,28,DEN,QB,2,0,,29,48,60.4,262,1,2.1,1,2.1,12,49.0,21,5.5,4.94,9.0,131.0,73.4,3,13,5.88,4.88,4.39,0,0,,2007,59.9
62,Charlie Batch,33,PIT,QB,7,1,0-1-0,17,36,47.2,232,2,5.6,3,8.3,10,41.7,59,6.4,3.81,13.6,33.1,52.1,0,0,0.00,6.44,3.81,0,0,,2007,58.2
63,Aaron Rodgers,24,GNB,QB,2,0,,20,28,71.4,218,1,3.6,0,0.0,9,45.2,43,7.8,8.50,10.9,109.0,106.0,3,24,9.68,6.26,6.90,0,0,,2007,78.8
64,Seneca Wallace,27,SEA,QB,10,0,,19,28,67.9,215,2,7.1,1,3.6,7,45.2,45,7.7,7.50,11.3,21.5,99.6,3,13,9.68,6.52,6.35,0,0,,2007,19.5
65,Tim Rattay,30,ARI,QB,4,0,,15,27,55.6,164,3,11.1,3,11.1,9,44.4,42,6.1,3.30,10.9,41.0,71.1,0,0,0.00,6.07,3.30,0,0,,2007,65.8
66,Brock Berlin,26,STL,QB,1,1,0-1-0,17,28,60.7,153,0,0.0,1,3.6,8,35.7,23,5.5,3.86,9.0,153.0,60.6,0,0,0.00,5.46,3.86,0,0,,2007,3.0
67,J.T. O'Sullivan,28,DET,QB,4,0,,13,26,50.0,148,1,3.8,2,7.7,7,34.5,42,5.7,3.00,11.4,37.0,48.2,3,18,10.34,4.48,2.07,0,0,,2007,4.2
68,Jim Sorgi,27,IND,QB,4,0,,18,36,50.0,132,1,2.8,0,0.0,7,36.8,12,3.7,4.22,7.3,33.0,68.3,2,15,5.26,3.08,3.61,0,0,,2007,19.3
69,Bruce Gradkowski,24,TAM,QB,4,0,,13,24,54.2,130,0,0.0,1,4.2,5,38.5,20,5.4,3.54,10.0,32.5,52.4,2,14,7.69,4.46,2.73,0,0,,2007,37.3
70,Chris Weinke,35,SFO,QB,2,1,0-1-0,13,22,59.1,104,1,4.5,0,0.0,5,25.9,21,4.7,5.64,8.0,52.0,86.2,5,31,18.52,2.70,3.44,0,0,,2007,2.7
Rk,Player,Age,Team,Pos,G,GS,QBrec,Cmp,Att,Cmp%,Yds,TD,TD%,Int,Int%,1D,Succ%,Lng,Y/A,AY/A,Y/C,Y/G,Rate,Sk,Yds,Sk%,NY/A,ANY/A,4QC,GWD,Awards,2007,QBR
71,Sidney Rice,21,MIN,WR,13,4,,2,2,100.0,94,0,0.0,0,0.0,1,100.0,79,47.0,47.00,47.0,7.2,118.7,0,0,0.00,47.00,47.00,0,0,,2007,100.0
72,Craig Nall,28,GNB,QB,1,0,,7,15,46.7,88,1,6.7,0,0.0,4,31.3,32,5.9,7.20,12.6,88.0,87.6,1,10,6.25,4.88,6.13,0,0,,2007,29.2
73,Brad Johnson,39,DAL,QB,16,0,,7,11,63.6,79,0,0.0,0,0.0,2,25.0,35,7.2,7.18,11.3,4.9,85.0,1,9,8.33,5.83,5.83,0,0,,2007,34.1
74,Brady Quinn,23,CLE,QB,1,0,,3,8,37.5,45,0,0.0,0,0.0,3,37.5,18,5.6,5.63,15.0,45.0,56.8,0,0,0.00,5.63,5.63,0,0,,2007,59.0
75,Tyler Thigpen,23,KAN,QB,1,0,,2,6,33.3,41,0,0.0,1,16.7,2,28.6,22,6.8,-0.67,20.5,41.0,18.7,1,9,14.29,4.57,-1.86,0,0,,2007,0.4
76,Matt Cassel,25,NWE,QB,6,0,,4,7,57.1,38,0,0.0,1,14.3,2,57.1,21,5.4,-1.00,9.5,6.3,32.7,0,0,0.00,5.43,-1.00,0,0,,2007,99.1
77,Andrew Walter,25,OAK,QB,1,0,,5,8,62.5,38,0,0.0,0,0.0,2,37.5,19,4.8,4.75,7.6,38.0,74.0,0,0,0.00,4.75,4.75,0,0,,2007,80.7
78,Leon Washington,25,NYJ,RB,16,4,,1,1,100.0,36,0,0.0,0,0.0,1,100.0,36,36.0,36.00,36.0,2.3,118.7,0,0,0.00,36.00,36.00,0,0,,2007,100.0
79,Charlie Frye,26,CLE,QB,1,1,0-1-0,4,10,40.0,34,0,0.0,1,10.0,2,26.7,15,3.4,-1.10,8.5,34.0,10.0,5,31,33.33,0.20,-2.80,0,0,,2007,0.5
80,Daniel Sepulveda,23,PIT,P,16,0,,1,1,100.0,32,0,0.0,0,0.0,1,100.0,32,32.0,32.00,32.0,2.0,118.7,0,0,0.00,32.00,32.00,0,0,,2007,100.0
81,Jared Lorenzen,26,NYG,QB,2,0,,4,8,50.0,28,0,0.0,0,0.0,1,33.3,9,3.5,3.50,7.0,14.0,58.3,1,5,11.11,2.56,2.56,0,0,,2007,9.0
82,Chris Kluwe,26,MIN,P,16,0,,1,1,100.0,27,0,0.0,0,0.0,1,100.0,27,27.0,27.00,27.0,1.7,118.7,0,0,0.00,27.00,27.00,0,0,,2007,100.0
83,Antwaan Randle El,28,WAS,WR,15,13,,1,2,50.0,19,0,0.0,0,0.0,1,50.0,19,9.5,9.50,19.0,1.3,83.3,0,0,0.00,9.50,9.50,0,0,,2007,67.1
84,LaDainian Tomlinson,28,SDG,RB,16,16,,1,1,100.0,17,1,100.0,0,0.0,1,100.0,17,17.0,37.00,17.0,1.1,158.3,0,0,0.00,17.00,37.00,0,0,"PB,AP-1",2007,100.0
85,Matt Gutierrez,23,NWE,QB,5,0,,1,1,100.0,15,0,0.0,0,0.0,1,100.0,15,15.0,15.00,15.0,3.0,118.7,0,0,0.00,15.00,15.00,0,0,,2007,99.9
86,Clinton Portis,26,WAS,RB,16,16,,1,1,100.0,15,1,100.0,0,0.0,1,50.0,15,15.0,35.00,15.0,0.9,158.3,1,2,50.00,6.50,16.50,0,0,,2007,100.0
87,Anthony Wright,31,NYG,QB,3,0,,1,7,14.3,12,0,0.0,0,0.0,1,14.3,12,1.7,1.71,12.0,4.0,39.6,0,0,0.00,1.71,1.71,0,0,,2007,3.7
88,Adrian Peterson,28,CHI,RB,16,5,,1,1,100.0,9,1,100.0,0,0.0,1,100.0,9,9.0,29.00,9.0,0.6,143.7,0,0,0.00,9.00,29.00,0,0,,2007,100.0
89,Marshawn Lynch,21,BUF,RB,13,13,,1,1,100.0,8,1,100.0,0,0.0,1,100.0,8,8.0,28.00,8.0,0.6,139.6,0,0,0.00,8.00,28.00,0,0,,2007,92.5
90,Billy Volek,31,SDG,QB,5,0,,3,10,30.0,6,0,0.0,1,10.0,0,,4,0.6,-3.90,2.0,1.2,0.0,2,7,16.67,-0.08,-3.83,0,0,,2007,0.0
91,Steven Jackson,24,STL,RB,12,12,,1,1,100.0,2,1,100.0,0,0.0,1,100.0,2,2.0,22.00,2.0,0.2,118.7,0,0,0.00,2.00,22.00,0,0,,2007,100.0
92,Marty Booker,31,MIA,WR,15,15,,0,1,0.0,0,0,0.0,0,0.0,0,,,0.0,0.00,,0.0,39.6,0,0,0.00,0.00,0.00,0,0,,2007,25.7
93,Mark Clayton,25,BAL,WR,16,12,,0,1,0.0,0,0,0.0,0,0.0,0,,,0.0,0.00,,0.0,39.6,0,0,0.00,0.00,0.00,0,0,,2007,4.4
94,Ronald Curry,28,OAK,WR,16,13,,0,1,0.0,0,0,0.0,0,0.0,0,,,0.0,0.00,,0.0,39.6,0,0,0.00,0.00,0.00,0,0,,2007,0.6
95,Robbie Gould,25,CHI,K,16,0,,0,1,0.0,0,0,0.0,0,0.0,0,,,0.0,0.00,,0.0,39.6,0,0,0.00,0.00,0.00,0,0,,2007,0.0
96,Devin Hester,25,CHI,PR,16,0,,0,0,,0,0,,0,,0,,,,,,0.0,,1,15,100.00,-15.00,-15.00,0,0,"PB,AP-1",2007,0.0
97,Larry Johnson,28,KAN,RB,8,8,,0,1,0.0,0,0,0.0,0,0.0,0,,,0.0,0.00,,0.0,39.6,0,0,0.00,0.00,0.00,0,0,,2007,7.6
98,Eddie Kennison,34,KAN,WR,8,8,,0,0,,0,0,,0,,0,,,,,,0.0,,1,0,100.00,0.00,0.00,0,0,,2007,3.4
99,Kevin Kolb,23,PHI,QB,1,0,,0,0,,0,0,,0,,0,,,,,,0.0,,2,13,100.00,-6.50,-6.50,0,0,,2007,0.2
100,Greg Lewis,27,PHI,WR,15,1,,0,1,0.0,0,0,0.0,0,0.0,0,,,0.0,0.00,,0.0,39.6,0,0,0.00,0.00,0.00,0,0,,2007,1.3
101,Brandon Marshall,23,DEN,WR,16,16,,0,0,,0,0,,0,,0,,,,,,0.0,,2,9,100.00,-4.50,-4.50,0,0,,2007,0.3
102,Mewelde Moore,25,MIN,RB,12,0,,0,1,0.0,0,0,0.0,0,0.0,0,,,0.0,0.00,,0.0,39.6,0,0,0.00,0.00,0.00,0,0,,2007,10.0
103,Willie Parker,27,PIT,RB,15,15,,0,1,0.0,0,0,0.0,0,0.0,0,,,0.0,0.00,,0.0,39.6,0,0,0.00,0.00,0.00,0,0,PB,2007,1.1
104,Brad Smith,24,NYJ,WR,16,9,,0,1,0.0,0,0,0.0,0,0.0,0,,,0.0,0.00,,0.0,39.6,0,0,0.00,0.00,0.00,0,0,,2007,0.0
105,Chester Taylor,28,MIN,RB,14,8,,0,1,0.0,0,0,0.0,0,0.0,0,,,0.0,0.00,,0.0,39.6,0,0,0.00,0.00,0.00,0,0,,2007,1.4
,League Average,,,,,,,,,61.2,,,4.2,,3.1,,45.8,,6.9,6.29,11.2,117.6,82.6,,,6.07,6.05,5.52,,,,2007,
1,Drew Brees,29,NOR,QB,16,16,8-8-0,413,635,65.0,5069,34,5.4,17,2.7,233,52.0,84,8.0,7.85,12.3,316.8,96.2,13,92,2.01,7.68,7.55,2,2,"PB,AP-2,AP OPoY-1",2008,65.7
2,Kurt Warner,37,ARI,QB,16,16,9-7-0,401,598,67.1,4583,30,5.0,14,2.3,224,51.4,79,7.7,7.61,11.4,286.4,96.9,26,182,4.17,7.05,7.00,1,1,"PB,AP MVP-7,AP CPoY-4",2008,68.5
3,Jay Cutler,25,DEN,QB,16,16,8-8-0,384,616,62.3,4526,25,4.1,18,2.9,223,51.7,93,7.3,6.84,11.8,282.9,86.0,11,69,1.75,7.11,6.61,3,4,PB,2008,61.9
4,Aaron Rodgers,25,GNB,QB,16,16,6-10-0,341,536,63.6,4038,28,5.2,13,2.4,184,45.8,71,7.5,7.49,11.8,252.4,93.8,34,231,5.96,6.68,6.64,1,2,,2008,62.9
5,Philip Rivers,27,SDG,QB,16,16,8-8-0,312,478,65.3,4009,34,7.1,11,2.3,191,51.7,67,8.4,8.77,12.8,250.6,105.5,25,151,4.97,7.67,8.04,3,4,"AP MVP-6,AP OPoY-4,AP CPoY-8",2008,63.2
6,Peyton Manning,32,IND,QB,16,16,12-4-0,371,555,66.8,4002,27,4.9,12,2.2,213,52.4,75,7.2,7.21,10.8,250.1,95.0,14,86,2.46,6.88,6.88,4,6,"PB,AP-1,AP MVP-1,AP OPoY-2",2008,76.5
7,Donovan McNabb,32,PHI,QB,16,16,9-6-1,345,571,60.4,3916,23,4.0,11,1.9,195,46.8,90,6.9,6.80,11.4,244.8,86.4,23,149,3.87,6.34,6.28,2,1,,2008,54.9
8,Matt Cassel,26,NWE,QB,16,15,10-5-0,327,516,63.4,3693,21,4.1,11,2.1,181,47.8,76,7.2,7.01,11.3,230.8,89.4,47,219,8.35,6.17,6.04,2,2,,2008,63.4
9,Chad Pennington,32,MIA,QB,16,16,11-5-0,321,476,67.4,3653,19,4.0,7,1.5,180,50.8,80,7.7,7.81,11.4,228.3,97.4,24,121,4.80,7.06,7.19,1,2,"AP MVP-2,AP CPoY-1",2008,65.7
10,David Garrard,30,JAX,QB,16,16,5-11-0,335,535,62.6,3620,15,2.8,13,2.4,181,47.8,41,6.8,6.23,10.8,226.3,81.7,42,288,7.28,5.77,5.28,3,3,,2008,58.7
11,Brett Favre,39,NYJ,QB,16,16,9-7-0,343,522,65.7,3472,22,4.2,22,4.2,186,49.3,56,6.7,5.60,10.1,217.0,81.0,30,213,5.43,5.90,4.91,1,2,PB,2008,43.4
12,Tony Romo,28,DAL,QB,13,13,8-5-0,276,450,61.3,3448,26,5.8,14,3.1,149,46.2,75,7.7,7.42,12.5,265.2,91.4,20,123,4.26,7.07,6.84,2,2,,2008,60.8
13,Matt Ryan,23,ATL,QB,16,16,11-5-0,265,434,61.1,3440,16,3.7,11,2.5,156,45.5,70,7.9,7.52,13.0,215.0,87.7,17,104,3.77,7.40,7.01,2,4,AP ORoY-1,2008,68.8
14,Ben Roethlisberger,26,PIT,QB,16,16,12-4-0,281,469,59.9,3301,17,3.6,15,3.2,162,44.3,65,7.0,6.32,11.7,206.3,80.1,46,284,8.93,5.86,5.21,4,4,,2008,47.1
15,Jake Delhomme,33,CAR,QB,16,16,12-4-0,246,414,59.4,3288,15,3.6,12,2.9,153,45.9,65,7.9,7.36,13.4,205.5,84.7,20,130,4.61,7.28,6.72,4,5,AP CPoY-2,2008,55.5
16,Jason Campbell,27,WAS,QB,16,16,8-8-0,315,506,62.3,3245,13,2.6,6,1.2,161,44.5,67,6.4,6.39,10.3,202.8,84.3,38,266,6.99,5.48,5.46,1,3,,2008,58.5
17,Eli Manning,27,NYG,QB,16,16,12-4-0,289,479,60.3,3238,21,4.4,10,2.1,168,48.0,48,6.8,6.70,11.2,202.4,86.4,27,174,5.34,6.06,6.00,3,3,PB,2008,66.9
18,Matt Schaub,27,HOU,QB,11,11,6-5-0,251,380,66.1,3043,15,3.9,10,2.6,146,48.4,65,8.0,7.61,12.1,276.6,92.7,23,149,5.71,7.18,6.81,2,2,,2008,67.3
19,Kyle Orton,26,CHI,QB,15,15,9-6-0,272,465,58.5,2972,18,3.9,12,2.6,143,44.9,65,6.4,6.00,10.9,198.1,79.6,27,160,5.49,5.72,5.35,2,2,,2008,48.2
20,Joe Flacco,23,BAL,QB,16,16,11-5-0,257,428,60.0,2971,14,3.3,12,2.8,143,40.4,70,6.9,6.33,11.6,185.7,80.3,32,276,6.96,5.86,5.29,1,1,,2008,47.1
21,Marc Bulger,31,STL,QB,15,15,2-13-0,251,440,57.0,2720,11,2.5,13,3.0,119,38.5,80,6.2,5.35,10.8,181.3,71.4,38,263,7.95,5.14,4.38,1,1,,2008,36.1
22,Jeff Garcia,38,TAM,QB,12,11,6-5-0,244,376,64.9,2712,12,3.2,6,1.6,123,48.6,71,7.2,7.13,11.1,226.0,90.2,23,100,5.76,6.55,6.47,1,3,,2008,69.3
23,Trent Edwards,25,BUF,QB,14,14,7-7-0,245,374,65.5,2699,11,2.9,10,2.7,134,47.4,65,7.2,6.60,11.0,192.8,85.4,23,143,5.79,6.44,5.86,3,3,,2008,43.1
24,Kerry Collins,36,TEN,QB,16,15,12-3-0,242,415,58.3,2676,12,2.9,7,1.7,132,44.4,56,6.4,6.27,11.1,167.3,80.2,8,60,1.89,6.18,6.01,1,3,"PB,AP CPoY-2",2008,57.4
25,Tyler Thigpen,24,KAN,QB,14,11,1-10-0,230,420,54.8,2608,18,4.3,12,2.9,127,41.9,75,6.2,5.78,11.3,186.3,76.0,26,162,5.83,5.48,5.08,0,1,,2008,50.7
26,JaMarcus Russell,23,OAK,QB,15,15,5-10-0,198,368,53.8,2423,13,3.5,8,2.2,110,38.1,84,6.6,6.31,12.2,161.5,77.1,31,210,7.77,5.55,5.30,1,2,,2008,29.2
27,Gus Frerotte,37,MIN,QB,11,11,8-3-0,178,301,59.1,2157,12,4.0,15,5.0,102,40.6,99,7.2,5.72,12.1,196.1,73.7,29,164,8.79,6.04,4.72,3,3,,2008,36.1
28,Shaun Hill,28,SFO,QB,9,8,5-3-0,181,288,62.8,2046,13,4.5,8,2.8,100,49.2,48,7.1,6.76,11.3,227.3,87.5,23,148,7.40,6.10,5.78,2,3,,2008,62.1
29,Ryan Fitzpatrick,26,CIN,QB,13,12,4-7-1,221,372,59.4,1905,8,2.2,9,2.4,99,40.7,79,5.1,4.46,8.6,146.5,70.0,38,193,9.27,4.18,3.58,0,0,,2008,52.5
30,J.T. O'Sullivan,29,SFO,QB,9,8,2-6-0,128,220,58.2,1678,8,3.6,11,5.0,76,38.9,63,7.6,6.10,13.1,186.4,73.6,32,197,12.70,5.88,4.55,1,1,,2008,27.4
31,Dan Orlovsky,25,DET,QB,10,7,0-7-0,143,255,56.1,1616,8,3.1,8,3.1,74,40.5,96,6.3,5.55,11.3,161.6,72.6,14,95,5.20,5.65,4.91,0,0,,2008,42.0
32,Derek Anderson,25,CLE,QB,10,9,3-6-0,142,283,50.2,1615,9,3.2,8,2.8,83,40.4,70,5.7,5.07,11.4,161.5,66.5,14,87,4.71,5.14,4.54,1,2,,2008,44.4
33,Seneca Wallace,28,SEA,QB,10,8,3-5-0,141,242,58.3,1532,11,4.5,3,1.2,71,41.8,90,6.3,6.68,10.9,153.2,87.0,14,76,5.47,5.69,6.02,1,1,,2008,61.3
34,Sage Rosenfels,30,HOU,QB,6,5,2-3-0,116,174,66.7,1431,6,3.4,10,5.7,64,54.1,61,8.2,6.33,12.3,238.5,79.5,9,58,4.92,7.50,5.70,0,0,,2008,51.3
35,Matt Hasselbeck,33,SEA,QB,7,7,1-6-0,109,209,52.2,1216,5,2.4,10,4.8,64,38.2,34,5.8,4.14,11.2,173.7,57.8,19,119,8.33,4.81,3.28,0,0,,2008,36.3
Rk,Player,Age,Team,Pos,G,GS,QBrec,Cmp,Att,Cmp%,Yds,TD,TD%,Int,Int%,1D,Succ%,Lng,Y/A,AY/A,Y/C,Y/G,Rate,Sk,Yds,Sk%,NY/A,ANY/A,4QC,GWD,Awards,2008,QBR
36,Brian Griese,33,TAM,QB,5,5,3-2-0,110,184,59.8,1073,5,2.7,7,3.8,59,43.0,38,5.8,4.66,9.8,214.6,69.4,9,69,4.66,5.20,4.09,2,2,,2008,47.7
37,Tarvaris Jackson,25,MIN,QB,9,5,2-3-0,88,149,59.1,1056,9,6.0,2,1.3,48,39.3,59,7.1,7.69,12.0,117.3,95.4,14,97,8.59,5.88,6.44,2,2,,2008,57.8
38,Daunte Culpepper,31,DET,QB,5,5,0-5-0,60,115,52.2,786,4,3.5,6,5.2,30,34.9,70,6.8,5.18,13.1,157.2,63.9,14,95,10.85,5.36,3.88,0,0,,2008,26.7
39,Jon Kitna,36,DET,QB,4,4,0-4-0,68,120,56.7,758,5,4.2,5,4.2,33,39.3,47,6.3,5.28,11.1,189.5,72.2,15,89,11.11,4.96,4.03,0,0,,2008,19.5
40,Carson Palmer,29,CIN,QB,4,4,0-4-0,75,129,58.1,731,3,2.3,4,3.1,41,40.0,36,5.7,4.74,9.7,182.8,69.0,11,67,7.86,4.74,3.89,0,0,,2008,65.0
41,J.P. Losman,27,BUF,QB,5,2,0-2-0,63,104,60.6,584,2,1.9,5,4.8,34,37.8,87,5.6,3.84,9.3,116.8,62.3,15,119,12.61,3.91,2.35,0,0,,2008,30.9
42,Trent Green,38,STL,QB,3,1,0-1-0,38,72,52.8,525,0,0.0,6,8.3,19,43.6,53,7.3,3.54,13.8,175.0,41.7,6,58,7.69,5.99,2.53,0,0,,2008,17.1
43,Brady Quinn,24,CLE,QB,3,3,1-2-0,45,89,50.6,518,2,2.2,2,2.2,24,37.8,42,5.8,5.26,11.5,172.7,66.6,1,9,1.11,5.66,5.10,1,1,,2008,40.5
44,Damon Huard,35,KAN,QB,5,3,1-2-0,50,81,61.7,477,2,2.5,4,4.9,20,34.4,68,5.9,4.16,9.5,95.4,65.7,9,56,10.00,4.68,3.12,0,0,,2008,25.6
45,Brad Johnson,40,DAL,QB,16,3,1-2-0,41,78,52.6,427,2,2.6,5,6.4,17,34.9,36,5.5,3.10,10.4,26.7,50.5,8,54,9.30,4.34,2.19,0,0,,2008,26.2
46,Ken Dorsey,27,CLE,QB,4,3,0-3-0,43,91,47.3,370,0,0.0,7,7.7,21,30.2,28,4.1,0.60,8.6,92.5,26.4,5,43,5.21,3.41,0.13,0,0,,2008,19.6
47,Byron Leftwich,28,PIT,QB,5,0,,21,36,58.3,303,2,5.6,0,0.0,17,48.7,50,8.4,9.53,14.4,60.6,104.3,3,22,7.69,7.21,8.23,0,0,,2008,97.3
48,Matt Leinart,25,ARI,QB,4,0,,15,29,51.7,264,1,3.4,1,3.4,9,38.7,78,9.1,8.24,17.6,66.0,80.2,2,19,6.45,7.90,7.10,0,0,,2008,18.2
49,Rex Grossman,28,CHI,QB,4,1,0-1-0,32,62,51.6,257,2,3.2,2,3.2,12,34.4,29,4.1,3.34,8.0,64.3,59.7,2,8,3.13,3.89,3.11,1,1,,2008,23.6
50,Vince Young,25,TEN,QB,3,1,1-0-0,22,36,61.1,219,1,2.8,2,5.6,9,30.8,54,6.1,4.14,10.0,73.0,64.5,3,13,7.69,5.28,3.49,0,0,,2008,5.3
51,Andrew Walter,26,OAK,QB,2,1,0-1-0,22,49,44.9,204,0,0.0,3,6.1,11,33.3,28,4.2,1.41,9.3,102.0,31.3,5,39,9.26,3.06,0.56,0,0,,2008,1.7
52,Jim Sorgi,28,IND,QB,1,0,,22,30,73.3,178,0,0.0,0,0.0,10,46.7,33,5.9,5.93,8.1,178.0,87.9,0,0,0.00,5.93,5.93,0,0,,2008,85.9
53,Brodie Croyle,25,KAN,QB,2,2,0-2-0,20,29,69.0,151,0,0.0,0,0.0,7,40.0,22,5.2,5.21,7.6,75.5,81.2,1,10,3.33,4.70,4.70,0,0,,2008,66.5
54,Kevin Kolb,24,PHI,QB,6,0,,17,34,50.0,144,0,0.0,4,11.8,8,41.2,16,4.2,-1.06,8.5,24.0,21.8,0,0,0.00,4.24,-1.06,0,0,,2008,4.7
55,Drew Stanton,24,DET,QB,3,0,,9,17,52.9,119,1,5.9,0,0.0,6,30.4,41,7.0,8.18,13.2,39.7,95.0,6,35,26.09,3.65,4.52,0,0,,2008,31.0
56,David Carr,29,NYG,QB,3,0,,9,12,75.0,115,2,16.7,0,0.0,7,61.5,27,9.6,12.92,12.8,38.3,144.1,1,2,7.69,8.69,11.77,0,0,,2008,88.2
57,Charlie Frye,27,SEA,QB,2,1,0-1-0,12,23,52.2,83,2,8.7,2,8.7,5,38.5,19,3.6,1.43,6.9,41.5,53.4,3,19,11.54,2.46,0.54,0,0,,2008,10.5
58,Troy Smith,24,BAL,QB,6,0,,3,4,75.0,82,1,25.0,0,0.0,3,60.0,43,20.5,25.50,27.3,13.7,156.2,1,1,20.00,16.20,20.20,0,0,,2008,68.2
59,Tom Brady,31,NWE,QB,1,1,1-0-0,7,11,63.6,76,0,0.0,0,0.0,3,54.5,26,6.9,6.91,10.9,76.0,83.9,0,0,0.00,6.91,6.91,0,0,,2008,59.5
60,Quinn Gray,29,KAN,QB,1,0,,7,8,87.5,76,1,12.5,0,0.0,5,87.5,26,9.5,12.00,10.9,76.0,145.8,0,0,0.00,9.50,12.00,0,0,,2008,97.8
61,Brooks Bollinger,29,DAL,QB,2,0,,10,17,58.8,71,1,5.9,1,5.9,4,40.0,24,4.2,2.71,7.1,35.5,63.6,3,22,15.00,2.45,1.20,0,0,,2008,16.2
62,Chad Henne,23,MIA,QB,3,0,,7,12,58.3,67,0,0.0,0,0.0,3,50.0,19,5.6,5.58,9.6,22.3,74.0,0,0,0.00,5.58,5.58,0,0,,2008,88.0
63,Antwaan Randle El,29,WAS,WR,16,16,,3,4,75.0,46,1,25.0,0,0.0,3,75.0,18,11.5,16.50,15.3,2.9,152.1,0,0,0.00,11.50,16.50,0,0,,2008,88.5
64,Jason Witten,26,DAL,TE,16,16,,1,1,100.0,42,0,0.0,0,0.0,1,100.0,42,42.0,42.00,42.0,2.6,118.7,0,0,0.00,42.00,42.00,0,0,"PB,AP-2",2008,100.0
65,Ronnie Brown,27,MIA,RB,16,13,,2,3,66.7,41,1,33.3,0,0.0,1,50.0,22,13.7,20.33,20.5,2.6,149.3,1,8,25.00,8.25,13.25,0,0,"PB,AP CPoY-8",2008,76.8
66,Jordan Palmer,24,CIN,QB,3,0,,7,12,58.3,41,0,0.0,2,16.7,4,28.6,13,3.4,-4.08,5.9,13.7,25.3,2,11,14.29,2.14,-4.29,0,0,,2008,7.2
67,Mark Bradley,26,KAN,WR,10,8,,1,1,100.0,37,1,100.0,0,0.0,1,100.0,37,37.0,57.00,37.0,3.7,158.3,0,0,0.00,37.00,57.00,0,0,,2008,
68,Mark Clayton,26,BAL,WR,16,13,,1,1,100.0,32,1,100.0,0,0.0,1,100.0,32,32.0,52.00,32.0,2.0,158.3,0,0,0.00,32.00,52.00,0,0,,2008,100.0
69,Kellen Clemens,25,NYJ,QB,2,0,,3,5,60.0,26,0,0.0,1,20.0,2,60.0,11,5.2,-3.80,8.7,13.0,34.2,0,0,0.00,5.20,-3.80,0,0,,2008,2.0
70,Bruce Gradkowski,25,CLE,QB,2,1,0-1-0,7,21,33.3,26,0,0.0,3,14.3,1,12.0,12,1.2,-5.19,3.7,13.0,2.8,4,18,16.00,0.32,-5.08,0,0,,2008,0.6
Rk,Player,Age,Team,Pos,G,GS,QBrec,Cmp,Att,Cmp%,Yds,TD,TD%,Int,Int%,1D,Succ%,Lng,Y/A,AY/A,Y/C,Y/G,Rate,Sk,Yds,Sk%,NY/A,ANY/A,4QC,GWD,Awards,2008,QBR
71,Kevin O'Connell,23,NWE,QB,2,0,,4,6,66.7,23,0,0.0,0,0.0,1,28.6,12,3.8,3.83,5.8,11.5,73.6,1,2,14.29,3.00,3.00,0,0,,2008,9.0
72,Drew Henson,28,DET,QB,2,0,,1,2,50.0,20,0,0.0,0,0.0,1,20.0,20,10.0,10.00,20.0,10.0,85.4,3,25,60.00,-1.00,-1.00,0,0,,2008,4.9
73,Brian Moorman,32,BUF,P,16,0,,1,1,100.0,19,1,100.0,0,0.0,1,100.0,19,19.0,39.00,19.0,1.2,158.3,0,0,0.00,19.00,39.00,0,0,,2008,100.0
74,Patrick Ramsey,29,DEN,QB,1,0,,2,3,66.7,19,0,0.0,0,0.0,2,50.0,10,6.3,6.33,9.5,19.0,84.0,1,5,25.00,3.50,3.50,0,0,,2008,40.9
75,Brad Smith,25,NYJ,WR,15,1,,1,2,50.0,18,0,0.0,0,0.0,0,,18,9.0,9.00,18.0,1.2,81.2,0,0,0.00,9.00,9.00,0,0,,2008,0.3
76,Jerheme Urban,28,ARI,WR,16,2,,1,1,100.0,18,0,0.0,0,0.0,1,100.0,18,18.0,18.00,18.0,1.1,118.7,0,0,0.00,18.00,18.00,0,0,,2008,99.8
77,Dane Looker,32,STL,WR,13,6,,2,3,66.7,17,0,0.0,0,0.0,0,50.0,11,5.7,5.67,8.5,1.3,81.2,1,0,25.00,4.25,4.25,0,0,,2008,38.0
78,Dirk Johnson,33,ARI,P,12,0,,1,1,100.0,10,0,0.0,0,0.0,0,,10,10.0,10.00,10.0,0.8,108.3,0,0,0.00,10.00,10.00,0,0,,2008,29.5
79,Michael Bush,24,OAK,RB,15,0,,1,2,50.0,8,0,0.0,0,0.0,1,50.0,8,4.0,4.00,8.0,0.5,60.4,0,0,0.00,4.00,4.00,0,0,,2008,100.0
80,Josh Cribbs,25,CLE,WR,15,2,,1,4,25.0,8,0,0.0,0,0.0,1,25.0,8,2.0,2.00,8.0,0.5,39.6,0,0,0.00,2.00,2.00,0,0,,2008,
81,Chris Simms,28,TEN,QB,1,0,,1,2,50.0,7,0,0.0,0,0.0,1,33.3,7,3.5,3.50,7.0,7.0,58.3,1,10,33.33,-1.00,-1.00,0,0,,2008,3.9
82,Brock Berlin,27,STL,QB,1,0,,1,3,33.3,6,0,0.0,0,0.0,0,,6,2.0,2.00,6.0,6.0,42.4,0,0,0.00,2.00,2.00,0,0,,2008,4.4
83,Matt Flynn,23,GNB,QB,7,0,,2,5,40.0,6,0,0.0,0,0.0,0,,3,1.2,1.20,3.0,0.9,47.9,0,0,0.00,1.20,1.20,0,0,,2008,12.5
84,Marques Hagans,26,KAN,WR,2,0,,1,1,100.0,5,0,0.0,0,0.0,0,,5,5.0,5.00,5.0,2.5,87.5,1,1,50.00,2.00,2.00,0,0,,2008,
85,Larry Johnson,29,KAN,RB,12,12,,1,1,100.0,4,1,100.0,0,0.0,0,,4,4.0,24.00,4.0,0.3,122.9,0,0,0.00,4.00,24.00,0,0,,2008,91.8
86,Chester Taylor,29,MIN,RB,16,1,,1,1,100.0,4,1,100.0,0,0.0,1,100.0,4,4.0,24.00,4.0,0.3,122.9,0,0,0.00,4.00,24.00,0,0,,2008,100.0
87,Marques Tuiasosopo,29,OAK,QB,2,0,,1,2,50.0,4,0,0.0,0,0.0,0,,4,2.0,2.00,4.0,2.0,56.2,2,16,50.00,-3.00,-3.00,0,0,,2008,0.0
88,Dennis Dixon,23,PIT,QB,1,0,,1,1,100.0,3,0,0.0,0,0.0,0,,3,3.0,3.00,3.0,3.0,79.2,0,0,0.00,3.00,3.00,0,0,,2008,7.9
89,Earnest Graham,28,TAM,RB,10,10,,1,1,100.0,3,1,100.0,0,0.0,1,100.0,3,3.0,23.00,3.0,0.3,118.7,0,0,0.00,3.00,23.00,0,0,,2008,99.8
90,J.J. Arrington,25,ARI,RB,11,3,,0,1,0.0,0,0,0.0,0,0.0,0,,,0.0,0.00,,0.0,39.6,0,0,0.00,0.00,0.00,0,0,,2008,5.4
91,Isaac Bruce,36,SFO,WR,16,15,,0,1,0.0,0,0,0.0,0,0.0,0,,,0.0,0.00,,0.0,39.6,0,0,0.00,0.00,0.00,0,0,,2008,7.0
92,Patrick Crayton,29,DAL,WR,16,7,,0,1,0.0,0,0,0.0,0,0.0,0,,,0.0,0.00,,0.0,39.6,0,0,0.00,0.00,0.00,0,0,,2008,3.8
93,Dante Hall,30,STL,WR,8,0,,0,1,0.0,0,0,0.0,0,0.0,0,,,0.0,0.00,,0.0,39.6,0,0,0.00,0.00,0.00,0,0,,2008,1.5
94,DeSean Jackson,22,PHI,WR,16,15,,0,1,0.0,0,0,0.0,1,100.0,0,,,0.0,-45.00,,0.0,0.0,0,0,0.00,0.00,-45.00,0,0,,2008,44.0
95,Donnie Jones,28,STL,P,16,0,,0,1,0.0,0,0,0.0,0,0.0,0,,,0.0,0.00,,0.0,39.6,0,0,0.00,0.00,0.00,0,0,AP-2,2008,0.0
96,Cleo Lemon,29,JAX,QB,2,0,,0,2,0.0,0,0,0.0,0,0.0,0,,,0.0,0.00,,0.0,39.6,0,0,0.00,0.00,0.00,0,0,,2008,5.4
97,Brad Maynard,34,CHI,P,16,0,,0,1,0.0,0,0,0.0,0,0.0,0,,,0.0,0.00,,0.0,39.6,0,0,0.00,0.00,0.00,0,0,,2008,0.0
98,Luke McCown,27,TAM,QB,2,0,,0,1,0.0,0,0,0.0,0,0.0,0,,,0.0,0.00,,0.0,39.6,0,0,0.00,0.00,0.00,0,0,,2008,0.5
99,Darren McFadden,21,OAK,RB,13,5,,0,0,,0,0,,0,,0,,,,,,0.0,,1,5,100.00,-5.00,-5.00,0,0,,2008,3.8
100,Lance Moore,25,NOR,WR,16,6,,0,1,0.0,0,0,0.0,1,100.0,0,,,0.0,-45.00,,0.0,0.0,0,0,0.00,0.00,-45.00,0,0,,2008,0.0
101,Sidney Rice,22,MIN,WR,13,3,,0,1,0.0,0,0,0.0,0,0.0,0,,,0.0,0.00,,0.0,39.6,0,0,0.00,0.00,0.00,0,0,,2008,8.1
102,Eddie Royal,22,DEN,WR,15,15,,0,1,0.0,0,0,0.0,0,0.0,0,,,0.0,0.00,,0.0,39.6,0,0,0.00,0.00,0.00,0,0,,2008,5.4
103,Matt Turk,40,HOU,P,16,0,,0,1,0.0,0,0,0.0,0,0.0,0,,,0.0,0.00,,0.0,39.6,0,0,0.00,0.00,0.00,0,0,,2008,100.0
104,Ricky Williams,31,MIA,RB,16,3,,0,0,,0,0,,0,,0,,,,,,0.0,,1,0,100.00,0.00,0.00,0,0,,2008,25.4
105,Kevin Faulk,32,NWE,RB,15,3,,1,1,100.0,-2,0,0.0,0,0.0,0,,-2,-2.0,-2.00,-2.0,-0.1,79.2,0,0,0.00,-2.00,-2.00,0,0,,2008,38.6
,League Average,,,,,,,,,61.0,,,3.9,,2.8,,45.4,,6.9,6.46,11.4,110.4,83.2,,,5.90,6.16,5.70,,,,2008,
1,Matt Schaub,28,HOU,QB,16,16,9-7-0,396,583,67.9,4770,29,5.0,15,2.6,231,53.3,72,8.2,8.02,12.0,298.1,98.6,25,149,4.11,7.60,7.44,2,4,PB,2009,72.9
2,Peyton Manning,33,IND,QB,16,16,14-2-0,393,571,68.8,4500,33,5.8,16,2.8,241,54.6,80,7.9,7.78,11.5,281.3,99.9,10,74,1.72,7.62,7.51,7,7,"PB,AP-1,AP MVP-1,AP OPoY-3",2009,80.7
3,Tony Romo,29,DAL,QB,16,16,11-5-0,347,550,63.1,4483,26,4.7,9,1.6,203,48.3,80,8.2,8.36,12.9,280.2,97.6,34,196,5.82,7.34,7.54,3,3,PB,2009,65.5
4,Aaron Rodgers,26,GNB,QB,16,16,11-5-0,350,541,64.7,4434,30,5.5,7,1.3,198,47.4,83,8.2,8.72,12.7,277.1,103.2,50,306,8.46,6.98,7.47,2,2,PB,2009,69.1
5,Tom Brady,32,NWE,QB,16,16,10-6-0,371,565,65.7,4398,28,5.0,13,2.3,215,54.6,81,7.8,7.74,11.9,274.9,96.2,16,86,2.75,7.42,7.38,1,1,"PB,AP CPoY-1",2009,74.1
6,Drew Brees,30,NOR,QB,15,15,13-2-0,363,514,70.6,4388,34,6.6,11,2.1,210,53.9,75,8.5,8.90,12.1,292.5,109.6,20,135,3.75,7.96,8.31,2,4,"PB,AP-2,AP MVP-2,AP OPoY-2",2009,82.0
7,Ben Roethlisberger,27,PIT,QB,15,15,9-6-0,337,506,66.6,4328,26,5.1,12,2.4,201,50.7,60,8.6,8.51,12.8,288.5,100.5,50,348,8.99,7.16,7.12,2,3,,2009,69.0
8,Philip Rivers,28,SDG,QB,16,16,13-3-0,317,486,65.2,4254,28,5.8,9,1.9,208,50.7,81,8.8,9.07,13.4,265.9,104.4,25,167,4.89,8.00,8.30,2,4,"PB,AP MVP-3,AP OPoY-4",2009,77.2
9,Brett Favre,40,MIN,QB,16,16,12-4-0,363,531,68.4,4202,33,6.2,7,1.3,214,49.9,63,7.9,8.56,11.6,262.6,107.2,34,247,6.02,7.00,7.61,2,2,"PB,AP MVP-4,AP CPoY-4",2009,74.4
10,Eli Manning,28,NYG,QB,16,16,8-8-0,317,509,62.3,4021,27,5.3,14,2.8,183,46.4,74,7.9,7.72,12.7,251.3,93.1,30,216,5.57,7.06,6.89,1,2,,2009,71.7
11,Kyle Orton,27,DEN,QB,16,15,8-7-0,336,541,62.1,3802,21,3.9,12,2.2,175,42.6,87,7.0,6.81,11.3,237.6,86.8,29,159,5.09,6.39,6.18,3,3,,2009,56.9
12,Kurt Warner,38,ARI,QB,15,15,10-5-0,339,513,66.1,3753,26,5.1,14,2.7,192,50.5,45,7.3,7.10,11.1,250.2,93.2,24,172,4.47,6.67,6.46,1,2,,2009,66.2
13,Jay Cutler,26,CHI,QB,16,16,7-9-0,336,555,60.5,3666,27,4.9,26,4.7,169,41.7,71,6.6,5.47,10.9,229.1,76.8,35,204,5.93,5.87,4.80,2,4,,2009,49.9
14,Jason Campbell,28,WAS,QB,16,16,4-12-0,327,507,64.5,3618,20,3.9,15,3.0,187,45.8,84,7.1,6.59,11.1,226.1,86.4,43,285,7.82,6.06,5.56,1,1,,2009,55.2
15,Joe Flacco,24,BAL,QB,16,16,9-7-0,315,499,63.1,3613,21,4.2,12,2.4,184,46.4,72,7.2,7.00,11.5,225.8,88.9,36,218,6.73,6.35,6.12,1,2,,2009,58.5
16,David Garrard,31,JAX,QB,16,16,7-9-0,314,516,60.9,3597,15,2.9,10,1.9,169,43.9,63,7.0,6.68,11.5,224.8,83.5,42,236,7.53,6.02,5.75,3,4,PB,2009,54.4
17,Donovan McNabb,33,PHI,QB,14,14,10-4-0,267,443,60.3,3553,22,5.0,10,2.3,141,41.4,60,8.0,8.00,13.3,253.8,92.9,35,264,7.32,6.88,6.86,2,3,PB,2009,58.2
18,Carson Palmer,30,CIN,QB,16,16,10-6-0,282,466,60.5,3094,21,4.5,13,2.8,159,46.3,73,6.6,6.29,11.0,193.4,83.6,26,213,5.28,5.86,5.52,3,5,,2009,58.6
19,Matt Hasselbeck,34,SEA,QB,14,14,5-9-0,293,488,60.0,3029,17,3.5,17,3.5,148,41.3,53,6.2,5.34,10.3,216.4,75.1,32,209,6.15,5.42,4.61,0,1,,2009,34.0
20,Matt Cassel,27,KAN,QB,15,15,4-11-0,271,493,55.0,2924,16,3.2,16,3.2,129,35.9,61,5.9,5.12,10.8,194.9,69.9,42,243,7.85,5.01,4.26,1,2,,2009,29.7
21,Matt Ryan,24,ATL,QB,14,14,9-5-0,263,451,58.3,2916,22,4.9,14,3.1,153,44.0,90,6.5,6.04,11.1,208.3,80.9,19,92,4.04,6.01,5.60,1,3,,2009,67.7
22,Chad Henne,24,MIA,QB,14,13,7-6-0,274,451,60.8,2878,12,2.7,14,3.1,156,45.9,67,6.4,5.52,10.5,205.6,75.2,26,176,5.45,5.66,4.85,3,3,,2009,53.1
23,Mark Sanchez,23,NYJ,QB,15,15,8-7-0,196,364,53.8,2444,12,3.3,20,5.5,122,39.5,65,6.7,4.90,12.5,162.9,63.0,26,195,6.67,5.77,4.07,0,0,,2009,32.8
24,Alex Smith,25,SFO,QB,11,10,5-5-0,225,372,60.5,2350,18,4.8,12,3.2,100,38.3,73,6.3,5.83,10.4,213.6,81.5,22,134,5.58,5.62,5.17,0,0,,2009,41.8
25,Matthew Stafford,21,DET,QB,10,10,2-8-0,201,377,53.3,2267,13,3.4,20,5.3,111,39.4,75,6.0,4.32,11.3,226.7,61.0,24,169,5.99,5.23,3.64,1,1,,2009,37.1
26,Jake Delhomme,34,CAR,QB,11,11,4-7-0,178,321,55.5,2015,8,2.5,18,5.6,101,43.0,52,6.3,4.25,11.3,183.2,59.4,23,187,6.69,5.31,3.42,1,2,,2009,37.3
27,Vince Young,26,TEN,QB,12,10,8-2-0,152,259,58.7,1879,10,3.9,7,2.7,91,44.4,66,7.3,6.81,12.4,156.6,82.8,9,36,3.36,6.88,6.45,3,6,"PB,AP CPoY-3",2009,69.6
28,Josh Freeman,21,TAM,QB,10,9,3-6-0,158,290,54.5,1855,10,3.4,18,6.2,90,41.0,42,6.4,4.29,11.7,185.5,59.8,20,102,6.45,5.65,3.69,2,2,,2009,37.0
29,Marc Bulger,32,STL,QB,9,8,1-7-0,140,247,56.7,1469,5,2.0,6,2.4,77,42.9,50,5.9,5.26,10.5,163.2,70.7,14,85,5.36,5.30,4.65,0,1,,2009,30.7
30,Ryan Fitzpatrick,27,BUF,QB,10,8,4-4-0,127,227,55.9,1422,9,4.0,10,4.4,65,35.1,98,6.3,5.07,11.2,142.2,69.7,21,127,8.47,5.22,4.13,1,2,,2009,35.2
31,Brady Quinn,25,CLE,QB,10,9,2-7-0,136,256,53.1,1339,8,3.1,7,2.7,72,34.9,59,5.2,4.63,9.8,133.9,67.2,19,104,6.91,4.49,3.93,0,1,,2009,41.7
32,JaMarcus Russell,24,OAK,QB,12,9,2-7-0,120,246,48.8,1287,3,1.2,11,4.5,58,28.3,86,5.2,3.46,10.7,107.3,50.0,33,207,11.83,3.87,2.31,2,2,,2009,20.7
33,Kerry Collins,37,TEN,QB,7,6,0-6-0,119,216,55.1,1225,6,2.8,8,3.7,63,41.4,69,5.7,4.56,10.3,175.0,65.5,6,37,2.70,5.35,4.27,0,0,,2009,37.6
34,Trent Edwards,26,BUF,QB,8,7,2-5-0,110,183,60.1,1169,6,3.3,7,3.8,54,35.4,46,6.4,5.32,10.6,146.1,73.8,23,139,11.17,5.00,4.05,0,0,,2009,29.1
35,Matt Moore,25,CAR,QB,7,5,4-1-0,85,138,61.6,1053,8,5.8,2,1.4,52,45.6,66,7.6,8.14,12.4,150.4,98.5,9,78,6.12,6.63,7.11,1,1,,2009,64.6
Rk,Player,Age,Team,Pos,G,GS,QBrec,Cmp,Att,Cmp%,Yds,TD,TD%,Int,Int%,1D,Succ%,Lng,Y/A,AY/A,Y/C,Y/G,Rate,Sk,Yds,Sk%,NY/A,ANY/A,4QC,GWD,Awards,2009,QBR
36,Bruce Gradkowski,26,OAK,QB,7,4,2-2-0,82,150,54.7,1007,6,4.0,3,2.0,44,41.6,75,6.7,6.61,12.3,143.9,80.6,11,71,6.83,5.81,5.72,2,2,,2009,58.3
37,Daunte Culpepper,32,DET,QB,8,5,0-5-0,89,157,56.7,945,3,1.9,6,3.8,44,42.1,38,6.0,4.68,10.6,118.1,64.8,14,107,8.19,4.90,3.67,0,0,,2009,35.9
38,Shaun Hill,29,SFO,QB,6,6,3-3-0,87,155,56.1,943,5,3.2,2,1.3,33,31.8,61,6.1,6.15,10.8,157.2,79.6,18,107,10.40,4.83,4.89,1,1,,2009,35.9
39,Kyle Boller,28,STL,QB,7,4,0-4-0,98,176,55.7,899,3,1.7,6,3.4,42,35.8,35,5.1,3.91,9.2,128.4,61.2,17,117,8.81,4.05,2.96,0,0,,2009,23.2
40,Derek Anderson,26,CLE,QB,8,7,3-4-0,81,182,44.5,888,3,1.6,10,5.5,44,31.6,43,4.9,2.74,11.0,111.0,42.1,11,75,5.70,4.21,2.19,0,1,,2009,22.4
41,Chris Redman,32,ATL,QB,6,2,0-2-0,69,119,58.0,781,4,3.4,3,2.5,41,43.3,50,6.6,6.10,11.3,130.2,78.4,8,34,6.30,5.88,5.45,1,1,,2009,64.6
42,Kevin Kolb,25,PHI,QB,5,2,1-1-0,62,96,64.6,741,4,4.2,3,3.1,31,50.5,71,7.7,7.15,12.0,148.2,88.9,3,27,3.03,7.21,6.66,0,0,,2009,62.2
43,Seneca Wallace,29,SEA,QB,13,2,0-2-0,78,120,65.0,700,3,2.5,2,1.7,36,45.7,39,5.8,5.58,9.0,53.8,81.9,9,59,6.98,4.97,4.74,0,0,,2009,44.7
44,Josh Johnson,23,TAM,QB,6,4,0-4-0,63,125,50.4,685,4,3.2,8,6.4,31,37.5,35,5.5,3.24,10.9,114.2,50.9,11,59,8.09,4.60,2.54,0,0,,2009,37.6
45,Byron Leftwich,29,TAM,QB,3,3,0-3-0,58,107,54.2,594,4,3.7,3,2.8,27,34.9,47,5.6,5.04,10.2,198.0,71.2,2,0,1.83,5.45,4.94,0,0,,2009,61.0
46,Charlie Frye,28,OAK,QB,3,3,1-2-0,53,87,60.9,581,1,1.1,4,4.6,28,43.5,33,6.7,4.84,11.0,193.7,65.3,5,40,5.43,5.88,4.14,0,0,,2009,43.5
47,Keith Null,24,STL,QB,4,4,0-4-0,73,119,61.3,566,3,2.5,9,7.6,30,39.4,25,4.8,1.86,7.8,141.5,49.9,13,82,9.85,3.67,1.05,0,0,,2009,16.9
48,Matt Leinart,26,ARI,QB,8,1,0-1-0,51,77,66.2,435,0,0.0,3,3.9,22,43.0,28,5.6,3.90,8.5,54.4,64.6,2,12,2.53,5.35,3.65,0,0,,2009,45.9
49,Chad Pennington,33,MIA,QB,3,3,0-3-0,51,74,68.9,413,1,1.4,2,2.7,27,45.0,21,5.6,4.64,8.1,137.7,76.0,6,32,7.50,4.76,3.89,0,0,,2009,40.5
50,Drew Stanton,25,DET,QB,3,1,0-1-0,26,51,51.0,259,0,0.0,6,11.8,12,33.9,30,5.1,-0.22,10.0,86.3,26.1,5,27,8.93,4.14,-0.68,0,0,,2009,12.4
51,Billy Volek,33,SDG,QB,4,0,,20,31,64.5,231,1,3.2,1,3.2,13,50.0,50,7.5,6.65,11.6,57.8,84.2,1,1,3.13,7.19,6.41,1,1,,2009,77.9
52,Brodie Croyle,26,KAN,QB,3,1,0-1-0,23,40,57.5,230,2,5.0,0,0.0,10,34.9,50,5.8,6.75,10.0,76.7,90.6,3,18,6.98,4.93,5.86,0,0,,2009,74.8
53,David Carr,30,NYG,QB,6,0,,21,33,63.6,225,1,3.0,0,0.0,11,48.6,37,6.8,7.42,10.7,37.5,93.6,2,11,5.71,6.11,6.69,0,0,,2009,70.7
54,Tarvaris Jackson,26,MIN,QB,8,0,,14,21,66.7,201,1,4.8,0,0.0,9,47.6,34,9.6,10.52,14.4,25.1,113.4,0,0,0.00,9.57,10.52,0,0,,2009,68.8
55,Brian Brohm,24,BUF,QB,2,1,0-1-0,17,29,58.6,146,0,0.0,2,6.9,8,48.4,15,5.0,1.93,8.6,73.0,43.2,2,8,6.45,4.45,1.55,0,0,,2009,11.8
56,Dennis Dixon,24,PIT,QB,1,1,0-1-0,12,26,46.2,145,1,3.8,1,3.8,6,30.8,33,5.6,4.62,12.1,145.0,60.6,0,0,0.00,5.58,4.62,0,0,,2009,41.9
57,Todd Collins,38,WAS,QB,3,0,,12,23,52.2,144,0,0.0,0,0.0,4,20.0,46,6.3,6.26,12.0,48.0,71.6,2,11,8.00,5.32,5.32,0,0,,2009,6.8
58,Brian Hoyer,24,NWE,QB,5,0,,19,27,70.4,142,0,0.0,0,0.0,8,37.9,17,5.3,5.26,7.5,28.4,82.6,2,18,6.90,4.28,4.28,0,0,,2009,48.6
59,Kellen Clemens,26,NYJ,QB,10,1,1-0-0,13,26,50.0,125,0,0.0,0,0.0,7,26.7,26,4.8,4.81,9.6,12.5,63.8,4,21,13.33,3.47,3.47,0,0,,2009,10.6
60,Mark Brunell,39,NOR,QB,16,1,0-1-0,15,30,50.0,102,0,0.0,1,3.3,5,30.0,18,3.4,1.90,6.8,6.4,44.0,0,0,0.00,3.40,1.90,0,0,,2009,9.5
61,Michael Vick,29,PHI,QB,12,1,,6,13,46.2,86,1,7.7,0,0.0,3,23.1,43,6.6,8.15,14.3,7.2,93.7,0,0,0.00,6.62,8.15,0,0,,2009,52.9
62,Curtis Painter,24,IND,QB,2,0,,8,28,28.6,83,0,0.0,2,7.1,3,22.6,22,3.0,-0.25,10.4,41.5,9.8,3,16,9.68,2.16,-0.74,0,0,,2009,0.6
63,Tyler Thigpen,25,MIA,QB,1,0,,4,8,50.0,83,1,12.5,2,25.0,3,50.0,34,10.4,1.63,20.8,83.0,87.0,0,0,0.00,10.38,1.63,0,0,,2009,
64,Matt Flynn,24,GNB,QB,15,0,,7,12,58.3,58,0,0.0,1,8.3,5,38.5,17,4.8,1.08,8.3,3.9,36.1,1,6,7.69,4.00,0.54,0,0,,2009,30.7
65,Jon Ryan,28,SEA,P,16,0,,1,1,100.0,42,0,0.0,0,0.0,1,100.0,42,42.0,42.00,42.0,2.6,118.7,0,0,0.00,42.00,42.00,0,0,,2009,100.0
66,J.T. O'Sullivan,30,CIN,QB,3,0,,4,11,36.4,40,0,0.0,0,0.0,1,14.3,16,3.6,3.64,10.0,13.3,47.5,3,31,21.43,0.64,0.64,0,0,,2009,2.3
67,Josh Brown,30,STL,K,16,0,,1,1,100.0,36,1,100.0,0,0.0,1,100.0,36,36.0,56.00,36.0,2.3,158.3,0,0,0.00,36.00,56.00,0,0,,2009,100.0
68,Hunter Smith,32,WAS,P,13,0,,1,2,50.0,35,1,50.0,1,50.0,1,50.0,35,17.5,5.00,35.0,2.7,95.8,0,0,0.00,17.50,5.00,0,0,,2009,100.0
69,Rex Grossman,29,HOU,QB,1,0,,3,9,33.3,33,0,0.0,1,11.1,1,33.3,21,3.7,-1.33,11.0,33.0,5.6,0,0,0.00,3.67,-1.33,0,0,,2009,10.1
70,Fred Jackson,28,BUF,RB,16,11,,1,1,100.0,27,1,100.0,0,0.0,1,100.0,27,27.0,47.00,27.0,1.7,158.3,0,0,0.00,27.00,47.00,0,0,,2009,63.8
Rk,Player,Age,Team,Pos,G,GS,QBrec,Cmp,Att,Cmp%,Yds,TD,TD%,Int,Int%,1D,Succ%,Lng,Y/A,AY/A,Y/C,Y/G,Rate,Sk,Yds,Sk%,NY/A,ANY/A,4QC,GWD,Awards,2009,QBR
71,Brad Smith,26,NYJ,WR,13,2,,1,1,100.0,27,0,0.0,0,0.0,1,100.0,27,27.0,27.00,27.0,2.1,118.7,0,0,0.00,27.00,27.00,0,0,,2009,100.0
72,Mark Bradley,27,KAN,WR,13,6,,1,1,100.0,26,0,0.0,0,0.0,1,100.0,26,26.0,26.00,26.0,2.0,118.7,0,0,0.00,26.00,26.00,0,0,,2009,100.0
73,Brian Moorman,33,BUF,P,16,0,,1,1,100.0,25,1,100.0,0,0.0,1,100.0,25,25.0,45.00,25.0,1.6,158.3,0,0,0.00,25.00,45.00,0,0,,2009,100.0
74,Troy Smith,25,BAL,QB,4,0,,5,9,55.6,24,0,0.0,1,11.1,1,33.3,9,2.7,-2.33,4.8,6.0,21.3,0,0,0.00,2.67,-2.33,0,0,,2009,40.0
75,Chris Simms,29,DEN,QB,3,1,0-1-0,5,17,29.4,23,0,0.0,1,5.9,1,9.1,7,1.4,-1.29,4.6,7.7,15.1,5,39,22.73,-0.73,-2.77,0,0,,2009,1.5
76,Joseph Addai,26,IND,RB,15,15,,1,1,100.0,22,1,100.0,0,0.0,1,100.0,22,22.0,42.00,22.0,1.5,158.3,0,0,0.00,22.00,42.00,0,0,,2009,100.0
77,Ronnie Brown,28,MIA,RB,9,9,,2,6,33.3,22,1,16.7,0,0.0,2,28.6,21,3.7,7.00,11.0,2.4,84.7,1,9,14.29,1.86,4.71,0,0,,2009,84.9
78,Legedu Naanee,26,SDG,WR,15,1,,1,1,100.0,21,0,0.0,0,0.0,1,100.0,21,21.0,21.00,21.0,1.4,118.7,0,0,0.00,21.00,21.00,0,0,,2009,98.4
79,Josh Cribbs,26,CLE,WR,16,12,,1,4,25.0,18,0,0.0,1,25.0,1,25.0,18,4.5,-6.75,18.0,1.1,6.2,0,0,0.00,4.50,-6.75,0,0,"PB,AP-1",2009,
80,Charlie Batch,35,PIT,QB,1,0,,1,2,50.0,17,0,0.0,0,0.0,1,50.0,17,8.5,8.50,17.0,17.0,79.2,0,0,0.00,8.50,8.50,0,0,,2009,97.8
81,Brian St. Pierre,30,ARI,QB,1,0,,2,4,50.0,12,1,25.0,1,25.0,2,50.0,9,3.0,-3.25,6.0,12.0,56.2,0,0,0.00,3.00,-3.25,0,0,,2009,5.0
82,Caleb Hanie,24,CHI,QB,2,0,,3,7,42.9,11,0,0.0,1,14.3,0,,5,1.6,-4.86,3.7,5.5,10.7,0,0,0.00,1.57,-4.86,0,0,,2009,75.4
83,Phil Dawson,34,CLE,K,11,0,,1,1,100.0,10,0,0.0,0,0.0,1,100.0,10,10.0,10.00,10.0,0.9,108.3,0,0,0.00,10.00,10.00,0,0,,2009,100.0
84,Mewelde Moore,27,PIT,RB,16,0,,1,1,100.0,6,1,100.0,0,0.0,1,100.0,6,6.0,26.00,6.0,0.4,131.2,0,0,0.00,6.00,26.00,0,0,,2009,100.0
85,Matt Gutierrez,25,KAN,QB,1,0,,1,1,100.0,3,0,0.0,0,0.0,0,,3,3.0,3.00,3.0,3.0,79.2,0,0,0.00,3.00,3.00,0,0,,2009,92.4
86,Josh McCown,30,CAR,QB,1,0,,1,6,16.7,2,0,0.0,0,0.0,0,,2,0.3,0.33,2.0,2.0,39.6,1,6,14.29,-0.57,-0.57,0,0,,2009,2.4
87,Luke McCown,28,JAX,QB,3,0,,1,3,33.3,2,0,0.0,0,0.0,0,,2,0.7,0.67,2.0,0.7,42.4,2,7,40.00,-1.00,-1.00,0,0,,2009,3.7
88,Chris Brown,28,HOU,RB,14,4,,0,1,0.0,0,0,0.0,1,100.0,0,,,0.0,-45.00,,0.0,0.0,0,0,0.00,0.00,-45.00,0,0,,2009,0.0
89,Michael Bush,25,OAK,RB,16,7,,0,1,0.0,0,0,0.0,0,0.0,0,,,0.0,0.00,,0.0,39.6,0,0,0.00,0.00,0.00,0,0,,2009,0.2
90,Tim Castille,25,KAN,RB,7,0,,0,1,0.0,0,0,0.0,1,100.0,0,,,0.0,-45.00,,0.0,0.0,0,0,0.00,0.00,-45.00,0,0,,2009,0.0
91,Mark Clayton,27,BAL,WR,14,12,,1,1,100.0,0,0,0.0,0,0.0,0,,,0.0,0.00,0.0,0.0,79.2,0,0,0.00,0.00,0.00,0,0,,2009,23.5
92,Michael Clayton,27,TAM,WR,13,11,,0,1,0.0,0,0,0.0,0,0.0,0,,,0.0,0.00,,0.0,39.6,0,0,0.00,0.00,0.00,0,0,,2009,11.0
93,Braylon Edwards,26,NYJ,WR,12,11,,0,1,0.0,0,0,0.0,0,0.0,0,,,0.0,0.00,,0.0,39.6,0,0,0.00,0.00,0.00,0,0,,2009,
94,Santonio Holmes,25,PIT,WR,16,16,,0,1,0.0,0,0,0.0,1,100.0,0,,,0.0,-45.00,,0.0,0.0,0,0,0.00,0.00,-45.00,0,0,,2009,0.0
95,Chris Johnson,24,TEN,RB,16,16,,0,1,0.0,0,0,0.0,0,0.0,0,,,0.0,0.00,,0.0,39.6,0,0,0.00,0.00,0.00,0,0,"PB,AP-1,AP OPoY-1",2009,0.3
96,Dirk Johnson,34,TAM,P,11,0,,0,1,0.0,0,0,0.0,0,0.0,0,,,0.0,0.00,,0.0,39.6,0,0,0.00,0.00,0.00,0,0,,2009,0.0
97,J.P. Losman,28,OAK,QB,1,0,,0,1,0.0,0,0,0.0,0,0.0,0,,,0.0,0.00,,0.0,39.6,0,0,0.00,0.00,0.00,0,0,,2009,3.9
98,Brad Maynard,35,CHI,P,16,0,,1,1,100.0,0,0,0.0,0,0.0,0,,,0.0,0.00,0.0,0.0,79.2,0,0,0.00,0.00,0.00,0,0,,2009,0.4
99,Clinton Portis,28,WAS,RB,8,8,,0,1,0.0,0,0,0.0,0,0.0,0,,,0.0,0.00,,0.0,39.6,0,0,0.00,0.00,0.00,0,0,,2009,0.0
100,Antwaan Randle El,30,WAS,WR,16,3,,0,0,,0,0,,0,,0,,,,,,0.0,,1,11,100.00,-11.00,-11.00,0,0,,2009,0.0
101,Ray Rice,22,BAL,RB,16,15,,0,1,0.0,0,0,0.0,0,0.0,0,,,0.0,0.00,,0.0,39.6,0,0,0.00,0.00,0.00,0,0,"PB,AP-2",2009,0.1
102,Sidney Rice,23,MIN,WR,16,14,,0,1,0.0,0,0,0.0,0,0.0,0,,,0.0,0.00,,0.0,39.6,0,0,0.00,0.00,0.00,0,0,PB,2009,3.4
103,Micheal Spurlock,26,SFO,WR,4,0,,0,1,0.0,0,0,0.0,0,0.0,0,,,0.0,0.00,,0.0,39.6,0,0,0.00,0.00,0.00,0,0,,2009,
104,LaDainian Tomlinson,30,SDG,RB,14,14,,0,1,0.0,0,0,0.0,0,0.0,0,,,0.0,0.00,,0.0,39.6,0,0,0.00,0.00,0.00,0,0,,2009,37.9
105,Reggie Wayne,31,IND,WR,16,16,,0,1,0.0,0,0,0.0,1,100.0,0,,,0.0,-45.00,,0.0,0.0,0,0,0.00,0.00,-45.00,0,0,"PB,AP-2",2009,0.0
106,Steve Weatherford,27,NYJ,P,16,0,,0,1,0.0,0,0,0.0,1,100.0,0,,,0.0,-45.00,,0.0,0.0,0,0,0.00,0.00,-45.00,0,0,,2009,5.1
107,Brian Westbrook,30,PHI,RB,8,7,,0,1,0.0,0,0,0.0,0,0.0,0,,,0.0,0.00,,0.0,39.6,0,0,0.00,0.00,0.00,0,0,,2009,66.6
108,Pat White,23,MIA,WR,13,0,,0,5,0.0,0,0,0.0,0,0.0,0,,,0.0,0.00,,0.0,39.6,1,9,16.67,-1.50,-1.50,0,0,,2009,12.7
109,Ricky Williams,32,MIA,RB,16,7,,0,1,0.0,0,0,0.0,1,100.0,0,,,0.0,-45.00,,0.0,0.0,0,0,0.00,0.00,-45.00,0,0,,2009,12.4
,League Average,,,,,,,,,60.9,,,4.2,,3.1,,44.3,,7.0,6.43,11.5,104.9,83.0,,,6.07,6.17,5.65,,,,2009,
1,Philip Rivers,29,SDG,QB,16,16,9-7-0,357,541,66.0,4710,30,5.5,13,2.4,234,49.9,59,8.7,8.73,13.2,294.4,101.8,38,227,6.56,7.74,7.77,1,1,"PB,AP OPoY-4",2010,66.9
2,Peyton Manning,34,IND,QB,16,16,10-6-0,450,679,66.3,4700,33,4.9,17,2.5,253,54.1,73,6.9,6.77,10.4,293.8,91.9,16,91,2.30,6.63,6.48,0,2,PB,2010,71.6
3,Drew Brees,31,NOR,QB,16,16,11-5-0,448,658,68.1,4620,33,5.0,22,3.3,238,51.2,80,7.0,6.52,10.3,288.8,90.9,25,185,3.66,6.49,6.01,4,5,PB,2010,70.8
4,Matt Schaub,29,HOU,QB,16,16,6-10-0,365,574,63.6,4370,24,4.2,12,2.1,221,47.9,60,7.6,7.51,12.0,273.1,92.0,32,226,5.28,6.84,6.74,2,2,,2010,61.0
5,Eli Manning,29,NYG,QB,16,16,10-6-0,339,539,62.9,4002,31,5.8,25,4.6,169,47.9,92,7.4,6.49,11.8,250.1,85.3,16,117,2.88,7.00,6.09,1,1,,2010,57.7
6,Carson Palmer,31,CIN,QB,16,16,4-12-0,362,586,61.8,3970,26,4.4,20,3.4,206,48.4,78,6.8,6.13,11.0,248.1,82.4,26,201,4.25,6.16,5.54,1,1,,2010,55.1
7,Aaron Rodgers,27,GNB,QB,15,15,10-5-0,312,475,65.7,3922,28,5.9,11,2.3,183,51.4,86,8.3,8.39,12.6,261.5,101.2,31,193,6.13,7.37,7.50,0,1,AP OPoY-5,2010,69.6
8,Tom Brady,33,NWE,QB,16,16,14-2-0,324,492,65.9,3900,36,7.3,4,0.8,189,50.1,79,7.9,9.02,12.0,243.8,111.0,25,175,4.84,7.21,8.25,2,3,"PB,AP-1,AP MVP-1,AP OPoY-1",2010,79.1
9,Matt Ryan,25,ATL,QB,16,16,13-3-0,357,571,62.5,3705,28,4.9,9,1.6,202,46.1,46,6.5,6.76,10.4,231.6,91.0,23,158,3.87,5.97,6.23,5,6,PB,2010,71.2
10,Kyle Orton,28,DEN,QB,13,13,3-10-0,293,498,58.8,3653,20,4.0,9,1.8,173,42.7,71,7.3,7.33,12.5,281.0,87.5,34,243,6.39,6.41,6.40,1,1,,2010,53.8
11,Joe Flacco,25,BAL,QB,16,16,12-4-0,306,489,62.6,3622,25,5.1,10,2.0,174,44.0,67,7.4,7.51,11.8,226.4,93.6,40,294,7.56,6.29,6.39,2,4,,2010,59.1
12,Sam Bradford,23,STL,QB,16,16,7-9-0,354,590,60.0,3512,18,3.1,15,2.5,179,42.1,49,6.0,5.42,9.9,219.5,76.5,34,244,5.45,5.24,4.73,0,0,AP ORoY-1,2010,46.9
13,Josh Freeman,22,TAM,QB,16,16,10-6-0,291,474,61.4,3451,25,5.3,6,1.3,167,44.4,64,7.3,7.77,11.9,215.7,95.9,28,195,5.58,6.49,6.94,5,5,,2010,69.5
14,Donovan McNabb,34,WAS,QB,13,13,5-8-0,275,472,58.3,3377,14,3.0,15,3.2,152,42.0,76,7.2,6.32,12.3,259.8,77.1,37,271,7.27,6.10,5.33,2,2,,2010,47.8
15,Chad Henne,25,MIA,QB,15,14,6-8-0,301,490,61.4,3301,15,3.1,19,3.9,167,45.6,57,6.7,5.60,11.0,220.1,75.4,30,178,5.77,6.01,4.94,0,1,,2010,45.7
16,Mark Sanchez,24,NYJ,QB,16,16,11-5-0,278,507,54.8,3291,17,3.4,13,2.6,162,41.4,74,6.5,6.01,11.8,205.7,75.3,27,171,5.06,5.84,5.38,3,5,,2010,51.3
17,Jay Cutler,27,CHI,QB,15,15,10-5-0,261,432,60.4,3274,23,5.3,16,3.7,159,43.6,89,7.6,6.98,12.5,218.3,86.3,52,352,10.74,6.04,5.50,4,4,,2010,51.4
18,Ben Roethlisberger,28,PIT,QB,12,12,9-3-0,240,389,61.7,3200,17,4.4,5,1.3,149,46.8,56,8.2,8.52,13.3,266.7,97.0,32,220,7.60,7.08,7.35,2,3,,2010,67.4
19,Matt Cassel,28,KAN,QB,15,15,10-5-0,262,450,58.2,3116,27,6.0,7,1.6,164,45.8,75,6.9,7.42,11.9,207.7,93.0,26,182,5.46,6.16,6.64,1,2,"PB,AP CPoY-4",2010,55.8
20,Michael Vick,30,PHI,QB,12,12,8-3-0,233,372,62.6,3018,21,5.6,6,1.6,119,47.0,91,8.1,8.52,13.0,251.5,100.2,34,210,8.37,6.92,7.29,4,3,"PB,AP OPoY-2,AP CPoY-1",2010,65.0
21,Matt Hasselbeck,35,SEA,QB,14,14,6-8-0,266,444,59.9,3001,12,2.7,17,3.8,137,44.6,87,6.8,5.58,11.3,214.4,73.2,29,175,6.13,5.97,4.86,0,0,,2010,52.3
22,Ryan Fitzpatrick,28,BUF,QB,13,13,4-9-0,255,441,57.8,3000,23,5.2,15,3.4,151,41.7,65,6.8,6.32,11.8,230.8,81.8,24,145,5.16,6.14,5.68,1,1,,2010,52.3
23,David Garrard,32,JAX,QB,14,14,8-6-0,236,366,64.5,2734,23,6.3,15,4.1,130,44.4,75,7.5,6.88,11.6,195.3,90.8,33,253,8.27,6.22,5.68,1,5,,2010,63.1
24,Shaun Hill,30,DET,QB,11,10,3-7-0,257,416,61.8,2686,16,3.8,12,2.9,120,45.7,75,6.5,5.93,10.5,244.2,81.3,17,113,3.93,5.94,5.43,1,0,,2010,53.2
25,Brett Favre,41,MIN,QB,13,13,5-8-0,217,358,60.6,2509,11,3.1,19,5.3,112,43.4,53,7.0,5.23,11.6,193.0,69.9,22,139,5.79,6.24,4.57,1,2,,2010,38.4
26,Jason Campbell,28,OAK,QB,13,12,7-5-0,194,329,59.0,2387,13,4.0,8,2.4,111,39.5,73,7.3,6.95,12.3,183.6,84.5,33,208,9.12,6.02,5.74,2,2,,2010,48.8
27,Alex Smith,26,SFO,QB,11,10,3-7-0,204,342,59.6,2370,14,4.1,10,2.9,102,40.1,62,6.9,6.43,11.6,215.5,82.1,25,140,6.81,6.08,5.61,0,0,,2010,43.8
28,Jon Kitna,38,DAL,QB,10,9,4-5-0,209,318,65.7,2365,16,5.0,12,3.8,97,46.6,71,7.4,6.75,11.3,236.5,88.9,21,100,6.19,6.68,6.03,1,2,,2010,52.9
29,Derek Anderson,27,ARI,QB,12,9,2-7-0,169,327,51.7,2065,7,2.1,10,3.1,96,37.5,43,6.3,5.37,12.2,172.1,65.9,25,176,7.10,5.37,4.49,1,1,,2010,32.7
30,Kerry Collins,38,TEN,QB,10,7,2-5-0,160,278,57.6,1823,14,5.0,8,2.9,90,43.6,80,6.6,6.27,11.4,182.3,82.2,13,91,4.47,5.95,5.68,1,1,,2010,55.4
31,Tony Romo,30,DAL,QB,6,6,1-5-0,148,213,69.5,1605,11,5.2,7,3.3,73,46.8,69,7.5,7.09,10.8,267.5,94.9,7,41,3.18,7.11,6.68,0,0,,2010,66.4
32,Colt McCoy,24,CLE,QB,8,8,2-6-0,135,222,60.8,1576,6,2.7,9,4.1,77,43.3,47,7.1,5.82,11.7,197.0,74.5,23,132,9.39,5.89,4.73,0,0,,2010,52.8
33,Jimmy Clausen,23,CAR,QB,13,10,1-9-0,157,299,52.5,1558,3,1.0,9,3.0,73,31.3,55,5.2,4.06,9.9,119.8,58.4,33,223,9.94,4.02,2.98,0,0,,2010,13.8
34,Vince Young,27,TEN,QB,9,8,4-4-0,93,156,59.6,1255,10,6.4,3,1.9,58,42.0,71,8.0,8.46,13.5,139.4,98.6,13,80,7.69,6.95,7.34,0,1,,2010,59.4
35,Kevin Kolb,26,PHI,QB,7,5,2-3-0,115,189,60.8,1197,7,3.7,7,3.7,58,40.2,83,6.3,5.41,10.4,171.0,76.1,15,99,7.35,5.38,4.52,0,0,,2010,44.9
Rk,Player,Age,Team,Pos,G,GS,QBrec,Cmp,Att,Cmp%,Yds,TD,TD%,Int,Int%,1D,Succ%,Lng,Y/A,AY/A,Y/C,Y/G,Rate,Sk,Yds,Sk%,NY/A,ANY/A,4QC,GWD,Awards,2010,QBR
36,Troy Smith,26,SFO,QB,6,6,3-3-0,73,145,50.3,1176,5,3.4,4,2.8,43,39.3,66,8.1,7.56,16.1,196.0,77.8,18,112,11.04,6.53,6.04,2,2,,2010,43.2
37,Bruce Gradkowski,27,OAK,QB,6,4,1-3-0,83,157,52.9,1059,5,3.2,7,4.5,51,41.3,70,6.7,5.38,12.8,176.5,66.3,10,77,5.99,5.88,4.59,0,0,,2010,26.3
38,Rex Grossman,30,WAS,QB,4,3,1-2-0,74,133,55.6,884,7,5.3,4,3.0,42,43.7,64,6.6,6.35,11.9,221.0,81.2,9,77,6.34,5.68,5.40,0,1,,2010,33.0
39,Jake Delhomme,35,CLE,QB,5,4,2-2-0,93,149,62.4,872,2,1.3,7,4.7,36,36.1,49,5.9,4.01,9.4,174.4,63.4,6,49,3.87,5.31,3.54,1,2,,2010,27.0
40,Matt Moore,26,CAR,QB,6,5,1-4-0,79,143,55.2,857,5,3.5,10,7.0,47,42.3,39,6.0,3.55,10.8,142.8,55.6,13,90,8.33,4.92,2.67,1,1,,2010,36.9
41,Drew Stanton,26,DET,QB,6,3,2-1-0,69,119,58.0,780,4,3.4,3,2.5,39,40.8,87,6.6,6.09,11.3,130.0,78.4,6,42,4.80,5.90,5.46,2,2,,2010,60.2
42,Seneca Wallace,30,CLE,QB,8,4,1-3-0,64,101,63.4,694,4,4.0,2,2.0,35,42.1,65,6.9,6.77,10.8,86.8,88.5,6,33,5.61,6.18,6.08,0,0,,2010,48.9
43,John Skelton,22,ARI,QB,5,4,2-2-0,60,126,47.6,662,2,1.6,2,1.6,31,32.6,74,5.3,4.86,11.0,132.4,62.3,9,65,6.67,4.42,4.05,1,1,,2010,23.6
44,Tim Tebow,23,DEN,QB,9,3,1-2-0,41,82,50.0,654,5,6.1,3,3.7,31,40.9,50,8.0,7.55,16.0,72.7,82.1,6,26,6.82,7.14,6.74,1,1,,2010,56.0
45,Matthew Stafford,22,DET,QB,3,3,1-2-0,57,96,59.4,535,6,6.3,1,1.0,28,40.0,36,5.6,6.35,9.4,178.3,91.3,4,36,4.00,4.99,5.74,1,1,,2010,50.1
46,Trent Edwards,27,2TM,QB,5,3,0-3-0,55,101,54.5,521,2,2.0,5,5.0,23,35.7,44,5.2,3.33,9.5,104.2,54.9,11,95,9.82,3.80,2.15,0,0,,2010,
46,Trent Edwards,27,BUF,QB,2,2,0-2-0,29,52,55.8,241,1,1.9,2,3.8,10,32.2,31,4.6,3.29,8.3,120.5,58.3,7,63,11.86,3.02,1.83,0,0,,2010,
46,Trent Edwards,27,JAX,QB,3,1,0-1-0,26,49,53.1,280,1,2.0,3,6.1,13,39.6,44,5.7,3.37,10.8,93.3,51.4,4,32,7.55,4.68,2.51,0,0,,2010,
47,Charlie Whitehurst,28,SEA,QB,6,2,1-1-0,57,99,57.6,507,2,2.0,3,3.0,22,34.6,61,5.1,4.16,8.9,84.5,65.5,5,13,4.81,4.75,3.84,0,0,,2010,21.5
48,Joe Webb,24,MIN,QB,5,2,1-1-0,54,89,60.7,477,0,0.0,3,3.4,26,42.3,46,5.4,3.84,8.8,95.4,60.9,8,48,8.25,4.42,3.03,0,0,,2010,47.7
49,Tyler Thigpen,26,MIA,QB,5,1,0-1-0,33,62,53.2,435,2,3.2,2,3.2,18,38.6,35,7.0,6.21,13.2,87.0,73.0,8,50,11.43,5.50,4.79,0,0,,2010,29.9
50,Matt Flynn,25,GNB,QB,7,1,0-1-0,40,66,60.6,433,3,4.5,2,3.0,21,42.5,66,6.6,6.11,10.8,61.9,82.4,7,38,9.59,5.41,5.00,0,0,,2010,25.0
51,Max Hall,25,ARI,QB,6,3,1-2-0,39,78,50.0,370,1,1.3,6,7.7,19,31.5,26,4.7,1.54,9.5,61.7,35.7,14,90,15.22,3.04,0.33,0,1,,2010,8.8
52,Charlie Batch,36,PIT,QB,3,2,1-1-0,29,49,59.2,352,3,6.1,3,6.1,13,39.6,46,7.2,5.65,12.1,117.3,76.2,4,21,7.55,6.25,4.83,0,0,,2010,53.4
53,Tarvaris Jackson,27,MIN,QB,3,1,0-1-0,34,58,58.6,341,3,5.2,4,6.9,17,40.6,46,5.9,3.81,10.0,113.7,63.9,6,43,9.38,4.66,2.78,0,0,,2010,27.9
54,Dennis Dixon,25,PIT,QB,2,2,2-0-0,22,32,68.8,254,0,0.0,1,3.1,8,43.2,52,7.9,6.53,11.5,127.0,79.4,5,41,13.51,5.76,4.54,0,1,,2010,21.4
55,Stephen McGee,25,DAL,QB,2,1,1-0-0,22,44,50.0,238,2,4.5,0,0.0,9,31.9,37,5.4,6.32,10.8,119.0,81.4,3,25,6.38,4.53,5.38,1,1,,2010,64.5
56,Todd Bouman,38,JAX,QB,1,1,0-1-0,18,34,52.9,222,2,5.9,2,5.9,12,37.1,29,6.5,5.06,12.3,222.0,68.5,1,6,2.86,6.17,4.74,0,0,,2010,66.1
57,Rusty Smith,23,TEN,QB,2,1,0-1-0,20,40,50.0,200,0,0.0,4,10.0,7,24.4,52,5.0,0.50,10.0,100.0,25.0,1,0,2.44,4.88,0.49,0,0,,2010,3.6
58,Brian St. Pierre,31,CAR,QB,1,1,0-1-0,13,28,46.4,173,1,3.6,2,7.1,3,16.1,88,6.2,3.68,13.3,173.0,48.7,3,23,9.68,4.84,2.58,0,0,,2010,10.9
59,Richard Bartel,27,ARI,QB,1,0,,16,28,57.1,150,0,0.0,1,3.6,7,43.3,31,5.4,3.75,9.4,150.0,57.1,2,12,6.67,4.60,3.10,0,0,,2010,29.2
60,Brian Hoyer,25,NWE,QB,5,0,,7,15,46.7,122,1,6.7,1,6.7,7,46.7,42,8.1,6.47,17.4,24.4,69.3,0,0,0.00,8.13,6.47,0,0,,2010,60.0
61,Luke McCown,29,JAX,QB,1,0,,11,19,57.9,120,0,0.0,0,0.0,6,42.1,25,6.3,6.32,10.9,120.0,76.6,0,0,0.00,6.32,6.32,0,0,,2010,27.0
62,Mark Brunell,40,NYJ,QB,2,0,,7,13,53.8,117,2,15.4,1,7.7,7,50.0,52,9.0,8.62,16.7,58.5,92.0,1,7,7.14,7.86,7.50,0,0,,2010,62.9
63,Josh Johnson,24,TAM,QB,11,0,,14,16,87.5,111,0,0.0,0,0.0,5,33.3,22,6.9,6.94,7.9,10.1,95.6,2,8,11.11,5.72,5.72,0,0,,2010,60.3
64,Brian Brohm,25,BUF,QB,1,1,0-1-0,10,23,43.5,106,0,0.0,3,13.0,4,23.1,33,4.6,-1.26,10.6,106.0,17.9,3,5,11.54,3.88,-1.31,0,0,,2010,24.4
65,Todd Collins,39,CHI,QB,2,1,1-0-0,10,27,37.0,68,0,0.0,5,18.5,3,27.6,19,2.5,-5.81,6.8,34.0,5.9,2,15,6.90,1.83,-5.93,0,0,,2010,1.1
66,David Carr,31,SFO,QB,1,0,,5,13,38.5,67,0,0.0,1,7.7,2,28.6,22,5.2,1.69,13.4,67.0,23.6,1,5,7.14,4.43,1.21,0,0,,2010,4.6
67,Caleb Hanie,25,CHI,QB,2,0,,5,7,71.4,55,0,0.0,0,0.0,2,22.2,26,7.9,7.86,11.0,27.5,94.3,2,15,22.22,4.44,4.44,0,0,,2010,9.8
68,Tony Pike,24,CAR,QB,1,0,,6,12,50.0,47,0,0.0,0,0.0,3,38.5,22,3.9,3.92,7.8,47.0,60.1,1,10,7.69,2.85,2.85,0,0,,2010,2.0
Rk,Player,Age,Team,Pos,G,GS,QBrec,Cmp,Att,Cmp%,Yds,TD,TD%,Int,Int%,1D,Succ%,Lng,Y/A,AY/A,Y/C,Y/G,Rate,Sk,Yds,Sk%,NY/A,ANY/A,4QC,GWD,Awards,2010,QBR
69,Byron Leftwich,30,PIT,QB,1,0,,5,7,71.4,42,0,0.0,0,0.0,4,55.6,14,6.0,6.00,8.4,42.0,86.6,2,7,22.22,3.89,3.89,0,0,,2010,54.4
70,Antwaan Randle El,31,PIT,WR,16,0,,2,2,100.0,42,2,100.0,0,0.0,2,100.0,39,21.0,41.00,21.0,2.6,158.3,0,0,0.00,21.00,41.00,0,0,,2010,100.0
71,Brodie Croyle,27,KAN,QB,2,1,0-1-0,8,19,42.1,38,0,0.0,1,5.3,2,13.0,16,2.0,-0.37,4.8,19.0,27.7,4,29,17.39,0.39,-1.57,0,0,,2010,6.1
72,Tyler Palko,27,KAN,QB,2,0,,4,6,66.7,35,0,0.0,0,0.0,2,37.5,18,5.8,5.83,8.8,17.5,81.9,2,10,25.00,3.13,3.13,0,0,,2010,82.0
73,Mohamed Massaquoi,24,CLE,WR,15,14,,1,1,100.0,29,1,100.0,0,0.0,1,100.0,29,29.0,49.00,29.0,1.9,158.3,0,0,0.00,29.00,49.00,0,0,,2010,100.0
74,Michael Robinson,27,SEA,FB,11,4,,1,1,100.0,28,0,0.0,0,0.0,1,100.0,28,28.0,28.00,28.0,2.5,118.7,0,0,0.00,28.00,28.00,0,0,,2010,100.0
75,Mike Scifres,30,SDG,P,16,0,,1,1,100.0,28,0,0.0,0,0.0,1,100.0,28,28.0,28.00,28.0,1.8,118.7,0,0,0.00,28.00,28.00,0,0,,2010,100.0
76,Kyle Boller,29,OAK,QB,5,0,,2,4,50.0,25,0,0.0,1,25.0,1,20.0,20,6.3,-5.00,12.5,5.0,30.2,1,6,20.00,3.80,-5.20,0,0,,2010,0.3
77,Levi Brown,23,BUF,QB,1,0,,2,3,66.7,24,0,0.0,1,33.3,1,66.7,16,8.0,-7.00,12.0,24.0,51.4,0,0,0.00,8.00,-7.00,0,0,,2010,35.5
78,Chris Redman,33,ATL,QB,2,0,,4,6,66.7,20,0,0.0,0,0.0,1,33.3,14,3.3,3.33,5.0,10.0,71.5,0,0,0.00,3.33,3.33,0,0,,2010,26.8
79,Josh Cribbs,27,CLE,WR,15,5,,2,3,66.7,19,0,0.0,0,0.0,2,50.0,10,6.3,6.33,9.5,1.3,84.0,1,0,25.00,4.75,4.75,0,0,,2010,
80,Chad Pennington,34,MIA,QB,1,1,1-0-0,1,2,50.0,19,0,0.0,0,0.0,1,50.0,19,9.5,9.50,19.0,19.0,83.3,0,0,0.00,9.50,9.50,0,0,,2010,94.1
81,Jordan Palmer,26,CIN,QB,1,0,,3,3,100.0,18,0,0.0,0,0.0,1,60.0,7,6.0,6.00,6.0,18.0,91.7,2,20,40.00,-0.40,-0.40,0,0,,2010,15.1
82,Steve Breaston,27,ARI,WR,13,11,,1,2,50.0,17,0,0.0,0,0.0,1,50.0,17,8.5,8.50,17.0,1.3,79.2,0,0,0.00,8.50,8.50,0,0,,2010,73.1
83,Chase Daniel,24,NOR,QB,13,0,,2,3,66.7,16,0,0.0,0,0.0,0,50.0,9,5.3,5.33,8.0,1.2,79.9,1,10,25.00,1.50,1.50,0,0,,2010,0.8
84,Peyton Hillis,24,CLE,RB,16,14,,1,2,50.0,13,0,0.0,0,0.0,1,50.0,13,6.5,6.50,13.0,0.8,70.8,0,0,0.00,6.50,6.50,0,0,,2010,92.8
85,Sam Koch,28,BAL,P,16,0,,1,1,100.0,13,0,0.0,0,0.0,1,100.0,13,13.0,13.00,13.0,0.8,118.7,0,0,0.00,13.00,13.00,0,0,,2010,100.0
86,Billy Volek,34,SDG,QB,3,0,,1,1,100.0,8,0,0.0,0,0.0,1,100.0,8,8.0,8.00,8.0,2.7,100.0,0,0,0.00,8.00,8.00,0,0,,2010,89.3
87,Kellen Clemens,27,NYJ,QB,1,0,,1,2,50.0,6,0,0.0,0,0.0,1,50.0,6,3.0,3.00,6.0,6.0,56.2,0,0,0.00,3.00,3.00,0,0,,2010,100.0
88,Brad Smith,27,NYJ,WR,16,2,,2,3,66.7,6,1,33.3,0,0.0,1,33.3,3,2.0,8.67,3.0,0.4,109.7,0,0,0.00,2.00,8.67,0,0,,2010,88.4
89,Earnest Graham,30,TAM,RB,12,7,,1,1,100.0,2,1,100.0,0,0.0,1,100.0,2,2.0,22.00,2.0,0.2,118.7,0,0,0.00,2.00,22.00,0,0,,2010,99.9
90,Marion Barber III,27,DAL,RB,13,10,,0,1,0.0,0,0,0.0,0,0.0,0,,,0.0,0.00,,0.0,39.6,0,0,0.00,0.00,0.00,0,0,,2010,4.6
91,Jahvid Best,21,DET,RB,16,9,,0,1,0.0,0,0,0.0,0,0.0,0,,,0.0,0.00,,0.0,39.6,0,0,0.00,0.00,0.00,0,0,,2010,2.6
92,Ronnie Brown,29,MIA,RB,16,16,,0,2,0.0,0,0,0.0,0,0.0,0,,,0.0,0.00,,0.0,39.6,0,0,0.00,0.00,0.00,0,0,,2010,11.4
93,Patrick Crayton,31,SDG,WR,9,2,,0,1,0.0,0,0,0.0,0,0.0,0,,,0.0,0.00,,0.0,39.6,0,0,0.00,0.00,0.00,0,0,,2010,1.0
94,Armanti Edwards,22,CAR,QB,3,0,,1,1,100.0,0,0,0.0,0,0.0,0,,,0.0,0.00,0.0,0.0,79.2,0,0,0.00,0.00,0.00,0,0,,2010,68.5
95,Chad Johnson,32,CIN,WR,14,12,,0,1,0.0,0,0,0.0,0,0.0,0,,,0.0,0.00,,0.0,39.6,0,0,0.00,0.00,0.00,0,0,,2010,4.7
96,Maurice Jones-Drew,25,JAX,RB,14,14,,0,1,0.0,0,0,0.0,1,100.0,0,,,0.0,-45.00,,0.0,0.0,0,0,0.00,0.00,-45.00,0,0,PB,2010,0.0
97,Brandon LaFell,24,CAR,WR,14,2,,0,1,0.0,0,0,0.0,0,0.0,0,,,0.0,0.00,,0.0,39.6,0,0,0.00,0.00,0.00,0,0,,2010,99.9
98,Stefan Logan,29,DET,RB,16,0,,0,1,0.0,0,0,0.0,0,0.0,0,,,0.0,0.00,,0.0,39.6,0,0,0.00,0.00,0.00,0,0,,2010,4.7
99,Brandon Marshall,26,MIA,WR,14,14,,0,1,0.0,0,0,0.0,0,0.0,0,,,0.0,0.00,,0.0,39.6,0,0,0.00,0.00,0.00,0,0,,2010,0.9
100,Darren McFadden,23,OAK,RB,13,13,,0,1,0.0,0,0,0.0,0,0.0,0,,,0.0,0.00,,0.0,39.6,0,0,0.00,0.00,0.00,0,0,,2010,51.7
101,Micheal Spurlock,27,TAM,WR,16,1,,0,3,0.0,0,0,0.0,0,0.0,0,,,0.0,0.00,,0.0,39.6,0,0,0.00,0.00,0.00,0,0,,2010,6.7
102,Leon Washington,28,SEA,RB,16,0,,0,0,,0,0,,0,,0,,,,,,0.0,,1,7,100.00,-7.00,-7.00,0,0,"AP-2,AP CPoY-7",2010,0.0
103,Anquan Boldin,30,BAL,WR,16,16,,1,1,100.0,-6,0,0.0,0,0.0,0,,-6,-6.0,-6.00,-6.0,-0.4,79.2,0,0,0.00,-6.00,-6.00,0,0,,2010,15.7
,League Average,,,,,,,,,60.8,,,4.3,,3.0,,44.3,,7.0,6.54,11.5,125.1,84.1,,,6.14,6.17,5.73,,,,2010,
1,Drew Brees,32,NOR,QB,16,16,13-3-0,468,657,71.2,5476,46,7.0,14,2.1,279,56.5,79,8.3,8.78,11.7,342.3,110.6,24,158,3.52,7.81,8.23,3,4,"PB,AP-2,AP MVP-2,AP OPoY-1",2011,82.3
2,Tom Brady,34,NWE,QB,16,16,13-3-0,401,611,65.6,5235,39,6.4,12,2.0,262,55.5,99,8.6,8.96,13.1,327.2,105.6,32,173,4.98,7.87,8.25,1,2,PB,2011,73.8
3,Matthew Stafford,23,DET,QB,16,16,10-6-0,421,663,63.5,5038,41,6.2,16,2.4,243,49.8,73,7.6,7.75,12.0,314.9,97.2,36,257,5.15,6.84,6.98,3,4,AP CPoY-1,2011,60.5
4,Eli Manning,30,NYG,QB,16,16,9-7-0,359,589,61.0,4933,29,4.9,16,2.7,218,48.3,99,8.4,8.14,13.7,308.3,92.9,28,199,4.54,7.67,7.45,5,6,"PB,AP CPoY-6",2011,64.2
5,Aaron Rodgers,28,GNB,QB,15,15,14-1-0,343,502,68.3,4643,45,9.0,6,1.2,209,53.0,93,9.2,10.50,13.5,309.5,122.5,36,219,6.69,8.22,9.39,0,1,"PB,AP-1,AP MVP-1,AP OPoY-2",2011,83.8
6,Philip Rivers,30,SDG,QB,16,16,8-8-0,366,582,62.9,4624,27,4.6,20,3.4,234,49.3,58,7.9,7.33,12.6,289.0,88.7,30,198,4.90,7.23,6.64,1,1,PB,2011,64.9
7,Tony Romo,31,DAL,QB,16,16,8-8-0,346,522,66.3,4184,31,5.9,10,1.9,203,49.6,77,8.0,8.34,12.1,261.5,102.5,36,227,6.45,7.09,7.40,4,4,,2011,69.0
8,Matt Ryan,26,ATL,QB,16,16,10-6-0,347,566,61.3,4177,29,5.1,12,2.1,208,47.3,80,7.4,7.45,12.0,261.1,92.2,26,173,4.39,6.76,6.83,3,3,,2011,69.3
9,Ben Roethlisberger,29,PIT,QB,15,15,11-4-0,324,513,63.2,4077,21,4.1,14,2.7,210,48.5,95,7.9,7.54,12.6,271.8,90.1,40,269,7.23,6.89,6.51,1,1,PB,2011,68.3
10,Cam Newton,22,CAR,QB,16,16,6-10-0,310,517,60.0,4051,21,4.1,17,3.3,176,44.2,91,7.8,7.17,13.1,253.2,84.5,35,260,6.34,6.87,6.24,1,1,"PB,AP ORoY-1",2011,56.6
11,Ryan Fitzpatrick,29,BUF,QB,16,16,6-10-0,353,569,62.0,3832,24,4.2,23,4.0,179,42.8,60,6.7,5.76,10.9,239.5,79.1,22,148,3.72,6.23,5.29,2,2,,2011,50.1
12,Joe Flacco,26,BAL,QB,16,16,12-4-0,312,542,57.6,3610,20,3.7,12,2.2,180,42.1,74,6.7,6.40,11.6,225.6,80.9,31,203,5.41,5.95,5.70,2,3,,2011,63.7
13,Josh Freeman,23,TAM,QB,15,15,4-11-0,346,551,62.8,3592,16,2.9,22,4.0,170,45.3,65,6.5,5.30,10.4,239.5,74.6,29,164,5.00,5.91,4.76,1,2,,2011,46.1
14,Matt Hasselbeck,36,TEN,QB,16,16,9-7-0,319,518,61.6,3571,18,3.5,14,2.7,163,42.3,80,6.9,6.37,11.2,223.2,82.4,19,153,3.54,6.36,5.86,2,3,,2011,51.4
15,Mark Sanchez,25,NYJ,QB,16,16,8-8-0,308,543,56.7,3474,26,4.8,18,3.3,172,40.2,74,6.4,5.86,11.3,217.1,78.2,39,243,6.70,5.55,5.05,4,4,,2011,42.1
16,Andy Dalton,24,CIN,QB,16,16,9-7-0,300,516,58.1,3398,20,3.9,13,2.5,151,39.4,84,6.6,6.23,11.3,212.4,80.4,24,160,4.44,6.00,5.65,4,4,"PB,AP ORoY-2",2011,49.5
17,Michael Vick,31,PHI,QB,13,13,7-6-0,253,423,59.8,3303,18,4.3,14,3.3,154,48.0,73,7.8,7.17,13.1,254.1,84.9,23,126,5.16,7.12,6.52,0,0,,2011,60.9
18,Rex Grossman,31,WAS,QB,13,13,5-8-0,265,458,57.9,3151,16,3.5,20,4.4,161,43.7,51,6.9,5.61,11.9,242.4,72.4,25,201,5.18,6.11,4.91,2,2,,2011,41.5
19,Alex Smith,27,SFO,QB,16,16,13-3-0,273,445,61.3,3144,17,3.8,5,1.1,145,42.3,56,7.1,7.32,11.5,196.5,90.7,44,263,9.00,5.89,6.13,5,5,AP CPoY-3,2011,54.5
20,Tarvaris Jackson,28,SEA,QB,15,14,7-7-0,271,450,60.2,3091,14,3.1,13,2.9,139,41.3,61,6.9,6.19,11.4,206.1,79.2,42,293,8.54,5.69,5.07,0,0,,2011,46.1
21,Carson Palmer,32,OAK,QB,10,9,4-5-0,199,328,60.7,2753,13,4.0,16,4.9,123,47.2,78,8.4,6.99,13.8,275.3,80.5,17,119,4.93,7.63,6.30,0,1,,2011,53.5
22,Colt McCoy,25,CLE,QB,13,13,4-9-0,265,463,57.2,2733,14,3.0,11,2.4,142,42.4,56,5.9,5.44,10.3,210.2,74.6,32,173,6.46,5.17,4.74,1,3,,2011,45.9
23,Matt Moore,27,MIA,QB,13,12,6-6-0,210,347,60.5,2497,16,4.6,9,2.6,122,41.3,65,7.2,6.95,11.9,192.1,87.1,36,229,9.40,5.92,5.70,1,1,,2011,55.7
24,Matt Schaub,30,HOU,QB,10,10,7-3-0,178,292,61.0,2479,15,5.1,6,2.1,118,50.0,80,8.5,8.59,13.9,247.9,96.8,16,98,5.19,7.73,7.83,0,1,,2011,73.8
25,Jay Cutler,28,CHI,QB,10,10,7-3-0,182,314,58.0,2319,13,4.1,7,2.2,107,41.8,56,7.4,7.21,12.7,231.9,85.7,23,159,6.82,6.41,6.25,1,1,,2011,60.5
26,Blaine Gabbert,22,JAX,QB,15,14,4-10-0,210,413,50.8,2214,12,2.9,11,2.7,111,32.2,74,5.4,4.74,10.5,147.6,65.4,40,293,8.83,4.24,3.68,0,0,,2011,22.2
27,Sam Bradford,24,STL,QB,10,10,1-9-0,191,357,53.5,2164,6,1.7,6,1.7,104,37.4,68,6.1,5.64,11.3,216.4,70.5,36,248,9.16,4.88,4.49,1,1,,2011,31.4
28,Kevin Kolb,27,ARI,QB,9,9,3-6-0,146,253,57.7,1955,9,3.6,8,3.2,87,40.3,73,7.7,7.02,13.4,217.2,81.1,30,219,10.60,6.13,5.50,2,1,,2011,33.3
29,John Skelton,23,ARI,QB,8,7,5-2-0,151,275,54.9,1913,11,4.0,14,5.1,81,41.9,60,7.0,5.47,12.7,239.1,68.9,23,162,7.72,5.88,4.50,4,5,,2011,37.3
30,Christian Ponder,23,MIN,QB,11,10,2-8-0,158,291,54.3,1853,13,4.5,13,4.5,92,36.4,72,6.4,5.25,11.7,168.5,70.1,30,164,9.35,5.26,4.25,0,1,,2011,32.4
31,Kyle Orton,29,2TM,QB,9,8,3-5-0,150,252,59.5,1758,9,3.6,9,3.6,97,45.0,52,7.0,6.08,11.7,195.3,77.8,10,54,3.82,6.50,5.65,0,0,,2011,
31,Kyle Orton,29,DEN,QB,5,5,1-4-0,91,155,58.7,979,8,5.2,7,4.5,56,42.7,52,6.3,5.32,10.8,195.8,75.7,9,49,5.49,5.67,4.73,0,0,,2011,
31,Kyle Orton,29,KAN,QB,4,3,2-1-0,59,97,60.8,779,1,1.0,2,2.1,41,49.0,49,8.0,7.31,13.2,194.8,81.1,1,5,1.02,7.90,7.18,0,0,,2011,
32,Tim Tebow,24,DEN,QB,14,11,7-4-0,126,271,46.5,1729,12,4.4,6,2.2,77,33.6,56,6.4,6.27,13.7,123.5,72.9,33,225,10.86,4.95,4.85,5,5,,2011,38.6
33,Matt Cassel,29,KAN,QB,9,9,4-5-0,160,269,59.5,1713,10,3.7,9,3.3,84,39.2,52,6.4,5.61,10.7,190.3,76.6,22,120,7.56,5.47,4.77,1,2,,2011,48.4
Rk,Player,Age,Team,Pos,G,GS,QBrec,Cmp,Att,Cmp%,Yds,TD,TD%,Int,Int%,1D,Succ%,Lng,Y/A,AY/A,Y/C,Y/G,Rate,Sk,Yds,Sk%,NY/A,ANY/A,4QC,GWD,Awards,2011,QBR
34,Curtis Painter,26,IND,QB,9,8,0-8-0,132,243,54.3,1541,6,2.5,9,3.7,71,37.1,87,6.3,5.17,11.7,171.2,66.6,16,104,6.18,5.55,4.45,0,0,,2011,30.9
35,Dan Orlovsky,28,IND,QB,8,5,2-3-0,122,193,63.2,1201,6,3.1,4,2.1,71,47.8,40,6.2,5.91,9.8,150.1,82.4,14,84,6.76,5.40,5.11,1,1,,2011,47.3
36,Jason Campbell,29,OAK,QB,6,6,4-2-0,100,165,60.6,1170,6,3.6,4,2.4,56,46.5,58,7.1,6.73,11.7,195.0,84.2,5,19,2.94,6.77,6.42,1,1,,2011,56.2
37,Donovan McNabb,35,MIN,QB,6,6,1-5-0,94,156,60.3,1026,4,2.6,2,1.3,52,40.1,60,6.6,6.51,10.9,171.0,82.9,16,113,9.30,5.31,5.25,0,0,,2011,54.6
38,T.J. Yates,24,HOU,QB,6,5,2-3-0,82,134,61.2,949,3,2.2,3,2.2,48,42.3,50,7.1,6.52,11.6,158.2,80.7,15,74,10.07,5.87,5.37,1,2,,2011,43.1
39,Chad Henne,26,MIA,QB,4,4,0-4-0,64,112,57.1,868,4,3.6,4,3.6,41,39.8,41,7.8,6.86,13.6,217.0,79.0,11,67,8.94,6.51,5.70,0,0,,2011,62.5
40,Vince Young,28,PHI,QB,6,3,1-2-0,66,114,57.9,866,4,3.5,9,7.9,39,43.4,58,7.6,4.75,13.1,144.3,60.8,8,34,6.56,6.82,4.16,0,1,,2011,40.3
41,John Beck,30,WAS,QB,4,3,0-3-0,80,132,60.6,858,2,1.5,4,3.0,44,41.2,32,6.5,5.44,10.7,214.5,72.1,16,84,10.81,5.23,4.28,0,0,,2011,38.1
42,Tyler Palko,28,KAN,QB,6,4,1-3-0,80,134,59.7,796,2,1.5,7,5.2,40,37.9,38,5.9,3.89,10.0,132.7,59.8,11,83,7.59,4.92,3.02,0,0,,2011,32.4
43,Caleb Hanie,26,CHI,QB,6,4,0-4-0,51,102,50.0,613,3,2.9,9,8.8,29,31.4,81,6.0,2.63,12.0,102.2,41.8,19,133,15.70,3.97,1.12,0,0,,2011,19.0
44,Seneca Wallace,31,CLE,QB,6,3,0-3-0,55,107,51.4,567,2,1.9,2,1.9,29,35.4,76,5.3,4.83,10.3,94.5,65.4,6,30,5.31,4.75,4.31,0,0,,2011,59.8
45,A.J. Feeley,34,STL,QB,5,3,1-2-0,53,97,54.6,548,1,1.0,2,2.1,27,36.4,34,5.6,4.93,10.3,109.6,66.0,10,72,9.35,4.45,3.79,0,0,,2011,27.8
46,Kellen Clemens,28,STL,QB,3,3,0-3-0,48,91,52.7,546,2,2.2,1,1.1,30,41.0,36,6.0,5.95,11.4,182.0,73.8,9,68,9.00,4.78,4.73,0,0,,2011,34.6
47,Jake Locker,23,TEN,QB,5,0,,34,66,51.5,542,4,6.1,0,0.0,22,39.4,54,8.2,9.42,15.9,108.4,99.4,5,37,7.04,7.11,8.24,0,0,,2011,64.1
48,Matt Flynn,26,GNB,QB,5,1,1-0-0,33,49,67.3,518,6,12.2,2,4.1,22,57.4,80,10.6,11.18,15.7,103.6,124.8,5,18,9.26,9.26,9.81,1,1,,2011,83.5
49,Kerry Collins,39,IND,QB,3,3,0-3-0,48,98,49.0,481,2,2.0,1,1.0,29,37.9,36,4.9,4.86,10.0,160.3,65.9,5,40,4.85,4.28,4.23,0,0,,2011,16.8
50,Josh McCown,32,CHI,QB,3,2,1-1-0,35,55,63.6,414,2,3.6,4,7.3,18,46.8,49,7.5,4.98,11.8,138.0,68.3,7,43,11.29,5.98,3.73,0,0,,2011,32.7
51,Joe Webb,25,MIN,QB,11,1,,34,63,54.0,376,3,4.8,2,3.2,17,36.4,36,6.0,5.49,11.1,34.2,74.6,3,21,4.55,5.38,4.92,0,1,,2011,58.6
52,Charlie Whitehurst,29,SEA,QB,3,2,0-2-0,27,56,48.2,298,1,1.8,1,1.8,14,29.7,38,5.3,4.88,11.0,99.3,62.9,8,46,12.50,3.94,3.55,1,1,,2011,19.7
53,Luke McCown,30,JAX,QB,4,2,1-1-0,30,56,53.6,296,0,0.0,4,7.1,13,33.3,26,5.3,2.07,9.9,74.0,39.0,4,38,6.67,4.30,1.30,0,0,,2011,22.9
54,Josh Johnson,25,TAM,QB,9,1,0-1-0,19,36,52.8,246,1,2.8,2,5.6,12,38.5,42,6.8,4.89,12.9,27.3,60.6,3,24,7.69,5.69,3.90,0,0,,2011,44.2
55,Jake Delhomme,36,HOU,QB,1,0,,18,28,64.3,211,1,3.6,0,0.0,9,43.3,40,7.5,8.25,11.7,211.0,99.0,2,18,6.67,6.43,7.10,0,0,,2011,60.1
56,Charlie Batch,37,PIT,QB,4,1,1-0-0,15,24,62.5,208,0,0.0,1,4.2,9,42.3,46,8.7,6.79,13.9,52.0,72.9,2,10,7.69,7.62,5.88,0,0,,2011,21.8
57,Chris Redman,34,ATL,QB,5,0,,18,28,64.3,188,0,0.0,1,3.6,9,46.4,22,6.7,5.11,10.4,37.6,68.7,0,0,0.00,6.71,5.11,0,0,,2011,20.4
58,Stephen McGee,26,DAL,QB,1,0,,24,38,63.2,182,1,2.6,0,0.0,11,31.7,19,4.8,5.32,7.6,182.0,83.4,3,25,7.32,3.83,4.32,0,0,,2011,47.7
59,Kyle Boller,30,OAK,QB,2,1,0-1-0,15,28,53.6,161,0,0.0,3,10.7,7,32.3,27,5.8,0.93,10.7,80.5,31.1,3,19,9.68,4.58,0.23,0,0,,2011,7.5
60,Bruce Gradkowski,28,CIN,QB,2,0,,8,18,44.4,109,1,5.6,1,5.6,4,26.3,41,6.1,4.67,13.6,54.5,59.7,1,7,5.26,5.37,4.05,1,1,,2011,20.1
61,Mike Kafka,24,PHI,QB,4,0,,11,16,68.8,107,0,0.0,2,12.5,3,41.2,43,6.7,1.06,9.7,26.8,47.7,1,6,5.88,5.94,0.65,0,0,,2011,9.9
62,Jon Kitna,39,DAL,QB,3,0,,6,10,60.0,87,1,10.0,2,20.0,4,60.0,33,8.7,1.70,14.5,29.0,82.1,0,0,0.00,8.70,1.70,0,0,,2011,64.1
63,Richard Bartel,28,ARI,QB,2,0,,10,22,45.5,86,1,4.5,1,4.5,5,26.1,23,3.9,2.77,8.6,43.0,52.5,1,6,4.35,3.48,2.39,0,0,,2011,20.3
64,J.P. Losman,30,MIA,QB,2,0,,6,10,60.0,60,0,0.0,0,0.0,3,20.0,25,6.0,6.00,10.0,30.0,77.1,5,38,33.33,1.47,1.47,0,0,,2011,5.3
65,Matt Leinart,28,HOU,QB,2,1,1-0-0,10,13,76.9,57,1,7.7,0,0.0,1,38.5,20,4.4,5.92,5.7,28.5,110.1,0,0,0.00,4.38,5.92,0,0,,2011,40.5
66,Sidney Rice,25,SEA,WR,9,9,,1,1,100.0,55,0,0.0,0,0.0,1,100.0,55,55.0,55.00,55.0,6.1,118.7,0,0,0.00,55.00,55.00,0,0,,2011,100.0
67,Brandon Banks,24,WAS,WR,16,0,,1,1,100.0,49,1,100.0,0,0.0,1,100.0,49,49.0,69.00,49.0,3.1,158.3,0,0,0.00,49.00,69.00,0,0,,2011,100.0
68,Jeremy Kerley,23,NYJ,WR,14,1,,1,1,100.0,41,0,0.0,0,0.0,1,100.0,41,41.0,41.00,41.0,2.9,118.7,0,0,0.00,41.00,41.00,0,0,,2011,75.3
Rk,Player,Age,Team,Pos,G,GS,QBrec,Cmp,Att,Cmp%,Yds,TD,TD%,Int,Int%,1D,Succ%,Lng,Y/A,AY/A,Y/C,Y/G,Rate,Sk,Yds,Sk%,NY/A,ANY/A,4QC,GWD,Awards,2011,QBR
69,Colin Kaepernick,24,SFO,QB,3,0,,3,5,60.0,35,0,0.0,0,0.0,2,40.0,19,7.0,7.00,11.7,11.7,81.2,0,0,0.00,7.00,7.00,0,0,,2011,69.5
70,Shane Lechler,35,OAK,P,16,0,,1,3,33.3,35,1,33.3,0,0.0,1,33.3,35,11.7,18.33,35.0,2.2,118.1,0,0,0.00,11.67,18.33,0,0,"PB,AP-2",2011,0.1
71,Shaun Hill,31,DET,QB,2,0,,2,3,66.7,33,0,0.0,0,0.0,1,33.3,28,11.0,11.00,16.5,16.5,103.5,0,0,0.00,11.00,11.00,0,0,,2011,66.0
72,Daniel Sepulveda,27,PIT,P,8,0,,1,1,100.0,33,0,0.0,0,0.0,1,100.0,33,33.0,33.00,33.0,4.1,118.7,0,0,0.00,33.00,33.00,0,0,,2011,100.0
73,Chase Daniel,25,NOR,QB,16,0,,4,5,80.0,29,0,0.0,0,0.0,2,40.0,14,5.8,5.80,7.3,1.8,90.8,0,0,0.00,5.80,5.80,0,0,,2011,31.9
74,Mark Brunell,41,NYJ,QB,16,0,,1,3,33.3,27,0,0.0,0,0.0,1,33.3,27,9.0,9.00,27.0,1.7,67.4,0,0,0.00,9.00,9.00,0,0,,2011,3.3
75,Legedu Naanee,28,CAR,WR,15,10,,1,1,100.0,27,0,0.0,0,0.0,1,100.0,27,27.0,27.00,27.0,1.8,118.7,0,0,0.00,27.00,27.00,0,0,,2011,96.9
76,Tyler Thigpen,27,BUF,QB,3,0,,3,8,37.5,25,0,0.0,1,12.5,2,25.0,13,3.1,-2.50,8.3,8.3,6.8,0,0,0.00,3.13,-2.50,0,0,,2011,26.4
77,Brian Hoyer,26,NWE,QB,3,0,,1,1,100.0,22,0,0.0,0,0.0,1,100.0,22,22.0,22.00,22.0,7.3,118.7,0,0,0.00,22.00,22.00,0,0,,2011,87.4
78,Tyrod Taylor,22,BAL,QB,3,0,,1,1,100.0,18,0,0.0,0,0.0,0,,18,18.0,18.00,18.0,6.0,118.7,2,3,66.67,5.00,5.00,0,0,,2011,13.2
79,Emmanuel Sanders,24,PIT,WR,11,0,,1,1,100.0,15,0,0.0,0,0.0,1,100.0,15,15.0,15.00,15.0,1.4,118.7,0,0,0.00,15.00,15.00,0,0,,2011,97.4
80,David Akers,37,SFO,K,16,0,,1,1,100.0,14,1,100.0,0,0.0,1,100.0,14,14.0,34.00,14.0,0.9,158.3,0,0,0.00,14.00,34.00,0,0,"PB,AP-1",2011,100.0
81,Armanti Edwards,23,CAR,QB,16,0,,1,1,100.0,11,0,0.0,0,0.0,1,100.0,11,11.0,11.00,11.0,0.7,112.5,0,0,0.00,11.00,11.00,0,0,,2011,51.7
82,Ray Rice,24,BAL,RB,16,16,,1,1,100.0,1,1,100.0,0,0.0,1,100.0,1,1.0,21.00,1.0,0.1,118.7,0,0,0.00,1.00,21.00,0,0,"PB,AP-2",2011,99.9
83,Tom Brandstater,27,STL,QB,1,0,,0,2,0.0,0,0,0.0,0,0.0,0,,,0.0,0.00,,0.0,39.6,0,0,0.00,0.00,0.00,0,0,,2011,0.0
84,Randall Cobb,21,GNB,WR,15,0,,0,1,0.0,0,0,0.0,0,0.0,0,,,0.0,0.00,,0.0,39.6,0,0,0.00,0.00,0.00,0,0,,2011,9.8
85,Britton Colquitt,26,DEN,P,16,0,,0,1,0.0,0,0,0.0,0,0.0,0,,,0.0,0.00,,0.0,39.6,0,0,0.00,0.00,0.00,0,0,,2011,0.0
86,Josh Cribbs,28,CLE,WR,16,7,,0,0,,0,0,,0,,0,,,,,,0.0,,1,7,100.00,-7.00,-7.00,0,0,,2011,
87,Eric Decker,24,DEN,WR,16,13,,0,1,0.0,0,0,0.0,0,0.0,0,,,0.0,0.00,,0.0,39.6,0,0,0.00,0.00,0.00,0,0,,2011,1.2
88,Matt Forte,26,CHI,RB,12,12,,0,1,0.0,0,0,0.0,0,0.0,0,,,0.0,0.00,,0.0,39.6,0,0,0.00,0.00,0.00,0,0,PB,2011,3.3
89,Chas Henry,22,PHI,P,16,0,,0,1,0.0,0,0,0.0,0,0.0,0,,,0.0,0.00,,0.0,39.6,0,0,0.00,0.00,0.00,0,0,,2011,0.0
90,Brandon Lloyd,30,STL,WR,11,10,,0,1,0.0,0,0,0.0,0,0.0,0,,,0.0,0.00,,0.0,39.6,0,0,0.00,0.00,0.00,0,0,,2011,
91,Marshawn Lynch,25,SEA,RB,15,15,,0,2,0.0,0,0,0.0,0,0.0,0,,,0.0,0.00,,0.0,39.6,0,0,0.00,0.00,0.00,0,0,PB,2011,3.1
92,Jerious Norwood,28,STL,RB,9,0,,0,1,0.0,0,0,0.0,1,100.0,0,,,0.0,-45.00,,0.0,0.0,0,0,0.00,0.00,-45.00,0,0,,2011,0.0
93,Adam Podlesh,28,CHI,P,16,0,,0,1,0.0,0,0,0.0,0,0.0,0,,,0.0,0.00,,0.0,39.6,0,0,0.00,0.00,0.00,0,0,,2011,0.0
94,Bernard Scott,27,CIN,RB,16,1,,0,1,0.0,0,0,0.0,0,0.0,0,,,0.0,0.00,,0.0,39.6,0,0,0.00,0.00,0.00,0,0,,2011,9.7
95,Brad Smith,28,BUF,WR,15,5,,0,1,0.0,0,0,0.0,1,100.0,0,,,0.0,-45.00,,0.0,0.0,1,6,50.00,-3.00,-25.50,0,0,,2011,27.2
96,Micheal Spurlock,28,TAM,WR,12,0,,0,1,0.0,0,0,0.0,0,0.0,0,,,0.0,0.00,,0.0,39.6,0,0,0.00,0.00,0.00,0,0,,2011,4.5
97,Demaryius Thomas,24,DEN,WR,11,5,,0,1,0.0,0,0,0.0,0,0.0,0,,,0.0,0.00,,0.0,39.6,0,0,0.00,0.00,0.00,0,0,,2011,1.9
98,LaDainian Tomlinson,32,NYJ,RB,14,1,,0,0,,0,0,,0,,0,,,,,,0.0,,1,2,100.00,-2.00,-2.00,0,0,,2011,4.6
,League Average,,,,,,,,,60.1,,,4.3,,2.9,,44.2,,7.2,6.75,12.0,126.5,84.3,,,6.39,6.32,5.90,,,,2011,
1,Drew Brees,33,NOR,QB,16,16,7-9-0,422,670,63.0,5177,43,6.4,19,2.8,266,50.3,80,7.7,7.73,12.3,323.6,96.3,26,190,3.74,7.17,7.17,1,2,PB,2012,68.7
2,Matthew Stafford,24,DET,QB,16,16,4-12-0,435,727,59.8,4967,20,2.8,17,2.3,267,47.5,57,6.8,6.33,11.4,310.4,79.8,29,212,3.84,6.29,5.81,3,3,,2012,56.1
3,Tony Romo,32,DAL,QB,16,16,8-8-0,425,648,65.6,4903,28,4.3,19,2.9,232,51.5,85,7.6,7.11,11.5,306.4,90.5,36,263,5.26,6.78,6.35,5,5,,2012,65.4
4,Tom Brady,35,NWE,QB,16,16,12-4-0,401,637,63.0,4827,34,5.3,8,1.3,256,52.7,83,7.6,8.08,12.0,301.7,98.7,27,182,4.07,7.00,7.48,1,2,"PB,AP OPoY-3",2012,76.1
5,Matt Ryan,27,ATL,QB,16,16,13-3-0,422,615,68.6,4719,32,5.2,14,2.3,248,52.7,80,7.7,7.69,11.2,294.9,99.1,28,210,4.35,7.01,7.03,4,6,PB,2012,71.6
6,Peyton Manning,36,DEN,QB,16,16,13-3-0,400,583,68.6,4659,37,6.3,11,1.9,231,54.0,71,8.0,8.41,11.6,291.2,105.8,21,137,3.48,7.49,7.89,3,3,"PB,AP-1,AP MVP-2,AP OPoY-2,AP CPoY-1",2012,79.6
7,Andrew Luck,23,IND,QB,16,16,11-5-0,339,627,54.1,4374,23,3.7,18,2.9,208,43.4,70,7.0,6.42,12.9,273.4,76.5,41,246,6.14,6.18,5.66,4,7,"PB,AP ORoY-2",2012,65.6
8,Aaron Rodgers,29,GNB,QB,16,16,11-5-0,371,552,67.2,4295,39,7.1,8,1.4,215,49.8,73,7.8,8.54,11.6,268.4,108.0,51,293,8.46,6.64,7.33,2,3,"PB,AP-2,AP OPoY-3",2012,71.2
9,Josh Freeman,24,TAM,QB,16,16,7-9-0,306,558,54.8,4065,27,4.8,17,3.0,186,41.4,95,7.3,6.88,13.3,254.1,81.6,26,161,4.45,6.68,6.30,1,1,,2012,49.4
10,Carson Palmer,33,OAK,QB,15,15,4-11-0,345,565,61.1,4018,22,3.9,14,2.5,188,44.0,64,7.1,6.78,11.6,267.9,85.3,26,199,4.40,6.46,6.14,2,2,,2012,46.6
11,Matt Schaub,31,HOU,QB,16,16,12-4-0,350,544,64.3,4008,22,4.0,12,2.2,203,47.5,60,7.4,7.18,11.5,250.5,90.7,27,216,4.73,6.64,6.47,2,2,PB,2012,61.3
12,Eli Manning,31,NYG,QB,16,16,9-7-0,321,536,59.9,3948,26,4.9,15,2.8,187,46.7,80,7.4,7.08,12.3,246.8,87.2,19,136,3.42,6.87,6.59,3,3,PB,2012,67.0
13,Cam Newton,23,CAR,QB,16,16,7-9-0,280,485,57.7,3869,19,3.9,12,2.5,171,43.0,82,8.0,7.65,13.8,241.8,86.2,36,244,6.91,6.96,6.65,1,1,,2012,58.3
14,Joe Flacco,27,BAL,QB,16,16,10-6-0,317,531,59.7,3817,22,4.1,10,1.9,178,43.1,61,7.2,7.17,12.0,238.6,87.7,35,227,6.18,6.34,6.33,3,3,,2012,51.1
15,Sam Bradford,25,STL,QB,16,16,7-8-1,328,551,59.5,3702,21,3.8,13,2.4,185,43.5,80,6.7,6.42,11.3,231.4,82.6,35,233,5.97,5.92,5.64,4,3,,2012,51.6
16,Andy Dalton,25,CIN,QB,16,16,10-6-0,329,528,62.3,3669,27,5.1,16,3.0,172,44.9,59,6.9,6.61,11.2,229.3,87.4,46,229,8.01,5.99,5.68,1,3,,2012,47.7
17,Philip Rivers,31,SDG,QB,16,16,7-9-0,338,527,64.1,3606,26,4.9,15,2.8,184,44.1,80,6.8,6.55,10.7,225.4,88.6,49,311,8.51,5.72,5.45,0,0,,2012,42.6
18,Ryan Fitzpatrick,30,BUF,QB,16,16,6-10-0,306,505,60.6,3400,24,4.8,16,3.2,175,43.6,68,6.7,6.26,11.1,212.5,83.3,30,161,5.61,6.05,5.61,0,1,,2012,43.8
19,Brandon Weeden,29,CLE,QB,15,15,5-10-0,297,517,57.4,3385,14,2.7,17,3.3,169,40.7,71,6.5,5.61,11.4,225.7,72.6,28,186,5.14,5.87,4.98,1,1,,2012,33.9
20,Ryan Tannehill,24,MIA,QB,16,16,7-9-0,282,484,58.3,3294,12,2.5,13,2.7,151,42.0,80,6.8,6.09,11.7,205.9,76.1,35,234,6.74,5.90,5.23,1,1,,2012,48.4
21,Ben Roethlisberger,30,PIT,QB,13,13,7-6-0,284,449,63.3,3265,26,5.8,8,1.8,167,48.6,82,7.3,7.63,11.5,251.2,97.0,30,182,6.26,6.44,6.77,2,3,,2012,71.3
22,Robert Griffin III,22,WAS,QB,15,15,9-6-0,258,393,65.6,3200,20,5.1,5,1.3,151,45.6,88,8.1,8.59,12.4,213.3,102.4,30,217,7.09,7.05,7.47,3,2,"PB,AP ORoY-1",2012,69.4
23,Russell Wilson,24,SEA,QB,16,16,11-5-0,252,393,64.1,3118,26,6.6,10,2.5,153,48.1,67,7.9,8.11,12.4,194.9,100.0,33,203,7.75,6.84,7.01,3,4,"PB,AP ORoY-3",2012,72.7
24,Jay Cutler,29,CHI,QB,15,15,10-5-0,255,434,58.8,3033,19,4.4,14,3.2,152,40.3,60,7.0,6.41,11.9,202.2,81.3,38,250,8.05,5.90,5.37,1,1,,2012,48.1
25,Christian Ponder,24,MIN,QB,16,16,10-6-0,300,483,62.1,2935,18,3.7,12,2.5,166,43.9,65,6.1,5.70,9.8,183.4,81.2,32,184,6.21,5.34,4.99,1,2,,2012,52.1
26,Mark Sanchez,26,NYJ,QB,15,15,6-9-0,246,453,54.3,2883,13,2.9,18,4.0,146,40.9,66,6.4,5.15,11.7,192.2,66.9,34,209,6.98,5.49,4.36,1,1,,2012,27.1
27,Michael Vick,32,PHI,QB,10,10,3-7-0,204,351,58.1,2362,12,3.4,10,2.8,115,40.9,77,6.7,6.13,11.6,236.2,78.1,28,153,7.39,5.83,5.27,3,3,,2012,47.0
28,Jake Locker,24,TEN,QB,11,11,4-7-0,177,314,56.4,2176,10,3.2,11,3.5,94,38.1,71,6.9,5.99,12.3,197.8,74.0,25,151,7.37,5.97,5.10,0,1,,2012,42.0
29,Chad Henne,27,JAX,QB,10,6,1-5-0,166,308,53.9,2084,11,3.6,11,3.6,86,38.4,81,6.8,5.87,12.6,208.4,72.2,28,169,8.33,5.70,4.88,0,0,,2012,27.7
30,Colin Kaepernick,25,SFO,QB,13,7,5-2-0,136,218,62.4,1814,10,4.6,3,1.4,86,47.0,57,8.3,8.62,13.3,139.5,98.3,16,112,6.84,7.27,7.55,1,1,,2012,71.8
31,Matt Cassel,30,KAN,QB,9,8,1-7-0,161,277,58.1,1796,6,2.2,12,4.3,97,40.2,46,6.5,4.97,11.2,199.6,66.7,19,101,6.42,5.73,4.31,1,1,,2012,26.3
32,Alex Smith,28,SFO,QB,10,9,6-2-1,153,218,70.2,1737,13,6.0,5,2.3,87,50.0,55,8.0,8.13,11.4,173.7,104.1,24,137,9.92,6.61,6.76,0,0,,2012,65.1
33,Nick Foles,23,PHI,QB,7,6,1-5-0,161,265,60.8,1699,6,2.3,5,1.9,78,40.4,46,6.4,6.02,10.6,242.7,79.1,20,131,7.02,5.50,5.13,1,1,,2012,51.2
34,Blaine Gabbert,23,JAX,QB,10,10,1-9-0,162,278,58.3,1662,9,3.2,6,2.2,72,37.3,80,6.0,5.65,10.3,166.2,77.4,22,158,7.33,5.01,4.71,1,1,,2012,36.1
35,Matt Hasselbeck,37,TEN,QB,8,5,2-3-0,138,221,62.4,1367,7,3.2,5,2.3,71,45.1,37,6.2,5.80,9.9,170.9,81.0,14,103,5.96,5.38,5.02,2,2,,2012,45.0
Rk,Player,Age,Team,Pos,G,GS,QBrec,Cmp,Att,Cmp%,Yds,TD,TD%,Int,Int%,1D,Succ%,Lng,Y/A,AY/A,Y/C,Y/G,Rate,Sk,Yds,Sk%,NY/A,ANY/A,4QC,GWD,Awards,2012,QBR
36,Kevin Kolb,28,ARI,QB,6,5,3-2-0,109,183,59.6,1169,8,4.4,3,1.6,63,40.0,46,6.4,6.52,10.7,194.8,86.1,27,159,12.86,4.81,4.93,2,2,,2012,42.7
37,Brady Quinn,28,KAN,QB,10,8,1-7-0,112,197,56.9,1141,2,1.0,8,4.1,49,33.9,57,5.8,4.17,10.2,114.1,60.1,21,123,9.63,4.67,3.20,0,0,,2012,26.0
38,John Skelton,24,ARI,QB,7,6,1-5-0,109,201,54.2,1132,2,1.0,9,4.5,55,37.0,40,5.6,3.82,10.4,161.7,55.4,15,98,6.94,4.79,3.10,1,1,,2012,18.3
39,Ryan Lindley,23,ARI,QB,6,4,1-3-0,89,171,52.0,752,0,0.0,7,4.1,39,30.6,28,4.4,2.56,8.4,125.3,46.7,12,91,6.56,3.61,1.89,0,0,,2012,9.2
40,Charlie Batch,38,PIT,QB,2,2,1-1-0,45,70,64.3,475,1,1.4,4,5.7,22,45.2,43,6.8,4.50,10.6,237.5,64.9,3,12,4.11,6.34,4.15,1,1,,2012,35.9
41,Kirk Cousins,24,WAS,QB,3,1,1-0-0,33,48,68.8,466,4,8.3,3,6.3,20,47.1,77,9.7,8.56,14.1,155.3,101.6,3,27,5.88,8.61,7.53,1,1,,2012,77.7
42,Brian Hoyer,27,ARI,QB,2,1,0-1-0,30,53,56.6,330,1,1.9,2,3.8,12,38.6,53,6.2,4.91,11.0,165.0,65.8,4,30,7.02,5.26,4.04,0,0,,2012,28.7
43,Byron Leftwich,32,PIT,QB,2,1,0-1-0,25,53,47.2,272,0,0.0,1,1.9,13,32.1,37,5.1,4.28,10.9,136.0,54.9,3,24,5.36,4.43,3.63,0,0,,2012,28.8
44,Jason Campbell,31,CHI,QB,6,1,0-1-0,32,51,62.7,265,2,3.9,2,3.9,10,33.3,45,5.2,4.22,8.3,44.2,72.8,6,49,10.53,3.79,2.91,0,0,,2012,9.2
45,Greg McElroy,24,NYJ,QB,2,1,0-1-0,19,31,61.3,214,1,3.2,1,3.2,13,35.7,30,6.9,6.10,11.3,107.0,79.2,11,71,26.19,3.40,2.81,1,1,,2012,16.6
46,Thaddeus Lewis,27,CLE,QB,1,1,0-1-0,22,32,68.8,204,1,3.1,1,3.1,12,54.3,23,6.4,5.59,9.3,204.0,83.3,3,14,8.57,5.43,4.71,0,0,,2012,54.5
47,Tyrod Taylor,23,BAL,QB,7,0,,17,29,58.6,179,0,0.0,1,3.4,8,40.6,25,6.2,4.62,10.5,25.6,62.3,3,30,9.38,4.66,3.25,0,0,,2012,52.3
48,Shaun Hill,32,DET,QB,1,0,,10,13,76.9,172,2,15.4,0,0.0,8,69.2,46,13.2,16.31,17.2,172.0,157.9,0,0,0.00,13.23,16.31,0,0,,2012,44.2
49,Terrelle Pryor,23,OAK,QB,3,1,0-1-0,14,30,46.7,155,2,6.7,1,3.3,9,40.0,38,5.2,5.00,11.1,51.7,70.8,0,0,0.00,5.17,5.00,0,0,,2012,53.8
50,Matt Moore,28,MIA,QB,2,0,,11,19,57.9,131,1,5.3,0,0.0,7,42.9,37,6.9,7.95,11.9,65.5,96.6,2,9,9.52,5.81,6.76,0,0,,2012,62.0
51,Matt Leinart,29,OAK,QB,2,0,,16,33,48.5,115,0,0.0,1,3.0,7,23.5,20,3.5,2.12,7.2,57.5,44.4,1,9,2.94,3.12,1.79,0,0,,2012,24.0
52,Kyle Orton,30,DAL,QB,1,0,,9,10,90.0,89,1,10.0,0,0.0,6,90.0,21,8.9,10.90,9.9,89.0,137.1,0,0,0.00,8.90,10.90,0,0,,2012,99.5
53,Colt McCoy,26,CLE,QB,3,0,,9,17,52.9,79,1,5.9,0,0.0,5,28.6,21,4.6,5.82,8.8,26.3,85.2,4,25,19.05,2.57,3.52,0,0,,2012,17.8
54,Mohamed Sanu,23,CIN,WR,9,3,,1,1,100.0,73,1,100.0,0,0.0,1,100.0,73,73.0,93.00,73.0,8.1,158.3,0,0,0.00,73.00,93.00,0,0,,2012,100.0
55,Matt Flynn,27,SEA,QB,3,0,,5,9,55.6,68,0,0.0,0,0.0,3,22.2,27,7.6,7.56,13.6,22.7,79.9,0,0,0.00,7.56,7.56,0,0,,2012,23.1
56,Bruce Gradkowski,29,CIN,QB,2,0,,5,11,45.5,65,0,0.0,0,0.0,1,18.2,44,5.9,5.91,13.0,32.5,64.6,0,0,0.00,5.91,5.91,1,1,,2012,33.6
57,Derek Anderson,29,CAR,QB,2,0,,4,4,100.0,58,0,0.0,0,0.0,3,100.0,23,14.5,14.50,14.5,29.0,118.7,0,0,0.00,14.50,14.50,0,0,,2012,90.9
58,Dan Orlovsky,29,TAM,QB,1,0,,4,7,57.1,51,0,0.0,0,0.0,2,42.9,24,7.3,7.29,12.8,51.0,80.1,0,0,0.00,7.29,7.29,0,0,,2012,56.8
59,Johnny Hekker,22,STL,P,16,0,,3,3,100.0,42,1,33.3,0,0.0,3,100.0,21,14.0,20.67,14.0,2.6,158.3,0,0,0.00,14.00,20.67,0,0,,2012,100.0
60,Jeremy Kerley,24,NYJ,WR,16,7,,1,1,100.0,42,0,0.0,0,0.0,1,100.0,42,42.0,42.00,42.0,2.6,118.7,0,0,0.00,42.00,42.00,0,0,,2012,91.8
61,Kellen Clemens,29,STL,QB,2,0,,1,3,33.3,39,0,0.0,1,33.3,1,33.3,39,13.0,-2.00,39.0,19.5,42.4,0,0,0.00,13.00,-2.00,0,0,,2012,5.2
62,Tim Tebow,25,NYJ,QB,12,2,,6,8,75.0,39,0,0.0,0,0.0,2,40.0,23,4.9,4.88,6.5,3.3,84.9,2,7,20.00,3.20,3.20,0,0,,2012,25.4
63,T.J. Yates,25,HOU,QB,4,0,,4,10,40.0,38,0,0.0,1,10.0,3,27.3,19,3.8,-0.70,9.5,9.5,11.7,1,0,9.09,3.45,-0.64,0,0,,2012,44.8
64,Rusty Smith,25,TEN,QB,1,0,,3,5,60.0,34,0,0.0,0,0.0,2,40.0,17,6.8,6.80,11.3,34.0,80.4,0,0,0.00,6.80,6.80,0,0,,2012,37.2
65,Tyler Thigpen,28,BUF,QB,4,0,,3,5,60.0,30,0,0.0,0,0.0,2,40.0,12,6.0,6.00,10.0,7.5,77.1,0,0,0.00,6.00,6.00,0,0,,2012,35.9
66,Mike Williams,25,TAM,WR,16,16,,1,1,100.0,28,0,0.0,0,0.0,1,100.0,28,28.0,28.00,28.0,1.8,118.7,0,0,0.00,28.00,28.00,0,0,,2012,100.0
67,Tim Masthay,25,GNB,P,16,0,,1,2,50.0,27,1,50.0,0,0.0,1,50.0,27,13.5,23.50,27.0,1.7,135.4,0,0,0.00,13.50,23.50,0,0,,2012,5.7
68,Sidney Rice,26,SEA,WR,16,16,,1,2,50.0,25,0,0.0,0,0.0,1,50.0,25,12.5,12.50,25.0,1.6,95.8,0,0,0.00,12.50,12.50,0,0,,2012,100.0
69,Golden Tate,24,SEA,WR,15,15,,1,1,100.0,23,1,100.0,0,0.0,1,100.0,23,23.0,43.00,23.0,1.5,158.3,0,0,0.00,23.00,43.00,0,0,,2012,100.0
70,Graham Harrell,27,GNB,QB,4,0,,2,4,50.0,20,0,0.0,0,0.0,1,25.0,11,5.0,5.00,10.0,5.0,64.6,0,0,0.00,5.00,5.00,0,0,,2012,0.0
Rk,Player,Age,Team,Pos,G,GS,QBrec,Cmp,Att,Cmp%,Yds,TD,TD%,Int,Int%,1D,Succ%,Lng,Y/A,AY/A,Y/C,Y/G,Rate,Sk,Yds,Sk%,NY/A,ANY/A,4QC,GWD,Awards,2012,QBR
71,David Carr,33,NYG,QB,2,0,,2,3,66.7,19,0,0.0,0,0.0,1,50.0,15,6.3,6.33,9.5,9.5,84.0,1,6,25.00,3.25,3.25,0,0,,2012,2.3
72,Ryan Mallett,24,NWE,QB,4,0,,1,4,25.0,17,0,0.0,1,25.0,1,25.0,17,4.3,-7.00,17.0,4.3,5.2,0,0,0.00,4.25,-7.00,0,0,,2012,0.5
73,Trent Edwards,29,PHI,QB,1,0,,2,2,100.0,14,0,0.0,0,0.0,0,,8,7.0,7.00,7.0,14.0,95.8,0,0,0.00,7.00,7.00,0,0,,2012,98.1
74,Brock Osweiler,22,DEN,QB,5,0,,2,4,50.0,12,0,0.0,0,0.0,2,50.0,7,3.0,3.00,6.0,2.4,56.2,0,0,0.00,3.00,3.00,0,0,,2012,85.3
75,Chase Daniel,26,NOR,QB,16,0,,1,1,100.0,10,0,0.0,0,0.0,1,100.0,10,10.0,10.00,10.0,0.6,108.3,0,0,0.00,10.00,10.00,0,0,,2012,99.9
76,Shane Lechler,36,OAK,P,16,0,,1,1,100.0,4,0,0.0,0,0.0,0,,4,4.0,4.00,4.0,0.3,83.3,0,0,0.00,4.00,4.00,0,0,,2012,0.3
77,Danario Alexander,26,SDG,WR,10,6,,0,1,0.0,0,0,0.0,0,0.0,0,,,0.0,0.00,,0.0,39.6,0,0,0.00,0.00,0.00,0,0,,2012,27.5
78,Antonio Brown,24,PIT,WR,13,10,,0,2,0.0,0,0,0.0,1,50.0,0,,,0.0,-22.50,,0.0,0.0,0,0,0.00,0.00,-22.50,0,0,,2012,0.0
79,Armanti Edwards,24,CAR,QB,16,0,,0,1,0.0,0,0,0.0,0,0.0,0,,,0.0,0.00,,0.0,39.6,0,0,0.00,0.00,0.00,0,0,,2012,2.5
80,Brandon Fields,28,MIA,P,16,0,,0,1,0.0,0,0,0.0,0,0.0,0,,,0.0,0.00,,0.0,39.6,0,0,0.00,0.00,0.00,0,0,,2012,0.0
81,Peyton Hillis,26,KAN,RB,13,2,,0,1,0.0,0,0,0.0,0,0.0,0,,,0.0,0.00,,0.0,39.6,0,0,0.00,0.00,0.00,0,0,,2012,1.0
82,T.Y. Hilton,23,IND,WR,15,1,,0,1,0.0,0,0,0.0,0,0.0,0,,,0.0,0.00,,0.0,39.6,0,0,0.00,0.00,0.00,0,0,,2012,4.9
83,Kendall Hunter,24,SFO,RB,11,0,,0,0,,0,0,,0,,0,,,,,,0.0,,1,4,100.00,-4.00,-4.00,0,0,,2012,0.1
84,Josh Johnson,26,CLE,QB,1,0,,0,0,,0,0,,0,,0,,,,,,0.0,,1,8,100.00,-8.00,-8.00,0,0,,2012,0.0
85,Josh Morgan,27,WAS,WR,16,15,,0,1,0.0,0,0,0.0,0,0.0,0,,,0.0,0.00,,0.0,39.6,0,0,0.00,0.00,0.00,0,0,,2012,0.0
86,Matt Prater,28,DEN,K,16,0,,0,1,0.0,0,0,0.0,0,0.0,0,,,0.0,0.00,,0.0,39.6,0,0,0.00,0.00,0.00,0,0,,2012,0.0
87,Emmanuel Sanders,25,PIT,WR,16,7,,0,0,,0,0,,0,,0,,,,,,0.0,,1,7,100.00,-7.00,-7.00,0,0,,2012,0.1
88,Brad Smith,29,BUF,WR/QB,15,2,,0,1,0.0,0,0,0.0,1,100.0,0,,,0.0,-45.00,,0.0,0.0,0,0,0.00,0.00,-45.00,0,0,,2012,84.3
,League Average,,,,,,,,,60.9,,,4.3,,2.6,,44.8,,7.1,6.75,11.6,139.5,85.6,,,6.17,6.25,5.93,,,,2012,
1,Peyton Manning,37,DEN,QB,16,16,13-3-0,450,659,68.3,5477,55,8.3,10,1.5,291,55.2,78,8.3,9.30,12.2,342.3,115.1,18,120,2.66,7.91,8.87,2,2,"PB,AP-1,AP MVP-1,AP OPoY-1",2013,79.0
2,Drew Brees,34,NOR,QB,16,16,11-5-0,446,650,68.6,5162,39,6.0,12,1.8,246,52.0,76,7.9,8.31,11.6,322.6,104.7,37,244,5.39,7.16,7.51,2,2,"PB,AP OPoY-4",2013,69.1
3,Matthew Stafford,25,DET,QB,16,16,7-9-0,371,634,58.5,4650,29,4.6,19,3.0,223,46.9,87,7.3,6.90,12.5,290.6,84.2,23,168,3.50,6.82,6.40,2,3,,2013,53.5
4,Matt Ryan,28,ATL,QB,16,16,4-12-0,439,651,67.4,4515,26,4.0,17,2.6,228,47.1,81,6.9,6.56,10.3,282.2,89.6,44,298,6.33,6.07,5.72,1,1,,2013,67.5
5,Philip Rivers,32,SDG,QB,16,16,9-7-0,378,544,69.5,4478,32,5.9,11,2.0,233,55.7,60,8.2,8.50,11.8,279.9,105.5,30,150,5.23,7.54,7.79,4,4,"PB,AP CPoY-1",2013,75.1
6,Tom Brady,36,NWE,QB,16,16,12-4-0,380,628,60.5,4343,25,4.0,11,1.8,226,45.2,81,6.9,6.92,11.4,271.4,87.3,40,256,5.99,6.12,6.13,5,5,"PB,AP MVP-2,AP OPoY-4",2013,63.1
7,Andy Dalton,26,CIN,QB,16,16,11-5-0,363,586,61.9,4293,33,5.6,20,3.4,206,45.7,82,7.3,6.92,11.8,268.3,88.8,29,182,4.72,6.68,6.29,1,3,,2013,54.8
8,Carson Palmer,34,ARI,QB,16,16,10-6-0,362,572,63.3,4274,24,4.2,22,3.8,205,46.5,91,7.5,6.58,11.8,267.1,83.9,41,289,6.69,6.50,5.67,3,4,,2013,54.0
9,Ben Roethlisberger,31,PIT,QB,16,16,8-8-0,375,584,64.2,4261,28,4.8,14,2.4,211,47.4,67,7.3,7.18,11.4,266.3,92.0,42,282,6.71,6.36,6.24,1,3,,2013,58.0
10,Ryan Tannehill,25,MIA,QB,16,16,8-8-0,355,588,60.4,3913,24,4.1,17,2.9,204,44.1,67,6.7,6.17,11.0,244.6,81.7,58,399,8.98,5.44,5.00,4,3,,2013,48.4
11,Joe Flacco,28,BAL,QB,16,16,8-8-0,362,614,59.0,3912,19,3.1,22,3.6,191,38.5,74,6.4,5.38,10.8,244.5,73.1,48,324,7.25,5.42,4.50,2,4,,2013,48.0
12,Tony Romo,33,DAL,QB,15,15,8-7-0,342,535,63.9,3828,31,5.8,10,1.9,198,49.1,82,7.2,7.47,11.2,255.2,96.7,35,272,6.14,6.24,6.54,2,4,,2013,61.9
13,Andrew Luck,24,IND,QB,16,16,11-5-0,343,570,60.2,3822,23,4.0,9,1.6,189,44.7,73,6.7,6.80,11.1,238.9,87.0,32,227,5.32,5.97,6.06,3,3,PB,2013,63.8
14,Eli Manning,32,NYG,QB,16,16,7-9-0,317,551,57.5,3818,18,3.3,27,4.9,174,41.9,70,6.9,5.38,12.0,238.6,69.4,39,281,6.61,5.99,4.55,1,2,,2013,38.6
15,Cam Newton,24,CAR,QB,16,16,12-4-0,292,473,61.7,3379,24,5.1,13,2.7,172,43.2,79,7.1,6.92,11.6,211.2,88.8,43,336,8.33,5.90,5.69,4,4,PB,2013,64.3
16,Russell Wilson,25,SEA,QB,16,16,13-3-0,257,407,63.1,3357,26,6.4,9,2.2,157,44.8,80,8.2,8.53,13.1,209.8,101.2,44,272,9.76,6.84,7.10,3,4,"PB,AP OPoY-4",2013,67.2
17,Alex Smith,29,KAN,QB,15,15,11-4-0,308,508,60.6,3313,23,4.5,7,1.4,168,42.0,71,6.5,6.81,10.8,220.9,89.1,39,210,7.13,5.67,5.94,1,1,"PB,AP CPoY-6",2013,45.0
18,Chad Henne,28,JAX,QB,15,13,4-9-0,305,503,60.6,3241,13,2.6,14,2.8,152,41.8,62,6.4,5.71,10.6,216.1,76.5,38,243,7.02,5.54,4.86,1,1,,2013,34.9
19,Robert Griffin III,23,WAS,QB,13,13,3-10-0,274,456,60.1,3203,16,3.5,12,2.6,159,44.3,62,7.0,6.54,11.7,246.4,82.2,38,274,7.69,5.93,5.48,1,2,,2013,50.4
20,Colin Kaepernick,26,SFO,QB,16,16,12-4-0,243,416,58.4,3197,21,5.0,8,1.9,148,43.1,64,7.7,7.83,13.2,199.8,91.6,39,231,8.57,6.52,6.65,2,3,,2013,67.3
21,Geno Smith,23,NYJ,QB,16,16,8-8-0,247,443,55.8,3046,12,2.7,21,4.7,148,39.5,69,6.9,5.28,12.3,190.4,66.5,43,315,8.85,5.62,4.17,2,5,,2013,41.0
22,Nick Foles,24,PHI,QB,13,10,8-2-0,203,317,64.0,2891,27,8.5,2,0.6,130,47.0,63,9.1,10.54,14.2,222.4,119.2,28,173,8.12,7.88,9.18,1,1,PB,2013,69.5
23,Jay Cutler,30,CHI,QB,11,11,5-6-0,224,355,63.1,2621,19,5.4,12,3.4,125,45.2,67,7.4,6.93,11.7,238.3,89.2,19,132,5.08,6.66,6.23,3,3,,2013,70.1
24,Mike Glennon,24,TAM,QB,13,13,4-9-0,247,416,59.4,2608,19,4.6,9,2.2,128,39.3,85,6.3,6.21,10.6,200.6,83.9,40,314,8.77,5.03,4.98,2,2,,2013,55.2
25,Aaron Rodgers,30,GNB,QB,9,9,6-3-0,193,290,66.6,2536,17,5.9,6,2.1,108,50.2,83,8.7,8.99,13.1,281.8,104.9,21,117,6.75,7.78,8.00,1,1,,2013,61.6
26,Ryan Fitzpatrick,31,TEN,QB,11,9,3-6-0,217,350,62.0,2454,14,4.0,12,3.4,119,43.9,77,7.0,6.27,11.3,223.1,82.0,21,109,5.66,6.32,5.62,2,2,,2013,58.7
27,Matt Schaub,32,HOU,QB,10,8,2-6-0,219,358,61.2,2310,10,2.8,14,3.9,116,42.2,46,6.5,5.25,10.5,231.0,73.0,21,162,5.54,5.67,4.53,2,2,,2013,38.3
28,Jason Campbell,32,CLE,QB,9,8,1-7-0,180,317,56.8,2015,11,3.5,8,2.5,86,39.3,80,6.4,5.91,11.2,223.9,76.9,16,104,4.80,5.74,5.32,0,0,,2013,43.3
29,EJ Manuel,23,BUF,QB,10,10,4-6-0,180,306,58.8,1972,11,3.6,9,2.9,89,40.7,45,6.4,5.84,11.0,197.2,77.7,28,159,8.38,5.43,4.87,1,2,,2013,38.2
30,Josh McCown,34,CHI,QB,8,5,3-2-0,149,224,66.5,1829,13,5.8,1,0.4,94,51.9,80,8.2,9.13,12.3,228.6,109.0,11,37,4.68,7.63,8.54,1,1,,2013,82.4
31,Matt Cassel,31,MIN,QB,9,6,3-3-0,153,254,60.2,1807,11,4.3,9,3.5,83,41.1,79,7.1,6.39,11.8,200.8,81.6,16,85,5.93,6.38,5.69,2,2,,2013,52.3
32,Terrelle Pryor,24,OAK,QB,11,9,3-6-0,156,272,57.4,1798,7,2.6,11,4.0,86,39.3,73,6.6,5.31,11.5,163.5,69.1,31,203,10.23,5.26,4.09,0,0,,2013,40.5
33,Case Keenum,25,HOU,QB,8,8,0-8-0,137,253,54.2,1760,9,3.6,6,2.4,76,38.2,66,7.0,6.60,12.8,220.0,78.2,19,201,6.99,5.73,5.40,0,0,,2013,48.6
34,Brandon Weeden,30,CLE,QB,8,5,0-5-0,141,267,52.8,1731,9,3.4,9,3.4,81,35.0,95,6.5,5.64,12.3,216.4,70.3,27,180,9.18,5.28,4.51,0,1,,2013,34.4
35,Sam Bradford,26,STL,QB,7,7,3-4-0,159,262,60.7,1687,14,5.3,4,1.5,86,45.8,73,6.4,6.82,10.6,241.0,90.9,15,97,5.42,5.74,6.10,1,1,,2013,56.9
Rk,Player,Age,Team,Pos,G,GS,QBrec,Cmp,Att,Cmp%,Yds,TD,TD%,Int,Int%,1D,Succ%,Lng,Y/A,AY/A,Y/C,Y/G,Rate,Sk,Yds,Sk%,NY/A,ANY/A,4QC,GWD,Awards,2013,QBR
36,Kellen Clemens,30,STL,QB,10,9,4-5-0,142,242,58.7,1673,8,3.3,7,2.9,81,40.3,81,6.9,6.27,11.8,167.3,78.8,21,138,7.98,5.84,5.25,0,0,,2013,43.4
37,Christian Ponder,25,MIN,QB,9,9,2-6-1,152,239,63.6,1648,7,2.9,9,3.8,83,42.5,47,6.9,5.79,10.8,183.1,77.9,27,119,10.15,5.75,4.75,1,0,,2013,42.2
38,Matt McGloin,24,OAK,QB,7,6,1-5-0,118,211,55.9,1547,8,3.8,8,3.8,70,40.1,52,7.3,6.38,13.1,221.0,76.1,6,53,2.76,6.88,5.96,0,0,,2013,46.0
39,Matt Flynn,28,2TM,QB,7,5,2-3-0,124,200,62.0,1392,8,4.0,5,2.5,70,43.8,56,7.0,6.64,11.2,198.9,85.7,24,135,10.71,5.61,5.32,3,2,,2013,
39,Matt Flynn,28,OAK,QB,2,1,0-1-0,22,34,64.7,246,1,2.9,1,2.9,12,43.9,34,7.2,6.50,11.2,123.0,83.7,7,33,17.07,5.20,4.59,0,0,,2013,
39,Matt Flynn,28,GNB,QB,5,4,2-2-0,102,166,61.4,1146,7,4.2,4,2.4,58,43.7,56,6.9,6.66,11.2,229.2,86.1,17,102,9.29,5.70,5.49,3,2,,2013,
40,Jake Locker,25,TEN,QB,7,7,4-3-0,111,183,60.7,1256,8,4.4,4,2.2,58,42.2,66,6.9,6.75,11.3,179.4,86.7,16,105,8.04,5.78,5.68,1,2,,2013,55.2
41,Michael Vick,33,PHI,QB,7,6,2-4-0,77,141,54.6,1215,5,3.5,3,2.1,52,40.4,70,8.6,8.37,15.8,173.6,86.5,15,99,9.62,7.15,6.93,0,0,,2013,53.5
42,Thaddeus Lewis,28,BUF,QB,6,5,2-3-0,93,157,59.2,1092,4,2.5,3,1.9,49,38.3,57,7.0,6.61,11.7,182.0,81.0,18,100,10.29,5.67,5.35,1,1,,2013,21.0
43,Kirk Cousins,25,WAS,QB,5,3,0-3-0,81,155,52.3,854,4,2.6,7,4.5,42,38.1,62,5.5,3.99,10.5,170.8,58.4,5,32,3.13,5.14,3.67,0,0,,2013,36.5
44,Josh Freeman,25,2TM,QB,4,4,0-4-0,63,147,42.9,761,2,1.4,4,2.7,40,30.3,39,5.2,4.22,12.1,190.3,52.6,8,61,5.16,4.52,3.61,0,0,,2013,
44,Josh Freeman,25,TAM,QB,3,3,0-3-0,43,94,45.7,571,2,2.1,3,3.2,30,32.7,39,6.1,5.06,13.3,190.3,59.3,7,47,6.93,5.19,4.25,0,0,,2013,
44,Josh Freeman,25,MIN,QB,1,1,0-1-0,20,53,37.7,190,0,0.0,1,1.9,10,25.9,22,3.6,2.74,9.5,190.0,40.6,1,14,1.85,3.26,2.43,0,0,,2013,
45,Scott Tolzien,26,GNB,QB,3,2,0-1-1,55,90,61.1,717,1,1.1,5,5.6,29,48.4,52,8.0,5.69,13.0,239.0,66.8,3,26,3.23,7.43,5.23,0,0,,2013,25.5
46,Brian Hoyer,28,CLE,QB,3,3,3-0-0,57,96,59.4,615,5,5.2,3,3.1,33,45.1,47,6.4,6.04,10.8,205.0,82.6,6,48,5.88,5.56,5.22,1,1,,2013,51.1
47,Blaine Gabbert,24,JAX,QB,3,3,0-3-0,42,86,48.8,481,1,1.2,7,8.1,23,28.6,67,5.6,2.16,11.5,160.3,36.0,12,67,12.24,4.22,1.21,0,0,,2013,4.0
48,Kyle Orton,31,DAL,QB,3,1,0-1-0,33,51,64.7,398,2,3.9,2,3.9,19,51.0,39,7.8,6.82,12.1,132.7,85.3,0,0,0.00,7.80,6.82,0,0,,2013,47.2
49,Jeff Tuel,22,BUF,QB,2,1,0-1-0,26,59,44.1,309,1,1.7,3,5.1,15,34.4,59,5.2,3.29,11.9,154.5,45.1,2,11,3.28,4.89,3.00,0,0,,2013,11.7
50,Matt Barkley,23,PHI,QB,3,0,,30,49,61.2,300,0,0.0,4,8.2,17,48.1,26,6.1,2.45,10.0,100.0,44.6,3,24,5.77,5.31,1.85,0,0,,2013,18.9
51,Chase Daniel,27,KAN,QB,5,1,0-1-0,25,38,65.8,248,1,2.6,1,2.6,14,37.5,48,6.5,5.87,9.9,49.6,81.9,2,11,5.00,5.93,5.30,0,0,,2013,70.0
52,Matt Simms,25,NYJ,QB,3,0,,16,31,51.6,156,1,3.2,1,3.2,8,31.4,25,5.0,4.23,9.8,52.0,63.4,4,23,11.43,3.80,3.09,0,0,,2013,6.5
53,Tarvaris Jackson,30,SEA,QB,3,0,,10,13,76.9,151,1,7.7,0,0.0,7,69.2,35,11.6,13.15,15.1,50.3,140.2,0,0,0.00,11.62,13.15,0,0,,2013,97.4
54,Seneca Wallace,33,GNB,QB,2,1,0-1-0,16,24,66.7,139,0,0.0,1,4.2,7,42.9,17,5.8,3.92,8.7,69.5,64.4,4,25,14.29,4.07,2.46,0,0,,2013,9.2
55,Matt Hasselbeck,38,IND,QB,3,0,,7,12,58.3,130,0,0.0,1,8.3,6,58.3,57,10.8,7.08,18.6,43.3,61.1,0,0,0.00,10.83,7.08,0,0,,2013,25.0
56,T.J. Yates,26,HOU,QB,3,0,,15,22,68.2,113,0,0.0,2,9.1,7,41.7,20,5.1,1.05,7.5,37.7,42.4,2,7,8.33,4.42,0.67,0,0,,2013,25.1
57,Brock Osweiler,23,DEN,QB,4,0,,11,16,68.8,95,0,0.0,0,0.0,4,38.9,19,5.9,5.94,8.6,23.8,84.1,2,8,11.11,4.83,4.83,0,0,,2013,39.0
58,Curtis Painter,28,NYG,QB,3,0,,8,16,50.0,57,0,0.0,2,12.5,2,29.4,9,3.6,-2.06,7.1,19.0,19.0,1,6,5.88,3.00,-2.29,0,0,,2013,0.5
59,Matt Moore,29,MIA,QB,1,0,,2,6,33.3,53,0,0.0,2,33.3,1,16.7,50,8.8,-6.17,26.5,53.0,27.1,0,0,0.00,8.83,-6.17,0,0,,2013,2.7
60,Josh Cribbs,30,NYJ,WR,6,0,,2,3,66.7,38,0,0.0,0,0.0,2,66.7,25,12.7,12.67,19.0,6.3,109.7,0,0,0.00,12.67,12.67,0,0,,2013,
61,Dominique Davis,24,ATL,QB,1,0,,5,7,71.4,34,0,0.0,0,0.0,2,57.1,14,4.9,4.86,6.8,34.0,81.8,0,0,0.00,4.86,4.86,0,0,,2013,68.1
62,Mat McBriar,34,PIT,P,9,0,,1,1,100.0,30,0,0.0,0,0.0,1,100.0,30,30.0,30.00,30.0,3.3,118.7,0,0,0.00,30.00,30.00,0,0,,2013,
63,Bilal Powell,25,NYJ,RB,16,11,,1,1,100.0,30,0,0.0,0,0.0,1,100.0,30,30.0,30.00,30.0,1.9,118.7,0,0,0.00,30.00,30.00,0,0,,2013,15.1
64,Mohamed Sanu,24,CIN,WR,16,14,,1,1,100.0,25,0,0.0,0,0.0,1,100.0,25,25.0,25.00,25.0,1.6,118.7,0,0,0.00,25.00,25.00,0,0,,2013,88.6
65,Marcel Reece,28,OAK,RB,16,15,,1,1,100.0,22,0,0.0,0,0.0,1,100.0,22,22.0,22.00,22.0,1.4,118.7,0,0,0.00,22.00,22.00,0,0,"PB,AP-2",2013,2.4
66,Ace Sanders,22,JAX,WR,15,4,,1,1,100.0,21,1,100.0,0,0.0,1,100.0,21,21.0,41.00,21.0,1.4,158.3,0,0,0.00,21.00,41.00,0,0,,2013,100.0
Rk,Player,Age,Team,Pos,G,GS,QBrec,Cmp,Att,Cmp%,Yds,TD,TD%,Int,Int%,1D,Succ%,Lng,Y/A,AY/A,Y/C,Y/G,Rate,Sk,Yds,Sk%,NY/A,ANY/A,4QC,GWD,Awards,2013,QBR
67,Patrick Peterson,23,ARI,LCB,16,16,,1,1,100.0,17,0,0.0,0,0.0,1,100.0,17,17.0,17.00,17.0,1.1,118.7,0,0,0.00,17.00,17.00,0,0,"PB,AP-1",2013,67.0
68,Darren McFadden,26,OAK,RB,10,7,,1,1,100.0,16,1,100.0,0,0.0,1,100.0,16,16.0,36.00,16.0,1.6,158.3,0,0,0.00,16.00,36.00,0,0,,2013,99.8
69,Antonio Brown,25,PIT,WR,16,14,,1,1,100.0,15,0,0.0,0,0.0,1,50.0,15,15.0,15.00,15.0,0.9,118.7,1,7,50.00,4.00,4.00,0,0,"PB,AP-2",2013,17.5
70,Colt McCoy,27,SFO,QB,4,0,,1,1,100.0,13,0,0.0,0,0.0,1,100.0,13,13.0,13.00,13.0,3.3,118.7,0,0,0.00,13.00,13.00,0,0,,2013,4.1
71,Spencer Lanning,25,CLE,P,16,0,,1,1,100.0,11,1,100.0,0,0.0,1,100.0,11,11.0,31.00,11.0,0.7,152.1,0,0,0.00,11.00,31.00,0,0,,2013,
72,Maurice Jones-Drew,28,JAX,RB,15,15,,1,1,100.0,8,1,100.0,0,0.0,1,100.0,8,8.0,28.00,8.0,0.5,139.6,0,0,0.00,8.00,28.00,0,0,,2013,100.0
73,Mike James,22,TAM,RB,8,3,,1,1,100.0,2,1,100.0,0,0.0,1,100.0,2,2.0,22.00,2.0,0.3,118.7,0,0,0.00,2.00,22.00,0,0,,2013,89.7
74,Tyrod Taylor,24,BAL,QB,3,0,,1,5,20.0,2,0,0.0,1,20.0,0,,2,0.4,-8.60,2.0,0.7,0.0,0,0,0.00,0.40,-8.60,0,0,,2013,70.8
75,Tavon Austin,23,STL,WR,13,3,,0,1,0.0,0,0,0.0,0,0.0,0,,,0.0,0.00,,0.0,39.6,0,0,0.00,0.00,0.00,0,0,,2013,0.7
76,Josh Bush,24,NYJ,DB,16,0,,0,1,0.0,0,0,0.0,0,0.0,0,,,0.0,0.00,,0.0,39.6,0,0,0.00,0.00,0.00,0,0,,2013,
77,Larry Fitzgerald,30,ARI,WR,16,16,,0,1,0.0,0,0,0.0,0,0.0,0,,,0.0,0.00,,0.0,39.6,0,0,0.00,0.00,0.00,0,0,PB,2013,5.1
78,Johnny Hekker,23,STL,P,16,0,,0,1,0.0,0,0,0.0,0,0.0,0,,,0.0,0.00,,0.0,39.6,0,0,0.00,0.00,0.00,0,0,"PB,AP-1",2013,
79,Jeremy Kerley,25,NYJ,WR,12,8,,0,1,0.0,0,0,0.0,0,0.0,0,,,0.0,0.00,,0.0,39.6,0,0,0.00,0.00,0.00,0,0,,2013,0.1
80,Michael Koenen,31,TAM,P,16,0,,0,2,0.0,0,0,0.0,0,0.0,0,,,0.0,0.00,,0.0,39.6,0,0,0.00,0.00,0.00,0,0,,2013,
81,Luke McCown,32,NOR,QB,16,0,,0,1,0.0,0,0,0.0,0,0.0,0,,,0.0,0.00,,0.0,39.6,0,0,0.00,0.00,0.00,0,0,,2013,
82,Bobby Rainey,26,TAM,RB,9,6,,0,1,0.0,0,0,0.0,0,0.0,0,,,0.0,0.00,,0.0,39.6,0,0,0.00,0.00,0.00,0,0,,2013,
83,Denard Robinson,23,JAX,WR,16,0,,0,1,0.0,0,0,0.0,0,0.0,0,,,0.0,0.00,,0.0,39.6,0,0,0.00,0.00,0.00,0,0,,2013,0.0
84,Brad Smith,30,PHI,WR,6,0,,0,1,0.0,0,0,0.0,0,0.0,0,,,0.0,0.00,,0.0,39.6,0,0,0.00,0.00,0.00,0,0,,2013,
85,Shann Schillinger,27,ATL,DB,5,0,,1,1,100.0,-8,0,0.0,0,0.0,0,,-8,-8.0,-8.00,-8.0,-1.6,79.2,0,0,0.00,-8.00,-8.00,0,0,,2013,
,League Average,,,,,,,,,61.2,,,4.4,,2.8,,44.4,,7.1,6.76,11.6,146.6,86.0,,,6.66,6.21,5.87,,,,2013,
1,Drew Brees,35,NOR,QB,16,16,7-9-0,456,659,69.2,4952,33,5.0,17,2.6,259,52.9,69,7.5,7.36,10.9,309.5,97.0,29,186,4.22,6.93,6.77,2,2,PB,2014,73.2
2,Ben Roethlisberger,32,PIT,QB,16,16,11-5-0,408,608,67.1,4952,32,5.3,9,1.5,244,51.6,94,8.1,8.53,12.1,309.5,103.3,33,172,5.15,7.46,7.82,2,3,PB,2014,69.4
3,Andrew Luck,25,IND,QB,16,16,11-5-0,380,616,61.7,4761,40,6.5,16,2.6,235,47.9,80,7.7,7.86,12.5,297.6,96.5,27,161,4.20,7.15,7.28,1,1,PB,2014,64.0
4,Peyton Manning,38,DEN,QB,16,16,12-4-0,395,597,66.2,4727,39,6.5,15,2.5,227,51.6,86,7.9,8.09,12.0,295.4,101.5,17,118,2.77,7.51,7.68,1,1,PB,2014,72.6
5,Matt Ryan,29,ATL,QB,16,16,6-10-0,415,628,66.1,4694,28,4.5,14,2.2,233,49.0,79,7.5,7.36,11.3,293.4,93.9,31,205,4.70,6.81,6.71,3,3,PB,2014,66.8
6,Eli Manning,33,NYG,QB,16,16,6-10-0,379,601,63.1,4410,30,5.0,14,2.3,219,47.4,80,7.3,7.29,11.6,275.6,92.1,28,187,4.45,6.71,6.67,1,1,,2014,61.0
7,Aaron Rodgers,31,GNB,QB,16,16,12-4-0,341,520,65.6,4381,38,7.3,5,1.0,221,52.4,80,8.4,9.45,12.8,273.8,112.2,28,174,5.11,7.68,8.65,1,1,"PB,AP-1,AP MVP-1,AP OPoY-2",2014,77.8
8,Philip Rivers,33,SDG,QB,16,16,9-7-0,379,570,66.5,4286,31,5.4,18,3.2,213,49.8,59,7.5,7.19,11.3,267.9,93.8,36,189,5.94,6.76,6.45,3,3,,2014,65.1
9,Matthew Stafford,26,DET,QB,16,16,11-5-0,363,602,60.3,4257,22,3.7,12,2.0,212,43.3,73,7.1,6.91,11.7,266.1,85.7,45,254,6.96,6.19,6.03,5,5,PB,2014,44.7
10,Tom Brady,37,NWE,QB,16,16,12-4-0,373,582,64.1,4109,33,5.7,9,1.5,221,49.1,69,7.1,7.50,11.0,256.8,97.4,21,134,3.48,6.59,7.01,2,2,"PB,AP MVP-5",2014,77.2
11,Ryan Tannehill,26,MIA,QB,16,16,8-8-0,392,590,66.4,4045,27,4.6,12,2.0,225,47.3,50,6.9,6.86,10.3,252.8,92.8,46,337,7.23,5.83,5.83,2,1,,2014,60.5
12,Joe Flacco,29,BAL,QB,16,16,10-6-0,344,554,62.1,3986,27,4.9,12,2.2,194,47.8,80,7.2,7.19,11.6,249.1,91.0,19,167,3.32,6.66,6.66,2,2,,2014,68.6
13,Jay Cutler,31,CHI,QB,15,15,5-10-0,370,561,66.0,3812,28,5.0,18,3.2,181,46.6,74,6.8,6.35,10.3,254.1,88.6,38,223,6.34,5.99,5.57,1,1,,2014,50.9
14,Tony Romo,34,DAL,QB,15,15,12-3-0,304,435,69.9,3705,34,7.8,9,2.1,191,53.4,68,8.5,9.15,12.2,247.0,113.2,29,215,6.25,7.52,8.11,3,4,"PB,AP-2,AP MVP-3,AP OPoY-5",2014,79.2
15,Russell Wilson,26,SEA,QB,16,16,12-4-0,285,452,63.1,3475,20,4.4,7,1.5,161,42.5,80,7.7,7.88,12.2,217.2,95.0,42,242,8.50,6.54,6.72,1,4,PB,2014,69.7
16,Andy Dalton,27,CIN,QB,16,16,10-5-1,309,481,64.2,3398,19,4.0,17,3.5,160,45.8,81,7.1,6.26,11.0,212.4,83.5,21,124,4.18,6.52,5.75,4,3,PB,2014,49.0
17,Colin Kaepernick,27,SFO,QB,16,16,8-8-0,289,478,60.5,3369,19,4.0,10,2.1,164,42.5,80,7.0,6.90,11.7,210.6,86.4,52,344,9.81,5.71,5.58,3,2,,2014,58.1
18,Brian Hoyer,29,CLE,QB,14,13,7-6-0,242,438,55.3,3326,12,2.7,13,3.0,163,41.1,81,7.6,6.81,13.7,237.6,76.5,24,160,5.19,6.85,6.11,4,4,,2014,38.7
19,Derek Carr,23,OAK,QB,16,16,3-13-0,348,599,58.1,3270,21,3.5,12,2.0,163,39.5,77,5.5,5.26,9.4,204.4,76.6,24,149,3.85,5.01,4.82,1,1,,2014,42.1
20,Alex Smith,30,KAN,QB,15,15,8-7-0,303,464,65.3,3265,18,3.9,6,1.3,179,46.4,70,7.0,7.23,10.8,217.7,93.4,45,229,8.84,5.96,6.14,3,3,,2014,52.0
21,Cam Newton,25,CAR,QB,14,14,5-8-1,262,448,58.5,3127,18,4.0,12,2.7,156,44.9,51,7.0,6.58,11.9,223.4,82.1,38,300,7.82,5.82,5.45,3,2,,2014,56.2
22,Kyle Orton,32,BUF,QB,12,12,7-5-0,287,447,64.2,3018,18,4.0,10,2.2,148,44.8,84,6.8,6.55,10.5,251.5,87.8,33,198,6.88,5.88,5.69,2,2,AP CPoY-7,2014,44.5
23,Teddy Bridgewater,22,MIN,QB,13,12,6-6-0,259,402,64.4,2919,14,3.5,12,3.0,137,44.7,87,7.3,6.61,11.3,224.5,85.2,39,249,8.84,6.05,5.46,3,3,,2014,51.6
24,Blake Bortles,22,JAX,QB,14,13,3-10-0,280,475,58.9,2908,11,2.3,17,3.6,136,37.9,63,6.1,4.97,10.4,207.7,69.5,55,345,10.38,4.84,3.81,1,1,,2014,28.0
25,Geno Smith,24,NYJ,QB,14,13,3-10-0,219,367,59.7,2525,13,3.5,13,3.5,119,41.8,74,6.9,5.99,11.5,180.4,77.5,28,175,7.09,5.95,5.13,1,2,,2014,45.8
26,Ryan Fitzpatrick,32,HOU,QB,12,12,6-6-0,197,312,63.1,2483,17,5.4,8,2.6,120,45.9,76,8.0,7.89,12.6,206.9,95.3,21,83,6.31,7.21,7.15,0,0,,2014,61.8
27,Mark Sanchez,28,PHI,QB,9,8,4-4-0,198,309,64.1,2418,14,4.5,11,3.6,119,50.6,72,7.8,7.13,12.2,268.7,88.4,23,151,6.93,6.83,6.18,0,0,,2014,55.3
28,Josh McCown,35,TAM,QB,11,11,1-10-0,184,327,56.3,2206,11,3.4,14,4.3,100,40.2,56,6.7,5.49,12.0,200.5,70.5,36,235,9.92,5.43,4.30,0,0,,2014,34.6
29,Nick Foles,25,PHI,QB,8,8,6-2-0,186,311,59.8,2163,13,4.2,10,3.2,101,44.1,68,7.0,6.34,11.6,270.4,81.4,9,74,2.81,6.53,5.93,2,3,,2014,63.6
30,Austin Davis,25,STL,QB,10,8,3-5-0,180,284,63.4,2001,12,4.2,9,3.2,106,46.6,59,7.0,6.46,11.1,200.1,85.1,29,179,9.27,5.82,5.29,1,2,,2014,44.8
31,Drew Stanton,30,ARI,QB,9,8,5-3-0,132,240,55.0,1711,7,2.9,5,2.1,77,39.4,49,7.1,6.78,13.0,190.1,78.7,11,66,4.38,6.55,6.22,1,1,,2014,53.6
32,Kirk Cousins,26,WAS,QB,6,5,1-4-0,126,204,61.8,1710,10,4.9,9,4.4,75,48.1,81,8.4,7.38,13.6,285.0,86.4,8,70,3.77,7.74,6.77,0,0,,2014,52.3
33,Robert Griffin III,24,WAS,QB,9,7,2-5-0,147,214,68.7,1694,4,1.9,6,2.8,70,41.3,69,7.9,7.03,11.5,188.2,86.9,33,227,13.36,5.94,5.17,0,1,,2014,28.7
34,Shaun Hill,34,STL,QB,9,8,3-5-0,145,229,63.3,1657,8,3.5,7,3.1,82,47.0,63,7.2,6.56,11.4,184.1,83.9,18,116,7.29,6.24,5.61,0,0,,2014,42.3
35,Carson Palmer,35,ARI,QB,6,6,6-0-0,141,224,62.9,1626,11,4.9,3,1.3,82,43.8,80,7.3,7.64,11.5,271.0,95.6,9,59,3.86,6.73,7.09,2,2,,2014,56.8
Rk,Player,Age,Team,Pos,G,GS,QBrec,Cmp,Att,Cmp%,Yds,TD,TD%,Int,Int%,1D,Succ%,Lng,Y/A,AY/A,Y/C,Y/G,Rate,Sk,Yds,Sk%,NY/A,ANY/A,4QC,GWD,Awards,2014,QBR
36,Mike Glennon,25,TAM,QB,6,5,1-4-0,117,203,57.6,1417,10,4.9,6,3.0,64,42.0,41,7.0,6.64,12.1,236.2,83.3,16,91,7.31,6.05,5.74,1,1,,2014,49.7
37,Zach Mettenberger,23,TEN,QB,7,6,0-6-0,107,179,59.8,1412,8,4.5,7,3.9,56,38.6,80,7.9,7.02,13.2,201.7,83.4,18,138,9.14,6.47,5.68,0,0,,2014,33.7
38,Charlie Whitehurst,32,TEN,QB,7,5,1-4-0,105,185,56.8,1326,7,3.8,2,1.1,55,38.4,75,7.2,7.44,12.6,189.4,87.4,18,103,8.87,6.02,6.27,0,0,,2014,43.4
39,Colt McCoy,28,WAS,QB,5,4,1-3-0,91,128,71.1,1057,4,3.1,3,2.3,44,42.1,70,8.3,7.83,11.6,211.4,96.4,17,117,11.72,6.48,6.10,1,2,,2014,40.0
40,Jake Locker,26,TEN,QB,7,5,1-4-0,86,146,58.9,993,5,3.4,7,4.8,47,40.0,61,6.8,5.33,11.5,141.9,70.9,14,85,8.75,5.68,4.33,0,0,,2014,45.3
41,EJ Manuel,24,BUF,QB,5,4,2-2-0,76,131,58.0,838,5,3.8,3,2.3,41,42.3,80,6.4,6.13,11.0,167.6,80.3,6,44,4.38,5.80,5.54,0,1,,2014,26.0
42,Derek Anderson,31,CAR,QB,6,2,2-0-0,65,97,67.0,701,5,5.2,0,0.0,44,53.5,35,7.2,8.26,10.8,116.8,105.2,4,17,3.96,6.77,7.76,0,0,,2014,71.4
43,Michael Vick,34,NYJ,QB,10,3,1-2-0,64,121,52.9,604,3,2.5,2,1.7,33,35.0,67,5.0,4.74,9.4,60.4,68.3,19,85,13.57,3.71,3.49,0,0,,2014,21.4
44,Ryan Lindley,25,ARI,QB,3,2,0-2-0,45,93,48.4,562,2,2.2,4,4.3,30,37.4,41,6.0,4.54,12.5,187.3,56.8,6,46,6.06,5.21,3.80,0,0,,2014,32.9
45,Chad Henne,29,JAX,QB,3,3,0-3-0,42,78,53.8,492,3,3.8,1,1.3,19,31.9,63,6.3,6.50,11.7,164.0,80.7,16,105,17.02,4.12,4.28,0,0,,2014,26.0
46,Case Keenum,26,HOU,QB,2,2,2-0-0,45,77,58.4,435,2,2.6,2,2.6,21,43.8,35,5.6,5.00,9.7,217.5,72.2,3,15,3.75,5.25,4.63,1,1,,2014,39.3
47,Matt Cassel,32,MIN,QB,3,3,1-2-0,41,71,57.7,425,3,4.2,4,5.6,21,39.0,28,6.0,4.30,10.4,141.7,65.8,6,39,7.79,5.01,3.45,0,0,,2014,43.0
48,Ryan Mallett,26,HOU,QB,3,2,1-1-0,41,75,54.7,400,2,2.7,2,2.7,23,43.4,41,5.3,4.67,9.8,133.3,67.6,1,5,1.32,5.20,4.54,0,0,,2014,50.1
49,Brandon Weeden,31,DAL,QB,5,1,0-1-0,24,41,58.5,303,3,7.3,2,4.9,16,42.9,43,7.4,6.66,12.6,60.6,85.7,1,9,2.38,7.00,6.29,0,0,,2014,4.9
50,Matt Hasselbeck,39,IND,QB,4,0,,30,44,68.2,301,2,4.5,0,0.0,17,47.8,32,6.8,7.75,10.0,75.3,102.6,2,7,4.35,6.39,7.26,0,0,,2014,58.8
51,Jimmy Clausen,27,CHI,QB,4,1,0-1-0,26,48,54.2,223,2,4.2,1,2.1,13,33.3,22,4.6,4.54,8.6,55.8,71.8,3,20,5.88,3.98,3.88,0,0,,2014,47.2
52,Christian Ponder,26,MIN,QB,2,1,0-1-0,22,44,50.0,222,0,0.0,2,4.5,13,34.0,18,5.0,3.00,10.1,111.0,45.8,6,34,12.00,3.76,1.96,0,0,,2014,8.4
53,Jimmy Garoppolo,23,NWE,QB,6,0,,19,27,70.4,182,1,3.7,0,0.0,8,34.4,37,6.7,7.48,9.6,30.3,101.2,5,36,15.63,4.56,5.19,0,0,,2014,19.5
54,Connor Shaw,23,CLE,QB,1,1,0-1-0,14,28,50.0,177,0,0.0,1,3.6,10,34.4,49,6.3,4.71,12.6,177.0,55.2,4,27,12.50,4.69,3.28,0,0,,2014,25.1
55,Johnny Manziel,22,CLE,QB,5,2,0-2-0,18,35,51.4,175,0,0.0,2,5.7,6,28.9,32,5.0,2.43,9.7,35.0,42.0,3,26,7.89,3.92,1.55,0,0,,2014,7.8
56,Chase Daniel,28,KAN,QB,3,1,1-0-0,16,28,57.1,157,0,0.0,0,0.0,8,31.3,30,5.6,5.61,9.8,52.3,73.1,4,17,12.50,4.38,4.38,0,0,,2014,23.6
57,Matt McGloin,25,OAK,QB,1,0,,12,19,63.2,129,1,5.3,2,10.5,6,45.0,29,6.8,3.11,10.8,129.0,61.0,1,8,5.00,6.05,2.55,0,0,,2014,24.3
58,Tom Savage,24,HOU,QB,2,0,,10,19,52.6,127,0,0.0,1,5.3,6,35.0,35,6.7,4.32,12.7,63.5,51.9,1,5,5.00,6.10,3.85,0,0,,2014,33.7
59,Logan Thomas,23,ARI,QB,2,0,,1,9,11.1,81,1,11.1,0,0.0,1,9.1,81,9.0,11.22,81.0,40.5,101.6,2,11,18.18,6.36,8.18,0,0,,2014,9.4
60,Mohamed Sanu,25,CIN,WR,16,13,,3,3,100.0,79,1,33.3,0,0.0,3,75.0,50,26.3,33.00,26.3,4.9,158.3,1,6,25.00,18.25,23.25,0,0,,2014,88.2
61,Jason Campbell,32,CIN,QB,4,0,,11,19,57.9,74,0,0.0,0,0.0,3,35.0,38,3.9,3.89,6.7,18.5,66.6,1,0,5.00,3.70,3.70,0,0,,2014,7.3
62,Matt Flynn,29,GNB,QB,7,0,,8,16,50.0,66,0,0.0,1,6.3,3,33.3,14,4.1,1.31,8.3,9.4,34.9,2,12,11.11,3.00,0.50,0,0,,2014,4.8
63,T.J. Yates,27,ATL,QB,1,0,,3,4,75.0,64,0,0.0,1,25.0,3,75.0,40,16.0,4.75,21.3,64.0,77.1,0,0,0.00,16.00,4.75,0,0,,2014,76.8
64,Ryan Nassib,24,NYG,QB,4,0,,4,5,80.0,60,0,0.0,0,0.0,2,57.1,29,12.0,12.00,15.0,15.0,116.7,2,11,28.57,7.00,7.00,0,0,,2014,15.6
65,Matt Schaub,33,OAK,QB,11,0,,5,10,50.0,57,0,0.0,2,20.0,4,38.5,16,5.7,-3.30,11.4,5.2,27.9,3,24,23.08,2.54,-4.38,0,0,,2014,0.0
66,Brock Osweiler,24,DEN,QB,4,0,,4,10,40.0,52,1,10.0,0,0.0,2,30.0,38,5.2,7.20,13.0,13.0,90.4,0,0,0.00,5.20,7.20,0,0,,2014,14.7
67,Matt Simms,26,NYJ,QB,1,0,,3,8,37.5,39,0,0.0,0,0.0,2,37.5,21,4.9,4.88,13.0,39.0,53.6,0,0,0.00,4.88,4.88,0,0,,2014,49.7
68,Blaine Gabbert,25,SFO,QB,1,0,,3,7,42.9,38,1,14.3,0,0.0,2,42.9,20,5.4,8.29,12.7,38.0,100.0,0,0,0.00,5.43,8.29,0,0,,2014,91.5
69,Ryan Quigley,24,NYJ,P,16,0,,1,1,100.0,38,0,0.0,0,0.0,1,100.0,38,38.0,38.00,38.0,2.4,118.7,0,0,0.00,38.00,38.00,0,0,,2014,
70,Johnny Hekker,24,STL,P,16,0,,2,2,100.0,37,0,0.0,0,0.0,2,100.0,19,18.5,18.50,18.5,2.3,118.7,0,0,0.00,18.50,18.50,0,0,AP-2,2014,
Rk,Player,Age,Team,Pos,G,GS,QBrec,Cmp,Att,Cmp%,Yds,TD,TD%,Int,Int%,1D,Succ%,Lng,Y/A,AY/A,Y/C,Y/G,Rate,Sk,Yds,Sk%,NY/A,ANY/A,4QC,GWD,Awards,2014,QBR
71,Cecil Shorts,27,JAX,WR,13,12,,2,2,100.0,32,1,50.0,0,0.0,2,100.0,23,16.0,26.00,16.0,2.5,158.3,0,0,0.00,16.00,26.00,0,0,,2014,100.0
72,Sam Martin,24,DET,P,16,0,,2,2,100.0,27,0,0.0,0,0.0,1,50.0,24,13.5,13.50,13.5,1.7,118.7,0,0,0.00,13.50,13.50,0,0,,2014,
73,Robert Golden,24,PIT,DB,16,0,,1,1,100.0,25,0,0.0,0,0.0,1,100.0,25,25.0,25.00,25.0,1.6,118.7,0,0,0.00,25.00,25.00,0,0,,2014,
74,Matt Moore,30,MIA,QB,2,0,,2,4,50.0,21,0,0.0,0,0.0,2,50.0,14,5.3,5.25,10.5,10.5,65.6,0,0,0.00,5.25,5.25,0,0,,2014,89.5
75,Antonio Brown,26,PIT,WR,16,16,,2,2,100.0,20,1,50.0,0,0.0,2,100.0,17,10.0,20.00,10.0,1.3,147.9,0,0,0.00,10.00,20.00,0,0,"PB,AP-1,AP OPoY-3",2014,100.0
76,Bryan Anger,26,JAX,P,16,0,,1,1,100.0,19,0,0.0,0,0.0,1,100.0,19,19.0,19.00,19.0,1.2,118.7,0,0,0.00,19.00,19.00,0,0,,2014,
77,Jermaine Kearse,24,SEA,WR,15,14,,1,1,100.0,17,0,0.0,0,0.0,1,100.0,17,17.0,17.00,17.0,1.1,118.7,0,0,0.00,17.00,17.00,0,0,,2014,99.9
78,Kellen Clemens,31,SDG,QB,2,0,,1,3,33.3,10,0,0.0,0,0.0,1,25.0,10,3.3,3.33,10.0,5.0,43.7,1,9,25.00,0.25,0.25,0,0,,2014,1.6
79,Ted Ginn Jr.,29,ARI,WR,16,0,,1,1,100.0,10,0,0.0,0,0.0,1,100.0,10,10.0,10.00,10.0,0.6,108.3,0,0,0.00,10.00,10.00,0,0,,2014,100.0
80,Shane Lechler,38,HOU,P,16,0,,1,1,100.0,10,0,0.0,0,0.0,1,100.0,10,10.0,10.00,10.0,0.6,108.3,0,0,0.00,10.00,10.00,0,0,,2014,
81,Jordan Palmer,30,TEN,QB,1,0,,1,3,33.3,7,0,0.0,0,0.0,0,,7,2.3,2.33,7.0,7.0,42.4,0,0,0.00,2.33,2.33,0,0,,2014,4.2
82,Dustin Colquitt,32,KAN,P,16,0,,1,1,100.0,6,0,0.0,0,0.0,1,100.0,6,6.0,6.00,6.0,0.4,91.7,0,0,0.00,6.00,6.00,0,0,,2014,
83,Arian Foster,28,HOU,RB,13,13,,1,1,100.0,5,1,100.0,0,0.0,1,100.0,5,5.0,25.00,5.0,0.4,127.1,0,0,0.00,5.00,25.00,0,0,"PB,AP CPoY-5",2014,100.0
84,Matt Barkley,24,PHI,QB,1,0,,0,1,0.0,0,0,0.0,0,0.0,0,,,0.0,0.00,,0.0,39.6,0,0,0.00,0.00,0.00,0,0,,2014,0.0
85,Odell Beckham Jr.,22,NYG,WR,12,11,,0,1,0.0,0,0,0.0,0,0.0,0,,,0.0,0.00,,0.0,39.6,0,0,0.00,0.00,0.00,0,0,"PB,AP ORoY-1",2014,1.3
86,Anquan Boldin,34,SFO,WR,16,16,,0,1,0.0,0,0,0.0,0,0.0,0,,,0.0,0.00,,0.0,39.6,0,0,0.00,0.00,0.00,0,0,,2014,2.2
87,Pierre Garcon,28,WAS,WR,16,14,,0,1,0.0,0,0,0.0,0,0.0,0,,,0.0,0.00,,0.0,39.6,0,0,0.00,0.00,0.00,0,0,,2014,1.9
88,Josh Gordon,23,CLE,WR,5,5,,0,1,0.0,0,0,0.0,0,0.0,0,,,0.0,0.00,,0.0,39.6,0,0,0.00,0.00,0.00,0,0,,2014,100.0
89,Marion Grice,23,ARI,RB,10,0,,0,1,0.0,0,0,0.0,0,0.0,0,,,0.0,0.00,,0.0,39.6,0,0,0.00,0.00,0.00,0,0,,2014,7.9
90,Fred Jackson,33,BUF,RB,14,9,,0,1,0.0,0,0,0.0,0,0.0,0,,,0.0,0.00,,0.0,39.6,0,0,0.00,0.00,0.00,0,0,,2014,2.3
91,Tarvaris Jackson,31,SEA,QB,1,0,,1,1,100.0,0,0,0.0,0,0.0,0,,,0.0,0.00,0.0,0.0,79.2,0,0,0.00,0.00,0.00,0,0,,2014,41.1
92,Jeremy Kerley,26,NYJ,WR,16,7,,0,1,0.0,0,0,0.0,0,0.0,0,,,0.0,0.00,,0.0,39.6,0,0,0.00,0.00,0.00,0,0,,2014,0.7
93,Andy Lee,32,SFO,P,16,0,,0,1,0.0,0,0,0.0,0,0.0,0,,,0.0,0.00,,0.0,39.6,0,0,0.00,0.00,0.00,0,0,,2014,0.0
94,Pat McAfee,27,IND,P,16,0,,0,1,0.0,0,0,0.0,0,0.0,0,,,0.0,0.00,,0.0,39.6,0,0,0.00,0.00,0.00,0,0,"PB,AP-1",2014,
95,Darren McFadden,27,OAK,RB,16,12,,0,1,0.0,0,0,0.0,0,0.0,0,,,0.0,0.00,,0.0,39.6,0,0,0.00,0.00,0.00,0,0,,2014,63.6
96,Thomas Morstead,28,NOR,P,16,0,,0,0,,0,0,,0,,0,,,,,,0.0,,1,2,100.00,-2.00,-2.00,0,0,,2014,
97,Bobby Rainey,27,TAM,RB,15,5,,0,1,0.0,0,0,0.0,0,0.0,0,,,0.0,0.00,,0.0,39.6,0,0,0.00,0.00,0.00,0,0,,2014,25.1
98,Denard Robinson,24,JAX,RB,13,9,,0,1,0.0,0,0,0.0,0,0.0,0,,,0.0,0.00,,0.0,39.6,0,0,0.00,0.00,0.00,0,0,,2014,4.2
99,Mike Wallace,28,MIA,WR,16,16,,0,1,0.0,0,0,0.0,0,0.0,0,,,0.0,0.00,,0.0,39.6,0,0,0.00,0.00,0.00,0,0,,2014,2.1
100,Eric Weddle,29,SDG,FS,16,16,,0,1,0.0,0,0,0.0,0,0.0,0,,,0.0,0.00,,0.0,39.6,0,0,0.00,0.00,0.00,0,0,"PB,AP-1",2014,
101,Brad Wing,23,PIT,P,16,0,,0,1,0.0,0,0,0.0,1,100.0,0,,,0.0,-45.00,,0.0,0.0,0,0,0.00,0.00,-45.00,0,0,,2014,
,League Average,,,,,,,,,62.6,,,4.5,,2.5,,45.6,,7.2,6.98,11.5,123.6,88.9,,,6.35,6.35,6.14,,,,2014,
1,Drew Brees,36,NOR,QB,15,15,7-8-0,428,627,68.3,4870,32,5.1,11,1.8,228,48.5,80,7.8,8.00,11.4,324.7,101.0,31,235,4.71,7.04,7.26,1,2,,2015,66.8
2,Philip Rivers,34,SDG,QB,16,16,4-12-0,437,661,66.1,4792,29,4.4,13,2.0,227,48.2,80,7.2,7.24,11.0,299.5,93.8,40,264,5.71,6.46,6.45,1,2,,2015,57.3
3,Tom Brady,38,NWE,QB,16,16,12-4-0,402,624,64.4,4770,36,5.8,7,1.1,229,47.4,76,7.6,8.29,11.9,298.1,102.2,38,225,5.74,6.87,7.48,2,2,"PB,AP MVP-2,AP OPoY-4",2015,68.4
4,Carson Palmer,36,ARI,QB,16,16,13-3-0,342,537,63.7,4671,35,6.5,11,2.0,231,52.7,68,8.7,9.08,13.7,291.9,104.6,25,151,4.45,8.04,8.41,1,4,"PB,AP-2,AP MVP-2,AP OPoY-4,AP CPoY-2",2015,76.4
5,Matt Ryan,30,ATL,QB,16,16,8-8-0,407,614,66.3,4591,21,3.4,16,2.6,228,50.8,70,7.5,6.99,11.3,286.9,89.0,30,203,4.66,6.81,6.35,4,4,,2015,64.1
6,Eli Manning,34,NYG,QB,16,16,6-10-0,387,618,62.6,4432,35,5.7,14,2.3,206,46.7,87,7.2,7.28,11.5,277.0,93.6,27,157,4.19,6.63,6.74,1,2,PB,2015,57.9
7,Blake Bortles,23,JAX,QB,16,16,5-11-0,355,606,58.6,4428,35,5.8,18,3.0,220,45.1,90,7.3,7.13,12.5,276.8,88.2,51,320,7.76,6.25,6.09,3,4,,2015,51.4
8,Matthew Stafford,27,DET,QB,16,16,7-9-0,398,592,67.2,4262,32,5.4,13,2.2,224,49.4,57,7.2,7.29,10.7,266.4,97.0,44,251,6.92,6.31,6.39,2,3,,2015,58.3
9,Ryan Tannehill,27,MIA,QB,16,16,6-10-0,363,586,61.9,4208,24,4.1,12,2.0,195,42.0,54,7.2,7.08,11.6,263.0,88.7,45,420,7.13,6.00,5.91,2,2,,2015,45.6
10,Kirk Cousins,27,WAS,QB,16,16,9-7-0,379,543,69.8,4166,29,5.3,11,2.0,205,51.1,78,7.7,7.83,11.0,260.4,101.6,26,186,4.57,6.99,7.14,2,3,,2015,67.8
11,Jameis Winston,21,TAM,QB,16,16,6-10-0,312,535,58.3,4042,22,4.1,15,2.8,201,45.6,68,7.6,7.12,13.0,252.6,84.2,27,190,4.80,6.85,6.44,2,3,"PB,AP ORoY-2",2015,57.2
12,Russell Wilson,27,SEA,QB,16,16,10-6-0,329,483,68.1,4024,34,7.0,8,1.7,190,50.8,80,8.3,8.99,12.2,251.5,110.1,45,265,8.52,7.12,7.73,2,2,"PB,AP OPoY-3",2015,68.6
13,Derek Carr,24,OAK,QB,16,16,7-9-0,350,573,61.1,3987,32,5.6,13,2.3,188,43.9,68,7.0,7.05,11.4,249.2,91.1,31,230,5.13,6.22,6.31,4,4,PB,2015,43.1
14,Ben Roethlisberger,33,PIT,QB,12,11,7-4-0,319,469,68.0,3938,21,4.5,16,3.4,175,52.6,69,8.4,7.76,12.3,328.2,94.5,20,141,4.09,7.76,7.15,1,1,PB,2015,72.8
15,Ryan Fitzpatrick,33,NYJ,QB,16,16,10-6-0,335,562,59.6,3905,31,5.5,15,2.7,197,44.4,69,6.9,6.85,11.7,244.1,88.0,19,94,3.27,6.56,6.46,2,3,,2015,62.0
16,Cam Newton,26,CAR,QB,16,16,15-1-0,296,495,59.8,3837,35,7.1,10,2.0,195,48.1,74,7.8,8.26,13.0,239.8,99.4,33,284,6.25,6.73,7.20,3,4,"PB,AP-1,AP MVP-1,AP OPoY-1",2015,61.4
17,Aaron Rodgers,32,GNB,QB,16,16,10-6-0,347,572,60.7,3821,31,5.4,8,1.4,177,43.0,65,6.7,7.13,11.0,238.8,92.7,46,314,7.44,5.67,6.10,2,2,PB,2015,60.0
18,Sam Bradford,28,PHI,QB,14,14,7-7-0,346,532,65.0,3725,19,3.6,14,2.6,170,45.2,78,7.0,6.53,10.8,266.1,86.4,28,200,5.00,6.29,5.85,0,2,,2015,39.2
19,Jay Cutler,32,CHI,QB,15,15,6-9-0,311,483,64.4,3659,21,4.3,11,2.3,173,47.1,87,7.6,7.42,11.8,243.9,92.3,29,150,5.66,6.85,6.71,4,4,,2015,61.0
20,Alex Smith,31,KAN,QB,16,16,11-5-0,307,470,65.3,3486,20,4.3,7,1.5,155,43.9,80,7.4,7.60,11.4,217.9,95.4,45,235,8.74,6.31,6.48,1,1,,2015,61.1
21,Andy Dalton,28,CIN,QB,13,13,10-3-0,255,386,66.1,3250,25,6.5,7,1.8,148,51.2,80,8.4,8.90,12.7,250.0,106.2,20,118,4.93,7.71,8.17,3,3,,2015,72.5
22,Teddy Bridgewater,23,MIN,QB,16,16,11-5-0,292,447,65.3,3231,14,3.1,9,2.0,153,40.9,52,7.2,6.95,11.1,201.9,88.7,44,307,8.96,5.96,5.70,1,1,PB,2015,57.7
23,Tyrod Taylor,26,BUF,QB,14,14,7-6-0,242,380,63.7,3035,20,5.3,6,1.6,129,42.8,63,8.0,8.33,12.5,216.8,99.4,36,212,8.65,6.79,7.10,1,2,PB,2015,66.3
24,Marcus Mariota,22,TEN,QB,12,12,3-9-0,230,370,62.2,2818,19,5.1,10,2.7,142,44.9,61,7.6,7.43,12.3,234.8,91.5,38,258,9.31,6.27,6.10,2,2,,2015,48.4
25,Joe Flacco,30,BAL,QB,10,10,3-7-0,266,413,64.4,2791,14,3.4,12,2.9,125,45.7,50,6.8,6.13,10.5,279.1,83.1,16,124,3.73,6.22,5.61,3,3,,2015,50.8
26,Brian Hoyer,30,HOU,QB,11,9,5-4-0,224,369,60.7,2606,19,5.1,7,1.9,130,46.7,49,7.1,7.24,11.6,236.9,91.4,25,185,6.35,6.14,6.31,1,1,,2015,52.8
27,Peyton Manning,39,DEN,QB,10,9,7-2-0,198,331,59.8,2249,9,2.7,17,5.1,110,40.6,75,6.8,5.03,11.4,224.9,67.9,16,95,4.61,6.21,4.52,3,3,,2015,44.2
28,Josh McCown,36,CLE,QB,8,8,1-7-0,186,292,63.7,2109,12,4.1,4,1.4,96,43.2,56,7.2,7.43,11.3,263.6,93.3,23,137,7.30,6.26,6.45,1,1,,2015,52.9
29,Nick Foles,26,STL,QB,11,11,4-7-0,190,337,56.4,2052,7,2.1,10,3.0,85,33.0,68,6.1,5.17,10.8,186.5,69.0,14,98,3.99,5.57,4.68,1,1,,2015,28.9
30,Blaine Gabbert,26,SFO,QB,8,8,3-5-0,178,282,63.1,2031,10,3.5,7,2.5,85,38.4,71,7.2,6.79,11.4,253.9,86.2,25,164,8.14,6.08,5.71,2,2,,2015,37.6
31,Brock Osweiler,25,DEN,QB,8,7,5-2-0,170,275,61.8,1967,10,3.6,6,2.2,92,46.3,72,7.2,6.90,11.6,245.9,86.4,23,151,7.72,6.09,5.86,2,2,,2015,54.9
32,Andrew Luck,26,IND,QB,7,7,2-5-0,162,293,55.3,1881,15,5.1,12,4.1,92,42.2,87,6.4,5.60,11.6,268.7,74.9,15,88,4.87,5.82,5.04,1,2,,2015,52.4
33,Matt Hasselbeck,40,IND,QB,8,8,5-3-0,156,256,60.9,1690,9,3.5,5,2.0,87,44.1,57,6.6,6.43,10.8,211.3,84.0,16,101,5.88,5.84,5.68,1,2,,2015,45.1
34,Colin Kaepernick,28,SFO,QB,9,8,2-6-0,144,244,59.0,1615,6,2.5,5,2.0,73,38.6,76,6.6,6.19,11.2,179.4,78.5,28,166,10.29,5.33,4.94,0,0,,2015,43.7
35,Johnny Manziel,23,CLE,QB,9,6,2-4-0,129,223,57.8,1500,7,3.1,5,2.2,72,41.3,61,6.7,6.35,11.6,166.7,79.4,19,141,7.85,5.62,5.26,0,0,,2015,58.6
Rk,Player,Age,Team,Pos,G,GS,QBrec,Cmp,Att,Cmp%,Yds,TD,TD%,Int,Int%,1D,Succ%,Lng,Y/A,AY/A,Y/C,Y/G,Rate,Sk,Yds,Sk%,NY/A,ANY/A,4QC,GWD,Awards,2015,QBR
36,Ryan Mallett,27,2TM,QB,8,6,2-4-0,136,244,55.7,1336,5,2.0,6,2.5,77,41.2,48,5.5,4.78,9.8,167.0,67.9,6,32,2.40,5.22,4.54,0,0,,2015,
36,Ryan Mallett,27,HOU,QB,6,4,1-3-0,78,147,53.1,770,3,2.0,4,2.7,43,39.7,48,5.2,4.42,9.9,128.3,63.6,4,13,2.65,5.01,4.22,0,0,,2015,
36,Ryan Mallett,27,BAL,QB,2,2,1-1-0,58,97,59.8,566,2,2.1,2,2.1,34,43.4,39,5.8,5.32,9.8,283.0,74.5,2,19,2.02,5.53,5.02,0,0,,2015,
37,Matt Cassel,33,DAL,QB,8,7,1-6-0,119,204,58.3,1276,5,2.5,7,3.4,54,38.5,51,6.3,5.20,10.7,159.5,70.6,14,86,6.42,5.46,4.47,1,1,,2015,
38,Brandon Weeden,32,2TM,QB,6,4,1-3-0,97,140,69.3,1043,5,3.6,2,1.4,53,46.0,67,7.5,7.52,10.8,173.8,96.8,10,77,6.67,6.44,6.51,1,1,,2015,
38,Brandon Weeden,32,DAL,QB,4,3,0-3-0,71,98,72.4,738,2,2.0,2,2.0,35,43.4,67,7.5,7.02,10.4,184.5,92.1,8,62,7.55,6.38,5.91,0,0,,2015,
38,Brandon Weeden,32,HOU,QB,2,1,1-0-0,26,42,61.9,305,3,7.1,0,0.0,18,52.3,44,7.3,8.69,11.7,152.5,107.7,2,15,4.55,6.59,7.95,1,1,,2015,
39,Zach Mettenberger,24,TEN,QB,7,4,0-4-0,101,166,60.8,935,4,2.4,7,4.2,46,40.2,57,5.6,4.22,9.3,133.6,66.7,13,98,7.26,4.68,3.36,0,0,,2015,20.3
40,Tony Romo,35,DAL,QB,4,4,3-1-0,83,121,68.6,884,5,4.1,7,5.8,47,50.4,39,7.3,5.53,10.7,221.0,79.4,6,35,4.72,6.69,4.99,1,2,,2015,50.5
41,A.J. McCarron,25,CIN,QB,7,3,2-1-0,79,119,66.4,854,6,5.0,2,1.7,46,48.1,66,7.2,7.43,10.8,122.0,97.1,12,63,9.16,6.04,6.27,0,0,,2015,54.8
42,Case Keenum,27,STL,QB,6,5,3-2-0,76,125,60.8,828,4,3.2,1,0.8,42,45.0,60,6.6,6.90,10.9,138.0,87.7,4,28,3.10,6.20,6.47,0,0,,2015,34.8
43,Kellen Moore,26,DAL,QB,3,2,0-2-0,61,104,58.7,779,4,3.8,6,5.8,40,46.8,36,7.5,5.66,12.8,259.7,71.0,5,23,4.59,6.94,5.19,0,0,,2015,23.0
44,Jimmy Clausen,28,2TM,QB,4,3,0-3-0,72,125,57.6,739,2,1.6,4,3.2,32,33.3,48,5.9,4.79,10.3,184.8,66.7,7,38,5.30,5.31,4.25,0,0,,2015,
44,Jimmy Clausen,28,CHI,QB,2,1,0-1-0,23,40,57.5,184,0,0.0,1,2.5,6,20.5,22,4.6,3.48,8.0,92.0,58.7,4,30,9.09,3.50,2.48,0,0,,2015,
44,Jimmy Clausen,28,BAL,QB,2,2,0-2-0,49,85,57.6,555,2,2.4,3,3.5,26,39.8,48,6.5,5.41,11.3,277.5,70.5,3,8,3.41,6.22,5.14,0,0,,2015,
45,Mark Sanchez,29,PHI,QB,4,2,0-2-0,59,91,64.8,616,4,4.4,4,4.4,30,45.0,43,6.8,5.67,10.4,154.0,80.7,9,54,9.00,5.62,4.62,0,0,,2015,28.1
46,EJ Manuel,25,BUF,QB,7,2,0-2-0,52,84,61.9,561,3,3.6,3,3.6,26,46.7,58,6.7,5.79,10.8,80.1,78.5,6,45,6.67,5.73,4.90,0,0,,2015,35.7
47,Austin Davis,26,CLE,QB,3,2,0-2-0,56,94,59.6,547,1,1.1,3,3.2,25,41.0,42,5.8,4.60,9.8,182.3,66.2,11,96,10.48,4.30,3.20,0,0,,2015,33.6
48,Matt Schaub,34,BAL,QB,2,2,1-1-0,52,80,65.0,540,3,3.8,4,5.0,28,47.0,48,6.8,5.25,10.4,270.0,76.0,3,27,3.61,6.18,4.73,0,0,,2015,40.8
49,Landry Jones,26,PIT,QB,7,2,1-1-0,32,55,58.2,513,3,5.5,4,7.3,19,45.6,88,9.3,7.15,16.0,73.3,77.3,2,17,3.51,8.70,6.60,0,1,,2015,50.7
50,Michael Vick,35,PIT,QB,5,3,2-1-0,40,66,60.6,371,2,3.0,1,1.5,14,22.4,72,5.6,5.55,9.3,74.2,79.8,10,53,13.16,4.18,4.12,1,1,,2015,31.8
51,T.J. Yates,28,HOU,QB,4,2,2-0-0,28,57,49.1,370,3,5.3,1,1.8,19,33.9,61,6.5,6.75,13.2,92.5,80.3,5,33,8.06,5.44,5.68,1,1,,2015,50.1
52,Luke McCown,34,NOR,QB,8,1,0-1-0,32,39,82.1,335,0,0.0,1,2.6,19,60.0,25,8.6,7.44,10.5,41.9,91.8,1,0,2.50,8.38,7.25,0,0,,2015,92.4
53,Geno Smith,25,NYJ,QB,1,0,,27,42,64.3,265,2,4.8,1,2.4,14,53.3,28,6.3,6.19,9.8,265.0,87.9,3,19,6.67,5.47,5.36,0,0,,2015,56.9
54,Dan Orlovsky,32,DET,QB,2,0,,22,40,55.0,201,1,2.5,1,2.5,13,42.5,23,5.0,4.40,9.1,100.5,66.8,0,0,0.00,5.03,4.40,0,0,,2015,61.6
55,Charlie Whitehurst,33,IND,QB,4,0,,16,32,50.0,150,0,0.0,1,3.1,9,37.8,33,4.7,3.28,9.4,37.5,50.3,5,28,13.51,3.30,2.08,0,0,,2015,
56,Josh Freeman,27,IND,QB,1,1,1-0-0,15,28,53.6,149,1,3.6,1,3.6,7,37.9,57,5.3,4.43,9.9,149.0,65.9,1,7,3.45,4.90,4.03,0,0,,2015,51.8
57,Matt McGloin,26,OAK,QB,2,0,,23,32,71.9,142,2,6.3,1,3.1,10,55.9,14,4.4,4.28,6.2,71.0,88.3,2,20,5.88,3.59,3.44,0,0,,2015,40.1
58,Colt McCoy,29,WAS,QB,2,0,,7,11,63.6,128,1,9.1,0,0.0,4,41.7,71,11.6,13.45,18.3,64.0,133.9,1,13,8.33,9.58,11.25,0,0,,2015,42.5
59,Drew Stanton,31,ARI,QB,7,0,,11,25,44.0,104,0,0.0,2,8.0,6,37.0,21,4.2,0.56,9.5,14.9,22.7,2,8,7.41,3.56,0.22,0,0,,2015,10.4
60,Alex Tanney,28,TEN,QB,1,0,,10,14,71.4,99,1,7.1,0,0.0,7,41.2,29,7.1,8.50,9.9,99.0,114.9,3,34,17.65,3.82,5.00,0,0,,2015,43.3
61,Ryan Nassib,25,NYG,QB,1,0,,5,5,100.0,68,1,20.0,0,0.0,4,100.0,25,13.6,17.60,13.6,68.0,158.3,0,0,0.00,13.60,17.60,0,0,,2015,99.7
62,Kellen Clemens,32,SDG,QB,2,0,,5,6,83.3,63,1,16.7,0,0.0,4,83.3,19,10.5,13.83,12.6,31.5,150.0,0,0,0.00,10.50,13.83,0,0,,2015,100.0
63,Ryan Lindley,26,IND,QB,1,0,,6,10,60.0,58,1,10.0,0,0.0,4,60.0,18,5.8,7.80,9.7,58.0,109.6,0,0,0.00,5.80,7.80,0,0,,2015,93.4
64,Antonio Andrews,23,TEN,RB,14,10,,1,1,100.0,41,1,100.0,0,0.0,1,100.0,41,41.0,61.00,41.0,2.9,158.3,0,0,0.00,41.00,61.00,0,0,,2015,100.0
Rk,Player,Age,Team,Pos,G,GS,QBrec,Cmp,Att,Cmp%,Yds,TD,TD%,Int,Int%,1D,Succ%,Lng,Y/A,AY/A,Y/C,Y/G,Rate,Sk,Yds,Sk%,NY/A,ANY/A,4QC,GWD,Awards,2015,QBR
65,Tarvaris Jackson,32,SEA,QB,4,0,,4,6,66.7,37,0,0.0,0,0.0,3,42.9,17,6.2,6.17,9.3,9.3,83.3,1,6,14.29,4.43,4.43,0,0,,2015,74.5
66,Danny Amendola,30,NWE,WR,14,7,,1,1,100.0,36,0,0.0,0,0.0,1,100.0,36,36.0,36.00,36.0,2.6,118.7,0,0,0.00,36.00,36.00,0,0,,2015,100.0
67,Derek Anderson,32,CAR,QB,3,0,,4,6,66.7,36,0,0.0,0,0.0,2,33.3,24,6.0,6.00,9.0,12.0,82.6,0,0,0.00,6.00,6.00,0,0,,2015,5.9
68,Sean Mannion,23,STL,QB,1,0,,6,7,85.7,31,0,0.0,0,0.0,2,42.9,11,4.4,4.43,5.2,31.0,85.1,0,0,0.00,4.43,4.43,0,0,,2015,81.0
69,Cecil Shorts,28,HOU,WR,11,4,,1,1,100.0,21,1,100.0,0,0.0,0,,21,21.0,41.00,21.0,1.9,158.3,0,0,0.00,21.00,41.00,0,0,,2015,78.6
70,Johnny Hekker,25,STL,P,16,0,,1,4,25.0,20,0,0.0,0,0.0,1,25.0,20,5.0,5.00,20.0,1.3,47.9,0,0,0.00,5.00,5.00,0,0,"PB,AP-1",2015,
71,Shaun Hill,35,MIN,QB,3,0,,2,7,28.6,15,0,0.0,0,0.0,0,,9,2.1,2.14,7.5,5.0,39.6,1,11,12.50,0.50,0.50,0,1,,2015,2.6
72,Matt Moore,31,MIA,QB,1,0,,1,1,100.0,14,0,0.0,0,0.0,1,100.0,14,14.0,14.00,14.0,14.0,118.7,0,0,0.00,14.00,14.00,0,0,,2015,98.8
73,Sean Renfree,25,ATL,QB,2,0,,3,7,42.9,11,0,0.0,1,14.3,1,22.2,11,1.6,-4.86,3.7,5.5,10.7,2,17,22.22,-0.67,-5.67,0,0,,2015,1.7
74,Jarvis Landry,23,MIA,WR,16,14,,1,1,100.0,9,0,0.0,0,0.0,1,100.0,9,9.0,9.00,9.0,0.6,104.2,0,0,0.00,9.00,9.00,0,0,PB,2015,93.3
75,B.J. Daniels,27,HOU,QB,2,0,,1,2,50.0,7,0,0.0,0,0.0,0,,7,3.5,3.50,7.0,3.5,58.3,0,0,0.00,3.50,3.50,0,0,,2015,
76,Jimmy Garoppolo,24,NWE,QB,5,0,,1,4,25.0,6,0,0.0,0,0.0,0,,6,1.5,1.50,6.0,1.2,39.6,0,0,0.00,1.50,1.50,0,0,,2015,8.1
77,Chase Daniel,29,KAN,QB,2,0,,2,2,100.0,4,0,0.0,0,0.0,1,50.0,6,2.0,2.00,2.0,2.0,79.2,0,0,0.00,2.00,2.00,0,0,,2015,92.4
78,Chris Hogan,28,BUF,WR,16,4,,1,1,100.0,4,0,0.0,0,0.0,0,100.0,4,4.0,4.00,4.0,0.3,83.3,0,0,0.00,4.00,4.00,0,0,,2015,57.6
79,Scott Tolzien,28,GNB,QB,3,0,,1,1,100.0,4,0,0.0,0,0.0,0,,4,4.0,4.00,4.0,1.3,83.3,1,8,50.00,-2.00,-2.00,0,0,,2015,0.1
80,Cairo Santos,24,KAN,K,16,0,,1,1,100.0,3,0,0.0,0,0.0,0,,3,3.0,3.00,3.0,0.2,79.2,0,0,0.00,3.00,3.00,0,0,,2015,
81,Antonio Brown,27,PIT,WR,16,16,,0,0,,0,0,,0,,0,,,,,,0.0,,1,8,100.00,-8.00,-8.00,0,0,"PB,AP-1,AP OPoY-2",2015,0.0
82,Travaris Cadet,26,NOR,RB,2,1,,0,1,0.0,0,0,0.0,0,0.0,0,,,0.0,0.00,,0.0,39.6,0,0,0.00,0.00,0.00,0,0,,2015,
83,Jamison Crowder,22,WAS,WR,16,6,,0,1,0.0,0,0,0.0,0,0.0,0,,,0.0,0.00,,0.0,39.6,0,0,0.00,0.00,0.00,0,0,,2015,3.1
84,Jonathan Grimes,26,HOU,RB,14,0,,0,1,0.0,0,0,0.0,0,0.0,0,,,0.0,0.00,,0.0,39.6,0,0,0.00,0.00,0.00,0,0,,2015,40.8
85,Jeremy Maclin,27,KAN,WR,15,15,,0,0,,0,0,,0,,0,,,,,,0.0,,1,3,100.00,-3.00,-3.00,0,0,,2015,0.1
86,Marc Mariani,28,CHI,WR,16,5,,0,0,,0,0,,0,,0,,,,,,0.0,,1,3,100.00,-3.00,-3.00,0,0,,2015,0.1
87,Darren McFadden,28,DAL,RB,16,10,,0,1,0.0,0,0,0.0,0,0.0,0,,,0.0,0.00,,0.0,39.6,0,0,0.00,0.00,0.00,0,0,,2015,24.6
88,Bryan Walters,28,JAX,WR,11,1,,0,1,0.0,0,0,0.0,0,0.0,0,,,0.0,0.00,,0.0,39.6,0,0,0.00,0.00,0.00,0,0,,2015,1.3
89,Sam Koch,33,BAL,P,16,0,,1,1,100.0,-3,0,0.0,0,0.0,0,,-3,-3.0,-3.00,-3.0,-0.2,79.2,0,0,0.00,-3.00,-3.00,0,0,"PB,AP-2",2015,
,League Average,,,,,,,,,63.0,,,4.6,,2.4,,45.5,,7.3,7.10,11.5,159.1,90.2,,,6.09,6.41,6.26,,,,2015,
1,Drew Brees,37,NOR,QB,16,16,7-9-0,471,673,70.0,5208,37,5.5,15,2.2,265,53.9,98,7.7,7.84,11.1,325.5,101.7,27,184,3.86,7.18,7.27,2,4,"PB,AP OPoY-6",2016,66.8
2,Matt Ryan,31,ATL,QB,16,16,11-5-0,373,534,69.9,4944,38,7.1,7,1.3,240,52.5,76,9.3,10.09,13.3,309.0,117.1,37,235,6.48,8.25,9.03,1,2,"PB,AP-1,AP MVP-1,AP OPoY-1",2016,79.6
3,Kirk Cousins,28,WAS,QB,16,16,8-7-1,406,606,67.0,4917,25,4.1,12,2.0,227,51.2,80,8.1,8.05,12.1,307.3,97.2,23,190,3.66,7.52,7.45,4,4,PB,2016,66.5
4,Aaron Rodgers,33,GNB,QB,16,16,10-6-0,401,610,65.7,4428,40,6.6,7,1.1,226,49.6,66,7.3,8.05,11.0,276.8,104.2,35,246,5.43,6.48,7.24,0,2,"PB,AP MVP-5,AP OPoY-2",2016,72.4
5,Philip Rivers,35,SDG,QB,16,16,5-11-0,349,578,60.4,4386,33,5.7,21,3.6,215,46.6,59,7.6,7.10,12.6,274.1,87.9,36,188,5.86,6.84,6.37,1,1,PB,2016,58.7
6,Matthew Stafford,28,DET,QB,16,16,9-7-0,388,594,65.3,4327,24,4.0,10,1.7,218,48.0,73,7.3,7.34,11.2,270.4,93.3,37,216,5.86,6.52,6.56,8,8,,2016,65.2
7,Joe Flacco,31,BAL,QB,16,16,8-8-0,436,672,64.9,4317,20,3.0,15,2.2,204,43.0,95,6.4,6.01,9.9,269.8,83.5,33,243,4.68,5.78,5.39,2,2,,2016,52.5
8,Andrew Luck,27,IND,QB,15,15,8-7-0,346,545,63.5,4240,31,5.7,13,2.4,206,48.5,64,7.8,7.84,12.3,282.7,96.4,41,268,7.00,6.78,6.84,4,4,,2016,65.9
9,Carson Palmer,37,ARI,QB,15,15,6-8-1,364,597,61.0,4233,26,4.4,14,2.3,220,46.9,80,7.1,6.91,11.6,282.2,87.2,40,281,6.28,6.20,6.03,1,3,,2016,52.9
10,Russell Wilson,28,SEA,QB,16,16,10-5-1,353,546,64.7,4219,21,3.8,11,2.0,193,47.2,59,7.7,7.59,12.0,263.7,92.6,41,293,6.98,6.69,6.56,4,3,,2016,57.1
11,Andy Dalton,29,CIN,QB,16,16,6-9-1,364,563,64.7,4206,18,3.2,8,1.4,206,47.8,86,7.5,7.47,11.6,262.9,91.8,41,264,6.79,6.53,6.53,2,1,PB,2016,52.3
12,Jameis Winston,22,TAM,QB,16,16,9-7-0,345,567,60.8,4090,28,4.9,18,3.2,216,47.8,45,7.2,6.77,11.9,255.6,86.1,35,239,5.81,6.40,5.98,1,3,,2016,59.5
13,Eli Manning,35,NYG,QB,16,16,11-5-0,377,598,63.0,4027,26,4.3,16,2.7,191,45.1,75,6.7,6.40,10.7,251.7,86.0,21,142,3.39,6.28,5.95,3,6,,2016,45.7
14,Derek Carr,25,OAK,QB,15,15,12-3-0,357,560,63.8,3937,28,5.0,6,1.1,191,45.1,75,7.0,7.55,11.0,262.5,96.7,16,79,2.78,6.70,7.20,7,7,"PB,AP MVP-3,AP OPoY-6",2016,56.1
15,Blake Bortles,24,JAX,QB,16,16,3-13-0,368,625,58.9,3905,23,3.7,16,2.6,207,42.9,51,6.2,5.83,10.6,244.1,78.8,34,197,5.16,5.63,5.23,1,1,,2016,43.0
16,Sam Bradford,29,MIN,QB,15,15,7-8-0,395,552,71.6,3877,20,3.6,5,0.9,199,49.1,71,7.0,7.34,9.8,258.5,99.3,37,276,6.28,6.11,6.41,1,1,,2016,53.1
17,Ben Roethlisberger,34,PIT,QB,14,14,10-4-0,328,509,64.4,3819,29,5.7,13,2.6,184,48.7,72,7.5,7.49,11.6,272.8,95.4,17,141,3.23,6.99,6.98,2,2,PB,2016,60.5
18,Carson Wentz,24,PHI,QB,16,16,7-9-0,379,607,62.4,3782,16,2.6,14,2.3,192,44.2,73,6.2,5.72,10.0,236.4,79.3,33,213,5.16,5.58,5.09,1,1,,2016,46.7
19,Dak Prescott,23,DAL,QB,16,16,13-3-0,311,459,67.8,3667,23,5.0,4,0.9,185,52.3,83,8.0,8.60,11.8,229.2,104.9,25,143,5.17,7.28,7.86,5,5,"PB,AP MVP-6,AP ORoY-1",2016,77.6
20,Tom Brady,39,NWE,QB,12,12,11-1-0,291,432,67.4,3554,28,6.5,2,0.5,165,50.6,79,8.2,9.31,12.2,296.2,112.2,15,87,3.36,7.76,8.81,1,1,"PB,AP-2,AP MVP-2,AP OPoY-4",2016,79.4
21,Cam Newton,27,CAR,QB,15,14,6-8-0,270,510,52.9,3509,19,3.7,14,2.7,173,40.7,88,6.9,6.39,13.0,233.9,75.8,36,277,6.59,5.92,5.46,0,0,,2016,47.1
22,Alex Smith,32,KAN,QB,15,15,11-4-0,328,489,67.1,3502,15,3.1,8,1.6,182,48.0,80,7.2,7.04,10.7,233.5,91.2,28,140,5.42,6.50,6.39,3,3,PB,2016,60.8
23,Marcus Mariota,23,TEN,QB,15,15,8-7-0,276,451,61.2,3426,26,5.8,9,2.0,157,45.1,60,7.6,7.85,12.4,228.4,95.6,23,156,4.85,6.90,7.14,2,2,,2016,59.1
24,Trevor Siemian,25,DEN,QB,14,14,8-6-0,289,486,59.5,3401,18,3.7,10,2.1,155,44.5,76,7.0,6.81,11.8,242.9,84.6,31,187,6.00,6.22,6.04,3,2,,2016,49.7
25,Tyrod Taylor,27,BUF,QB,15,15,7-8-0,269,436,61.7,3023,17,3.9,6,1.4,148,43.1,84,6.9,7.09,11.2,201.5,89.7,42,192,8.79,5.92,6.07,1,1,,2016,62.4
26,Ryan Tannehill,28,MIA,QB,13,13,8-5-0,261,389,67.1,2995,19,4.9,12,3.1,134,45.9,74,7.7,7.29,11.5,230.4,93.5,29,216,6.94,6.65,6.27,3,3,,2016,48.6
27,Brock Osweiler,26,HOU,QB,15,14,8-6-0,301,510,59.0,2957,15,2.9,16,3.1,154,42.5,53,5.8,4.97,9.8,197.1,72.2,27,206,5.03,5.12,4.34,2,2,,2016,49.3
28,Ryan Fitzpatrick,34,NYJ,QB,14,11,3-8-0,228,403,56.6,2710,12,3.0,17,4.2,130,41.9,57,6.7,5.42,11.9,193.6,69.6,19,81,4.50,6.23,4.99,0,0,,2016,39.2
29,Colin Kaepernick,29,SFO,QB,12,11,1-10-0,196,331,59.2,2241,16,4.8,4,1.2,101,41.4,65,6.8,7.19,11.4,186.8,90.7,36,207,9.81,5.54,5.92,1,1,,2016,49.2
30,Case Keenum,28,LAR,QB,10,9,4-5-0,196,322,60.9,2201,9,2.8,11,3.4,103,40.6,65,6.8,5.86,11.2,220.1,76.4,23,140,6.67,5.97,5.06,1,2,,2016,37.5
31,Matt Barkley,26,CHI,QB,7,6,1-5-0,129,216,59.7,1611,8,3.7,14,6.5,90,52.7,37,7.5,5.28,12.5,230.1,68.3,6,43,2.70,7.06,4.95,0,0,,2016,33.6
32,Brian Hoyer,31,CHI,QB,6,5,1-4-0,134,200,67.0,1445,6,3.0,0,0.0,75,50.5,64,7.2,7.83,10.8,240.8,98.0,4,18,1.96,7.00,7.58,0,0,,2016,55.1
33,Cody Kessler,23,CLE,QB,9,8,0-8-0,128,195,65.6,1380,6,3.1,2,1.0,69,45.4,44,7.1,7.23,10.8,153.3,92.3,21,140,9.72,5.74,5.88,0,0,,2016,43.4
34,Josh McCown,37,CLE,QB,5,3,0-3-0,90,165,54.5,1100,6,3.6,6,3.6,56,41.0,54,6.7,5.76,12.2,220.0,72.3,18,126,9.84,5.32,4.50,0,0,,2016,30.8
35,Jared Goff,22,LAR,QB,7,7,0-7-0,112,205,54.6,1089,5,2.4,7,3.4,48,29.4,66,5.3,4.26,9.7,155.6,63.6,26,222,11.26,3.75,2.82,0,0,,2016,18.3
Rk,Player,Age,Team,Pos,G,GS,QBrec,Cmp,Att,Cmp%,Yds,TD,TD%,Int,Int%,1D,Succ%,Lng,Y/A,AY/A,Y/C,Y/G,Rate,Sk,Yds,Sk%,NY/A,ANY/A,4QC,GWD,Awards,2016,QBR
36,Jay Cutler,33,CHI,QB,5,5,1-4-0,81,137,59.1,1059,4,2.9,5,3.6,45,40.9,54,7.7,6.67,13.1,211.8,78.1,17,104,11.04,6.20,5.26,0,0,,2016,28.1
37,Blaine Gabbert,27,SFO,QB,6,5,1-4-0,91,160,56.9,925,5,3.1,6,3.8,50,40.4,75,5.8,4.72,10.2,154.2,68.4,11,48,6.43,5.13,4.13,0,0,,2016,54.1
38,Robert Griffin III,26,CLE,QB,5,5,1-4-0,87,147,59.2,886,2,1.4,3,2.0,43,37.3,58,6.0,5.38,10.2,177.2,72.5,22,138,13.02,4.43,3.86,0,0,,2016,39.1
39,Bryce Petty,25,NYJ,QB,6,4,1-3-0,75,133,56.4,809,3,2.3,7,5.3,35,37.0,52,6.1,4.17,10.8,134.8,60.0,13,79,8.90,5.00,3.25,1,1,,2016,15.9
40,Matt Moore,32,MIA,QB,4,3,2-1-0,55,87,63.2,721,8,9.2,3,3.4,35,47.7,66,8.3,8.57,13.1,180.3,105.6,1,0,1.14,8.19,8.48,1,2,,2016,79.1
41,Landry Jones,27,PIT,QB,8,2,1-1-0,53,86,61.6,558,4,4.7,2,2.3,27,38.9,51,6.5,6.37,10.5,69.8,86.3,4,34,4.44,5.82,5.71,1,1,,2016,40.8
42,Jimmy Garoppolo,25,NWE,QB,6,2,2-0-0,43,63,68.3,502,4,6.3,0,0.0,22,53.0,37,8.0,9.24,11.7,83.7,113.3,3,15,4.55,7.38,8.59,1,1,,2016,87.5
43,Paxton Lynch,22,DEN,QB,3,2,1-1-0,49,83,59.0,497,2,2.4,1,1.2,25,41.3,31,6.0,5.93,10.1,165.7,79.2,9,42,9.78,4.95,4.89,0,0,,2016,24.1
44,Tom Savage,26,HOU,QB,3,2,1-1-0,46,73,63.0,461,0,0.0,0,0.0,20,44.9,32,6.3,6.32,10.0,153.7,80.9,5,36,6.41,5.45,5.45,2,2,,2016,57.2
45,Derek Anderson,33,CAR,QB,5,2,0-2-0,36,53,67.9,453,2,3.8,5,9.4,22,60.4,48,8.5,5.06,12.6,90.6,67.6,0,0,0.00,8.55,5.06,0,0,,2016,14.4
46,Nick Foles,27,KAN,QB,3,1,1-0-0,36,55,65.5,410,3,5.5,0,0.0,15,33.9,49,7.5,8.55,11.4,136.7,105.9,4,34,6.78,6.37,7.39,0,0,,2016,29.9
47,Jacoby Brissett,24,NWE,QB,3,2,1-1-0,34,55,61.8,400,0,0.0,0,0.0,18,42.6,58,7.3,7.27,11.8,133.3,83.9,6,46,9.84,5.80,5.80,0,0,,2016,40.2
48,Matt Cassel,34,TEN,QB,4,1,1-0-0,30,51,58.8,284,2,3.9,2,3.9,16,39.3,50,5.6,4.59,9.5,71.0,71.0,5,23,8.93,4.66,3.77,0,0,,2016,66.6
49,Shaun Hill,36,MIN,QB,3,1,1-0-0,19,35,54.3,242,0,0.0,0,0.0,12,41.7,33,6.9,6.91,12.7,80.7,76.1,1,7,2.78,6.53,6.53,0,0,,2016,57.8
50,Scott Tolzien,29,IND,QB,3,1,0-1-0,23,37,62.2,216,1,2.7,2,5.4,13,45.0,32,5.8,3.95,9.4,72.0,64.7,3,21,7.50,4.88,3.13,0,0,,2016,26.8
51,Drew Stanton,32,ARI,QB,5,1,1-0-0,19,48,39.6,192,2,4.2,3,6.3,11,32.7,29,4.0,2.02,10.1,38.4,39.6,1,8,2.04,3.76,1.82,0,0,,2016,22.0
52,Charlie Whitehurst,34,CLE,QB,1,0,,14,24,58.3,182,1,4.2,1,4.2,8,46.2,31,7.6,6.54,13.0,182.0,78.8,2,14,7.69,6.46,5.50,0,0,,2016,32.5
53,Connor Cook,23,OAK,QB,1,0,,14,21,66.7,150,1,4.8,1,4.8,6,47.8,32,7.1,5.95,10.7,150.0,83.4,2,7,8.70,6.22,5.13,0,0,,2016,14.7
54,Trevone Boykin,23,SEA,QB,5,0,,13,18,72.2,145,1,5.6,1,5.6,8,68.4,31,8.1,6.67,11.2,29.0,91.2,1,5,5.26,7.37,6.05,0,0,,2016,65.7
55,EJ Manuel,26,BUF,QB,6,1,0-1-0,11,26,42.3,131,0,0.0,0,0.0,6,37.9,35,5.0,5.04,11.9,21.8,58.3,3,20,10.34,3.83,3.83,0,0,,2016,24.3
56,Geno Smith,26,NYJ,QB,2,1,1-0-0,8,14,57.1,126,1,7.1,1,7.1,3,41.2,69,9.0,7.21,15.8,63.0,81.2,3,19,17.65,6.29,4.82,0,0,,2016,26.2
57,Kevin Hogan,24,CLE,QB,4,0,,14,26,53.8,104,0,0.0,2,7.7,6,32.1,17,4.0,0.54,7.4,26.0,31.6,2,10,7.14,3.36,0.14,0,0,,2016,64.7
58,Cardale Jones,24,BUF,QB,1,0,,6,11,54.5,96,0,0.0,1,9.1,2,50.0,64,8.7,4.64,16.0,96.0,46.0,1,2,8.33,7.83,4.08,0,0,,2016,15.0
59,Mark Sanchez,30,DAL,QB,2,0,,10,18,55.6,93,0,0.0,2,11.1,5,28.6,33,5.2,0.17,9.3,46.5,30.3,3,25,14.29,3.24,-1.05,0,0,,2016,4.2
60,Mike Glennon,27,TAM,QB,2,0,,10,11,90.9,75,1,9.1,0,0.0,6,81.8,13,6.8,8.64,7.5,37.5,125.4,0,0,0.00,6.82,8.64,0,0,,2016,96.3
61,Matt McGloin,27,OAK,QB,3,1,0-1-0,8,15,53.3,50,0,0.0,0,0.0,3,26.7,19,3.3,3.33,6.3,16.7,60.4,0,0,0.00,3.33,3.33,0,0,,2016,11.6
62,Willie Snead,24,NOR,WR,15,4,,1,1,100.0,50,1,100.0,0,0.0,1,100.0,50,50.0,70.00,50.0,3.3,158.3,0,0,0.00,50.00,70.00,0,0,,2016,100.0
63,Tanner McEvoy,23,SEA,TE,14,0,,1,1,100.0,43,0,0.0,0,0.0,1,100.0,43,43.0,43.00,43.0,3.1,118.7,0,0,0.00,43.00,43.00,0,0,,2016,100.0
64,Terrelle Pryor,27,CLE,WR,16,15,,5,9,55.6,41,0,0.0,0,0.0,1,20.0,26,4.6,4.56,8.2,2.6,67.4,1,1,10.00,4.00,4.00,0,0,,2016,18.7
65,Pat McAfee,29,IND,P,16,0,,1,1,100.0,35,0,0.0,0,0.0,1,100.0,35,35.0,35.00,35.0,2.2,118.7,0,0,0.00,35.00,35.00,0,0,PB,2016,37.8
66,Tress Way,26,WAS,P,16,0,,1,1,100.0,31,0,0.0,0,0.0,1,100.0,31,31.0,31.00,31.0,1.9,118.7,0,0,0.00,31.00,31.00,0,0,,2016,
67,Tony Romo,36,DAL,QB,1,0,,3,4,75.0,29,1,25.0,0,0.0,3,75.0,15,7.3,12.25,9.7,29.0,134.4,0,0,0.00,7.25,12.25,0,0,,2016,99.0
68,Ryan Mallett,28,BAL,QB,4,0,,3,6,50.0,26,0,0.0,1,16.7,1,33.3,12,4.3,-3.17,8.7,6.5,22.2,0,0,0.00,4.33,-3.17,0,0,,2016,3.7
69,David Fales,26,CHI,QB,1,0,,2,5,40.0,22,0,0.0,0,0.0,2,33.3,12,4.4,4.40,11.0,22.0,53.7,1,5,16.67,2.83,2.83,0,0,,2016,1.4
70,Marqise Lee,25,JAX,WR,16,6,,1,1,100.0,20,1,100.0,0,0.0,1,100.0,20,20.0,40.00,20.0,1.3,158.3,0,0,0.00,20.00,40.00,0,0,,2016,100.0
Rk,Player,Age,Team,Pos,G,GS,QBrec,Cmp,Att,Cmp%,Yds,TD,TD%,Int,Int%,1D,Succ%,Lng,Y/A,AY/A,Y/C,Y/G,Rate,Sk,Yds,Sk%,NY/A,ANY/A,4QC,GWD,Awards,2016,QBR
71,Sean Mannion,24,LAR,QB,1,0,,3,6,50.0,19,0,0.0,1,16.7,1,33.3,9,3.2,-4.33,6.3,19.0,17.4,0,0,0.00,3.17,-4.33,0,0,,2016,0.3
72,Brett Hundley,23,GNB,QB,4,0,,2,10,20.0,17,0,0.0,1,10.0,0,20.0,9,1.7,-2.80,8.5,4.3,0.0,0,0,0.00,1.70,-2.80,0,0,,2016,5.0
73,Chase Daniel,30,PHI,QB,1,0,,1,1,100.0,16,0,0.0,0,0.0,1,100.0,16,16.0,16.00,16.0,16.0,118.7,0,0,0.00,16.00,16.00,0,0,,2016,99.5
74,Riley Dixon,23,DEN,P,16,0,,1,1,100.0,16,0,0.0,0,0.0,1,100.0,16,16.0,16.00,16.0,1.0,118.7,0,0,0.00,16.00,16.00,0,0,,2016,
75,Matt Schaub,35,ATL,QB,4,0,,1,3,33.3,16,0,0.0,0,0.0,1,33.3,16,5.3,5.33,16.0,4.0,52.1,0,0,0.00,5.33,5.33,0,0,,2016,15.1
76,Doug Baldwin,28,SEA,WR,16,15,,1,1,100.0,15,1,100.0,0,0.0,1,100.0,15,15.0,35.00,15.0,0.9,158.3,0,0,0.00,15.00,35.00,0,0,PB,2016,100.0
77,Dez Bryant,28,DAL,WR,13,13,,1,1,100.0,10,1,100.0,0,0.0,1,100.0,10,10.0,30.00,10.0,0.8,147.9,0,0,0.00,10.00,30.00,0,0,PB,2016,100.0
78,DeMarco Murray,28,TEN,RB,16,16,,1,2,50.0,10,1,50.0,0,0.0,1,50.0,10,5.0,15.00,10.0,0.6,104.2,0,0,0.00,5.00,15.00,0,0,PB,2016,92.6
79,Johnny Hekker,26,LAR,P,16,0,,1,2,50.0,4,0,0.0,0,0.0,1,50.0,4,2.0,2.00,4.0,0.3,56.2,0,0,0.00,2.00,2.00,0,0,"PB,AP-1",2016,
80,Cameron Meredith,24,CHI,WR,14,10,,1,1,100.0,2,1,100.0,0,0.0,1,100.0,2,2.0,22.00,2.0,0.1,118.7,0,0,0.00,2.00,22.00,0,0,,2016,100.0
81,Dontari Poe,26,KAN,NT,16,16,,1,1,100.0,2,1,100.0,0,0.0,1,100.0,2,2.0,22.00,2.0,0.1,118.7,0,0,0.00,2.00,22.00,0,0,,2016,100.0
82,Cole Beasley,27,DAL,WR,16,6,,0,1,0.0,0,0,0.0,0,0.0,0,,,0.0,0.00,,0.0,39.6,0,0,0.00,0.00,0.00,0,0,,2016,0.4
83,Odell Beckham Jr.,24,NYG,WR,16,16,,0,0,,0,0,,0,,0,,,,,,0.0,,1,6,100.00,-6.00,-6.00,0,0,"PB,AP-2",2016,0.1
84,Le'Veon Bell,24,PIT,RB,12,12,,0,1,0.0,0,0,0.0,0,0.0,0,,,0.0,0.00,,0.0,39.6,0,0,0.00,0.00,0.00,0,0,"PB,AP-2,AP OPoY-6,AP CPoY-4",2016,0.7
85,Travis Benjamin,27,SDG,WR,14,8,,0,1,0.0,0,0,0.0,0,0.0,0,,,0.0,0.00,,0.0,39.6,0,0,0.00,0.00,0.00,0,0,,2016,1.9
86,Kellen Clemens,33,SDG,QB,12,0,,0,1,0.0,0,0,0.0,0,0.0,0,,,0.0,0.00,,0.0,39.6,0,0,0.00,0.00,0.00,0,0,,2016,0.1
87,Pharoh Cooper,21,LAR,WR,10,3,,0,1,0.0,0,0,0.0,1,100.0,0,,,0.0,-45.00,,0.0,0.0,0,0,0.00,0.00,-45.00,0,0,,2016,0.0
88,Larry Fitzgerald,33,ARI,WR,16,16,,0,1,0.0,0,0,0.0,0,0.0,0,,,0.0,0.00,,0.0,39.6,0,0,0.00,0.00,0.00,0,0,PB,2016,10.1
89,Josh Huff,25,PHI,WR,7,2,,0,1,0.0,0,0,0.0,0,0.0,0,,,0.0,0.00,,0.0,39.6,0,0,0.00,0.00,0.00,0,0,,2016,
90,Duke Johnson,23,CLE,RB,16,1,,0,1,0.0,0,0,0.0,0,0.0,0,,,0.0,0.00,,0.0,39.6,0,0,0.00,0.00,0.00,0,0,,2016,0.2
91,Jarvis Landry,24,MIA,WR,16,16,,0,1,0.0,0,0,0.0,0,0.0,0,,,0.0,0.00,,0.0,39.6,0,0,0.00,0.00,0.00,0,0,PB,2016,1.4
92,Jeremy Maclin,28,KAN,WR,12,12,,0,1,0.0,0,0,0.0,0,0.0,0,,,0.0,0.00,,0.0,39.6,0,0,0.00,0.00,0.00,0,0,,2016,6.3
93,Jerick McKinnon,24,MIN,RB,15,7,,0,1,0.0,0,0,0.0,0,0.0,0,,,0.0,0.00,,0.0,39.6,0,0,0.00,0.00,0.00,0,0,,2016,38.7
94,Antonio Morrison,22,IND,LB,16,4,,0,1,0.0,0,0,0.0,0,0.0,0,,,0.0,0.00,,0.0,39.6,0,0,0.00,0.00,0.00,0,0,,2016,
95,Jon Ryan,35,SEA,P,16,0,,0,1,0.0,0,0,0.0,0,0.0,0,,,0.0,0.00,,0.0,39.6,0,0,0.00,0.00,0.00,0,0,,2016,4.4
96,Justin Tucker,27,BAL,K,16,0,,0,1,0.0,0,0,0.0,0,0.0,0,,,0.0,0.00,,0.0,39.6,0,0,0.00,0.00,0.00,0,0,"PB,AP-1",2016,
97,Jonathan Williams,22,BUF,RB,11,0,,0,1,0.0,0,0,0.0,0,0.0,0,,,0.0,0.00,,0.0,39.6,0,0,0.00,0.00,0.00,0,0,,2016,
,League Average,,,,,,,,,63.0,,,4.3,,2.3,,46.1,,7.2,6.99,11.4,128.6,89.3,,,5.76,6.37,6.22,,,,2016,
1,Tom Brady,40,NWE,QB,16,16,13-3-0,385,581,66.3,4577,32,5.5,8,1.4,230,49.7,64,7.9,8.36,11.9,286.1,102.8,35,201,5.68,7.10,7.56,2,2,"PB,AP-1,AP MVP-1,AP OPoY-3",2017,71.1
2,Philip Rivers,36,LAC,QB,16,16,9-7-0,360,575,62.6,4515,28,4.9,10,1.7,217,46.4,75,7.9,8.04,12.5,282.2,96.0,18,120,3.04,7.41,7.60,2,2,PB,2017,61.3
3,Matthew Stafford,29,DET,QB,16,16,9-7-0,371,565,65.7,4446,29,5.1,10,1.8,210,45.6,71,7.9,8.10,12.0,277.9,99.3,47,287,7.68,6.80,7.01,1,4,,2017,65.3
4,Drew Brees,38,NOR,QB,16,16,11-5-0,386,536,72.0,4334,23,4.3,8,1.5,203,51.6,54,8.1,8.27,11.2,270.9,103.9,20,145,3.60,7.53,7.71,2,2,PB,2017,63.1
5,Ben Roethlisberger,35,PIT,QB,15,15,12-3-0,360,561,64.2,4251,28,5.0,14,2.5,204,47.9,97,7.6,7.45,11.8,283.4,93.4,21,139,3.61,7.07,6.95,3,4,PB,2017,67.2
6,Matt Ryan,32,ATL,QB,16,16,10-6-0,342,529,64.7,4095,20,3.8,12,2.3,199,49.9,88,7.7,7.48,12.0,255.9,91.4,24,156,4.34,7.12,6.87,2,3,,2017,66.7
7,Kirk Cousins,29,WAS,QB,16,16,7-9-0,347,540,64.3,4093,27,5.0,13,2.4,194,45.6,74,7.6,7.50,11.8,255.8,93.9,41,342,7.06,6.46,6.38,1,4,,2017,56.2
8,Alex Smith,33,KAN,QB,15,15,9-6-0,341,505,67.5,4042,26,5.1,5,1.0,182,45.6,79,8.0,8.59,11.9,269.5,104.7,35,207,6.48,7.10,7.65,1,3,PB,2017,65.6
9,Russell Wilson,29,SEA,QB,16,16,9-7-0,339,553,61.3,3983,34,6.1,11,2.0,189,43.8,74,7.2,7.54,11.7,248.9,95.4,43,322,7.21,6.14,6.45,2,2,PB,2017,62.4
10,Jared Goff,23,LAR,QB,15,15,11-4-0,296,477,62.1,3804,28,5.9,7,1.5,177,46.6,94,8.0,8.49,12.9,253.6,100.5,25,172,4.98,7.24,7.72,1,1,PB,2017,56.3
11,Blake Bortles,25,JAX,QB,16,16,10-6-0,315,523,60.2,3687,21,4.0,13,2.5,195,45.2,75,7.0,6.73,11.7,230.4,84.7,24,123,4.39,6.52,6.21,1,1,,2017,59.3
12,Case Keenum,29,MIN,QB,15,14,11-3-0,325,481,67.6,3547,22,4.6,7,1.5,180,50.5,65,7.4,7.63,10.9,236.5,98.3,22,136,4.37,6.78,7.03,1,3,AP CPoY-2,2017,73.3
13,Jameis Winston,23,TAM,QB,13,13,3-10-0,282,442,63.8,3504,19,4.3,11,2.5,185,49.7,70,7.9,7.67,12.4,269.5,92.2,33,207,6.95,6.94,6.70,2,2,,2017,52.1
14,Derek Carr,26,OAK,QB,15,15,6-9-0,323,515,62.7,3496,22,4.3,13,2.5,168,46.2,87,6.8,6.51,10.8,233.1,86.4,20,101,3.74,6.35,6.07,1,1,PB,2017,50.4
15,Eli Manning,36,NYG,QB,15,15,3-12-0,352,571,61.6,3468,19,3.3,13,2.3,172,44.7,77,6.1,5.71,9.9,231.2,80.4,31,189,5.15,5.45,5.11,0,1,,2017,47.6
16,Dak Prescott,24,DAL,QB,16,16,9-7-0,308,490,62.9,3324,22,4.5,13,2.7,162,43.3,81,6.8,6.49,10.8,207.8,86.6,32,185,6.13,6.01,5.74,0,4,,2017,70.0
17,Andy Dalton,30,CIN,QB,16,16,7-9-0,297,496,59.9,3320,25,5.0,12,2.4,163,40.9,77,6.7,6.61,11.2,207.5,86.6,39,255,7.29,5.73,5.65,3,3,,2017,44.6
18,Cam Newton,28,CAR,QB,16,16,11-5-0,291,492,59.1,3302,22,4.5,16,3.3,167,43.8,64,6.7,6.14,11.3,206.4,80.7,35,242,6.64,5.81,5.28,1,3,,2017,52.7
19,Carson Wentz,25,PHI,QB,13,13,11-2-0,265,440,60.2,3296,33,7.5,7,1.6,161,45.3,72,7.5,8.28,12.4,253.5,101.9,28,162,5.98,6.70,7.43,1,1,"PB,AP-2,AP MVP-3",2017,78.6
20,Marcus Mariota,24,TEN,QB,15,15,9-6-0,281,453,62.0,3232,13,2.9,15,3.3,149,45.0,75,7.1,6.22,11.5,215.5,79.3,27,173,5.63,6.37,5.51,3,4,,2017,59.0
21,Joe Flacco,32,BAL,QB,16,16,9-7-0,352,549,64.1,3141,18,3.3,13,2.4,163,40.6,66,5.7,5.31,8.9,196.3,80.4,27,205,4.69,5.10,4.71,0,0,,2017,47.1
22,Jacoby Brissett,25,IND,QB,16,15,4-11-0,276,469,58.8,3098,13,2.8,7,1.5,146,40.1,80,6.6,6.49,11.2,193.6,81.7,52,305,9.98,5.36,5.26,0,1,,2017,44.0
23,Josh McCown,38,NYJ,QB,13,13,5-8-0,267,397,67.3,2926,18,4.5,9,2.3,137,44.5,69,7.4,7.26,11.0,225.1,94.5,39,264,8.94,6.11,6.00,1,2,,2017,56.6
24,DeShone Kizer,21,CLE,QB,15,15,0-15-0,255,476,53.6,2894,11,2.3,22,4.6,131,34.2,56,6.1,4.46,11.3,192.9,60.5,38,226,7.39,5.19,3.69,0,0,,2017,32.4
25,Tyrod Taylor,28,BUF,QB,15,14,8-6-0,263,420,62.6,2799,14,3.3,4,1.0,133,42.5,47,6.7,6.90,10.6,186.6,89.2,46,256,9.87,5.46,5.67,1,2,,2017,56.2
26,Jay Cutler,34,MIA,QB,14,14,6-8-0,266,429,62.0,2666,19,4.4,14,3.3,138,44.3,65,6.2,5.63,10.0,190.4,80.8,20,154,4.45,5.59,5.04,2,3,,2017,43.5
27,Trevor Siemian,26,DEN,QB,11,10,5-5-0,206,349,59.0,2285,12,3.4,14,4.0,112,39.8,44,6.5,5.43,11.1,207.7,73.3,33,220,8.64,5.41,4.38,0,0,,2017,31.4
28,Mitchell Trubisky,23,CHI,QB,12,12,4-8-0,196,330,59.4,2193,7,2.1,7,2.1,100,35.5,70,6.6,6.12,11.2,182.8,77.5,31,196,8.59,5.53,5.05,0,1,,2017,33.3
29,Carson Palmer,38,ARI,QB,7,7,3-4-0,164,267,61.4,1978,9,3.4,7,2.6,95,43.9,46,7.4,6.90,12.1,282.6,84.4,22,150,7.61,6.33,5.86,2,2,,2017,50.1
30,Brett Hundley,24,GNB,QB,11,9,3-6-0,192,316,60.8,1836,9,2.8,12,3.8,90,40.0,55,5.8,4.67,9.6,166.9,70.6,29,197,8.41,4.75,3.71,2,2,,2017,45.6
31,Deshaun Watson,22,HOU,QB,7,6,3-3-0,126,204,61.8,1699,19,9.3,8,3.9,85,46.6,72,8.3,8.43,13.5,242.7,103.0,19,116,8.52,7.10,7.19,0,0,AP ORoY-3,2017,83.7
32,Aaron Rodgers,34,GNB,QB,7,7,4-3-0,154,238,64.7,1675,16,6.7,6,2.5,86,47.7,72,7.0,7.25,10.9,239.3,97.2,22,168,8.46,5.80,5.99,2,2,,2017,66.6
33,Jimmy Garoppolo,26,SFO,QB,6,5,5-0-0,120,178,67.4,1560,7,3.9,5,2.8,81,54.3,61,8.8,8.29,13.0,260.0,96.2,8,57,4.30,8.08,7.62,2,2,,2017,83.0
34,C.J. Beathard,24,SFO,QB,7,5,1-4-0,123,224,54.9,1430,4,1.8,6,2.7,67,37.4,83,6.4,5.54,11.6,204.3,69.2,19,141,7.82,5.30,4.52,0,0,,2017,36.2
35,Tom Savage,27,HOU,QB,8,7,1-6-0,125,223,56.1,1412,5,2.2,6,2.7,70,39.8,57,6.3,5.57,11.3,176.5,71.4,21,159,8.61,5.14,4.44,1,1,,2017,42.3
Rk,Player,Age,Team,Pos,G,GS,QBrec,Cmp,Att,Cmp%,Yds,TD,TD%,Int,Int%,1D,Succ%,Lng,Y/A,AY/A,Y/C,Y/G,Rate,Sk,Yds,Sk%,NY/A,ANY/A,4QC,GWD,Awards,2017,QBR
36,Brian Hoyer,32,2TM,QB,11,6,0-6-0,123,211,58.3,1287,4,1.9,4,1.9,64,37.9,59,6.1,5.63,10.5,117.0,74.5,16,112,7.05,5.18,4.74,0,0,,2017,
36,Brian Hoyer,32,SFO,QB,6,6,0-6-0,119,205,58.0,1245,4,2.0,4,2.0,62,38.0,59,6.1,5.59,10.5,207.5,74.1,16,112,7.24,5.13,4.67,0,0,,2017,
36,Brian Hoyer,32,NWE,QB,5,0,,4,6,66.7,42,0,0.0,0,0.0,2,33.3,27,7.0,7.00,10.5,8.4,86.8,0,0,0.00,7.00,7.00,0,0,,2017,
37,Ryan Fitzpatrick,35,TAM,QB,6,3,2-1-0,96,163,58.9,1103,7,4.3,3,1.8,64,45.9,41,6.8,6.80,11.5,183.8,86.0,7,34,4.12,6.29,6.32,0,1,,2017,59.1
38,Brock Osweiler,27,DEN,QB,6,4,0-4-0,96,172,55.8,1088,5,2.9,5,2.9,53,37.4,54,6.3,5.60,11.3,181.3,72.5,10,64,5.49,5.63,4.94,0,0,,2017,50.6
39,Blaine Gabbert,28,ARI,QB,5,5,2-3-0,95,171,55.6,1086,6,3.5,6,3.5,55,39.2,52,6.4,5.47,11.4,217.2,71.9,23,149,11.86,4.83,4.06,2,2,,2017,33.2
40,Drew Stanton,33,ARI,QB,5,4,3-1-0,79,159,49.7,894,6,3.8,5,3.1,49,38.0,52,5.6,4.96,11.3,178.8,66.4,7,40,4.22,5.14,4.51,1,1,,2017,39.5
41,Matt Moore,33,MIA,QB,4,2,0-2-0,78,127,61.4,861,4,3.1,5,3.9,40,41.0,61,6.8,5.64,11.0,215.3,75.6,12,95,8.63,5.51,4.47,1,1,,2017,41.5
42,Mike Glennon,28,CHI,QB,4,4,1-3-0,93,140,66.4,833,4,2.9,5,3.6,42,41.2,29,6.0,4.91,9.0,208.3,76.9,8,78,5.41,5.10,4.12,0,1,,2017,25.1
43,Bryce Petty,26,NYJ,QB,4,3,0-3-0,55,112,49.1,544,1,0.9,3,2.7,25,31.7,46,4.9,3.83,9.9,136.0,55.1,8,55,6.67,4.08,3.12,0,0,,2017,31.5
44,Nick Foles,28,PHI,QB,7,3,2-1-0,57,101,56.4,537,5,5.0,2,2.0,29,38.7,35,5.3,5.42,9.4,76.7,79.5,5,44,4.72,4.65,4.75,1,2,,2017,31.1
45,T.J. Yates,30,HOU,QB,4,3,0-3-0,47,97,48.5,523,4,4.1,3,3.1,27,33.6,40,5.4,4.82,11.1,130.8,65.8,13,75,11.82,4.07,3.57,0,0,,2017,30.9
46,Kevin Hogan,25,CLE,QB,4,1,0-1-0,46,75,61.3,517,4,5.3,5,6.7,21,40.7,49,6.9,4.96,11.2,129.3,71.9,6,35,7.41,5.95,4.16,0,0,,2017,40.5
47,Sam Bradford,30,MIN,QB,2,2,2-0-0,32,43,74.4,382,3,7.0,0,0.0,17,50.0,44,8.9,10.28,11.9,191.0,124.4,5,40,10.42,7.13,8.38,0,0,,2017,75.1
48,Paxton Lynch,23,DEN,QB,2,2,0-2-0,30,45,66.7,295,2,4.4,3,6.7,15,40.7,30,6.6,4.44,9.8,147.5,72.0,9,51,16.67,4.52,2.76,0,0,,2017,26.0
49,Patrick Mahomes,22,KAN,QB,1,1,1-0-0,22,35,62.9,284,0,0.0,1,2.9,15,51.4,51,8.1,6.83,12.9,284.0,76.4,2,15,5.41,7.27,6.05,0,1,,2017,66.8
50,David Fales,27,MIA,QB,2,0,,29,43,67.4,265,1,2.3,1,2.3,15,47.7,26,6.2,5.58,9.1,132.5,82.0,1,8,2.27,5.84,5.27,0,0,,2017,17.9
51,EJ Manuel,27,OAK,QB,2,1,0-1-0,24,43,55.8,265,1,2.3,1,2.3,13,38.3,41,6.2,5.58,11.0,132.5,72.3,4,29,8.51,5.02,4.49,0,0,,2017,57.0
52,Nathan Peterman,23,BUF,QB,4,2,1-1-0,24,49,49.0,252,2,4.1,5,10.2,15,38.0,21,5.1,1.37,10.5,63.0,38.4,1,5,2.00,4.94,1.24,0,0,,2017,13.2
53,Landry Jones,28,PIT,QB,3,1,1-0-0,23,28,82.1,239,1,3.6,1,3.6,9,45.2,46,8.5,7.64,10.4,79.7,99.3,3,15,9.68,7.23,6.42,0,0,,2017,47.5
54,Geno Smith,27,NYG,QB,2,1,0-1-0,21,36,58.3,212,1,2.8,0,0.0,8,38.5,47,5.9,6.44,10.1,106.0,84.5,3,12,7.69,5.13,5.64,0,0,,2017,39.8
55,Sean Mannion,25,LAR,QB,5,1,0-1-0,22,37,59.5,185,0,0.0,0,0.0,8,27.5,50,5.0,5.00,8.4,37.0,72.5,3,20,7.50,4.13,4.13,0,0,,2017,16.8
56,Matt Cassel,35,TEN,QB,2,1,0-1-0,25,42,59.5,162,1,2.4,2,4.8,10,34.0,17,3.9,2.19,6.5,81.0,55.9,8,30,16.00,2.64,1.24,0,0,,2017,14.8
57,Nate Sudfeld,24,PHI,QB,1,0,,19,23,82.6,134,0,0.0,0,0.0,5,46.2,16,5.8,5.83,7.1,134.0,90.9,3,24,11.54,4.23,4.23,0,0,,2017,34.2
58,Scott Tolzien,30,IND,QB,1,1,0-1-0,9,18,50.0,128,0,0.0,2,11.1,5,27.3,32,7.1,2.11,14.2,128.0,33.8,4,29,18.18,4.50,0.41,0,0,,2017,11.4
59,Cody Kessler,24,CLE,QB,3,0,,11,23,47.8,126,0,0.0,1,4.3,6,27.6,31,5.5,3.52,11.5,42.0,46.6,6,48,20.69,2.69,1.14,0,0,,2017,5.0
60,A.J. McCarron,27,CIN,QB,3,0,,7,14,50.0,66,0,0.0,0,0.0,4,20.0,27,4.7,4.71,9.4,22.0,63.4,1,9,6.67,3.80,3.80,0,0,,2017,23.9
61,Ryan Mallett,29,BAL,QB,2,0,,9,16,56.3,56,2,12.5,0,0.0,5,43.8,12,3.5,6.00,6.2,28.0,103.1,0,0,0.00,3.50,6.00,0,0,,2017,77.0
62,Mohamed Sanu,28,ATL,WR,15,15,,1,1,100.0,51,1,100.0,0,0.0,1,100.0,51,51.0,71.00,51.0,3.4,158.3,0,0,0.00,51.00,71.00,0,0,,2017,96.5
63,Robert Golden,27,PIT,DB,16,2,,1,1,100.0,44,0,0.0,0,0.0,1,100.0,44,44.0,44.00,44.0,2.8,118.7,0,0,0.00,44.00,44.00,0,0,,2017,
64,Sam Koch,35,BAL,P,16,0,,2,2,100.0,38,0,0.0,0,0.0,2,100.0,22,19.0,19.00,19.0,2.4,118.7,0,0,0.00,19.00,19.00,0,0,,2017,
65,Pat O'Donnell,26,CHI,P,16,0,,1,1,100.0,38,1,100.0,0,0.0,1,100.0,38,38.0,58.00,38.0,2.4,158.3,0,0,0.00,38.00,58.00,0,0,,2017,
66,Kellen Clemens,34,LAC,QB,8,0,,6,8,75.0,36,0,0.0,1,12.5,4,50.0,10,4.5,-1.13,6.0,4.5,43.7,0,0,0.00,4.50,-1.13,0,0,,2017,55.5
67,Joe Webb,31,BUF,WR,16,0,,2,7,28.6,35,0,0.0,1,14.3,1,14.3,34,5.0,-1.43,17.5,2.2,8.3,0,0,0.00,5.00,-1.43,0,1,,2017,59.3
68,Johnny Hekker,27,LAR,P,16,0,,2,3,66.7,34,0,0.0,0,0.0,1,33.3,8,11.3,11.33,17.0,2.1,104.9,0,0,0.00,11.33,11.33,0,0,"PB,AP-1",2017,
Rk,Player,Age,Team,Pos,G,GS,QBrec,Cmp,Att,Cmp%,Yds,TD,TD%,Int,Int%,1D,Succ%,Lng,Y/A,AY/A,Y/C,Y/G,Rate,Sk,Yds,Sk%,NY/A,ANY/A,4QC,GWD,Awards,2017,QBR
69,Lac Edwards,25,NYJ,P,16,0,,1,1,100.0,31,0,0.0,0,0.0,1,100.0,31,31.0,31.00,31.0,1.9,118.7,0,0,0.00,31.00,31.00,0,0,,2017,
70,Brad Nortman,28,JAX,P,16,0,,1,1,100.0,29,0,0.0,0,0.0,1,100.0,29,29.0,29.00,29.0,1.8,118.7,0,0,0.00,29.00,29.00,0,0,,2017,
71,Jake Rudock,24,DET,QB,3,0,,3,5,60.0,24,0,0.0,1,20.0,1,40.0,13,4.8,-4.20,8.0,8.0,32.5,0,0,0.00,4.80,-4.20,0,0,,2017,5.1
72,Tarik Cohen,22,CHI,RB,16,4,,1,2,50.0,21,1,50.0,0,0.0,1,50.0,21,10.5,20.50,21.0,1.3,127.1,0,0,0.00,10.50,20.50,0,0,,2017,99.9
73,Larry Fitzgerald,34,ARI,WR,16,16,,1,1,100.0,21,0,0.0,0,0.0,1,100.0,21,21.0,21.00,21.0,1.3,118.7,0,0,0.00,21.00,21.00,0,0,PB,2017,98.7
74,Derek Anderson,34,CAR,QB,3,0,,2,8,25.0,17,0,0.0,0,0.0,1,25.0,9,2.1,2.13,8.5,5.7,39.6,0,0,0.00,2.13,2.13,0,0,,2017,0.2
75,Joe Callahan,24,GNB,QB,1,0,,5,7,71.4,11,0,0.0,0,0.0,1,14.3,9,1.6,1.57,2.2,11.0,74.1,0,0,0.00,1.57,1.57,0,0,,2017,43.7
76,Randall Cobb,27,GNB,WR,15,14,,1,1,100.0,10,0,0.0,0,0.0,1,100.0,10,10.0,10.00,10.0,0.7,108.3,0,0,0.00,10.00,10.00,0,0,,2017,29.3
77,Taylor Heinicke,24,HOU,QB,1,0,,1,1,100.0,10,0,0.0,0,0.0,1,50.0,10,10.0,10.00,10.0,10.0,108.3,1,16,50.00,-3.00,-3.00,0,0,,2017,1.3
78,Cooper Rush,24,DAL,QB,2,0,,1,3,33.3,2,0,0.0,0,0.0,0,,2,0.7,0.67,2.0,1.0,42.4,0,0,0.00,0.67,0.67,0,0,,2017,1.0
79,Tyler Bray,26,KAN,QB,1,0,,0,1,0.0,0,0,0.0,0,0.0,0,,,0.0,0.00,,0.0,39.6,0,0,0.00,0.00,0.00,0,0,,2017,0.0
80,Teddy Bridgewater,25,MIN,QB,1,0,,0,2,0.0,0,0,0.0,1,50.0,0,,,0.0,-22.50,,0.0,0.0,0,0,0.00,0.00,-22.50,0,0,,2017,0.0
81,Eric Decker,30,TEN,WR,16,8,,0,1,0.0,0,0,0.0,0,0.0,0,,,0.0,0.00,,0.0,39.6,0,0,0.00,0.00,0.00,0,0,,2017,0.7
82,MarQueis Gray,28,MIA,TE,16,0,,0,1,0.0,0,0,0.0,0,0.0,0,,,0.0,0.00,,0.0,39.6,0,0,0.00,0.00,0.00,0,0,,2017,4.2
83,Matt Haack,23,MIA,P,16,0,,0,1,0.0,0,0,0.0,1,100.0,0,,,0.0,-45.00,,0.0,0.0,0,0,0.00,0.00,-45.00,0,0,,2017,
84,Chad Henne,32,JAX,QB,2,0,,0,2,0.0,0,0,0.0,0,0.0,0,,,0.0,0.00,,0.0,39.6,0,0,0.00,0.00,0.00,0,0,,2017,3.6
85,Tyreek Hill,23,KAN,WR,15,13,,0,1,0.0,0,0,0.0,1,100.0,0,,,0.0,-45.00,,0.0,0.0,0,0,0.00,0.00,-45.00,0,0,PB,2017,0.0
86,Travis Kelce,28,KAN,TE,15,15,,0,1,0.0,0,0,0.0,1,100.0,0,,,0.0,-45.00,,0.0,0.0,0,0,0.00,0.00,-45.00,0,0,"PB,AP-2",2017,1.7
87,Cooper Kupp,24,LAR,WR,15,6,,0,1,0.0,0,0,0.0,0,0.0,0,,,0.0,0.00,,0.0,39.6,0,0,0.00,0.00,0.00,0,0,,2017,2.0
88,Jarvis Landry,25,MIA,WR,16,16,,0,1,0.0,0,0,0.0,0,0.0,0,,,0.0,0.00,,0.0,39.6,0,0,0.00,0.00,0.00,0,0,PB,2017,3.5
89,Marqise Lee,26,JAX,WR,14,14,,0,1,0.0,0,0,0.0,0,0.0,0,,,0.0,0.00,,0.0,39.6,0,0,0.00,0.00,0.00,0,0,,2017,7.1
90,Tanner McEvoy,24,SEA,TE,15,0,,0,1,0.0,0,0,0.0,1,100.0,0,,,0.0,-45.00,,0.0,0.0,0,0,0.00,0.00,-45.00,0,0,,2017,0.0
91,Michael Palardy,25,CAR,P,16,0,,0,1,0.0,0,0,0.0,0,0.0,0,,,0.0,0.00,,0.0,39.6,0,0,0.00,0.00,0.00,0,0,,2017,0.0
92,Ryan Quigley,27,MIN,P,16,0,,0,1,0.0,0,0,0.0,0,0.0,0,,,0.0,0.00,,0.0,39.6,0,0,0.00,0.00,0.00,0,0,,2017,
93,Shane Vereen,28,NYG,RB,16,0,,0,1,0.0,0,0,0.0,1,100.0,0,,,0.0,-45.00,,0.0,0.0,0,0,0.00,0.00,-45.00,0,0,,2017,0.0
94,Jon Ryan,36,SEA,P,16,0,,1,1,100.0,-4,0,0.0,0,0.0,0,,-4,-4.0,-4.00,-4.0,-0.3,79.2,0,0,0.00,-4.00,-4.00,0,0,,2017,
,League Average,,,,,,,,,62.1,,,4.2,,2.5,,44.0,,7.0,6.76,11.3,127.1,86.9,,,6.40,6.15,5.91,,,,2017,
1,Ben Roethlisberger,36,PIT,QB,16,16,9-6-1,452,675,67.0,5129,34,5.0,16,2.4,248,50.9,97,7.6,7.54,11.3,320.6,96.5,24,166,3.43,7.10,7.04,2,3,,2018,69.6
2,Patrick Mahomes,23,KAN,QB,16,16,12-4-0,383,580,66.0,5097,50,8.6,12,2.1,237,54.1,89,8.8,9.58,13.3,318.6,113.8,26,171,4.29,8.13,8.89,2,2,"PB,AP-1,AP MVP-1,AP OPoY-1",2018,80.3
3,Matt Ryan,33,ATL,QB,16,16,7-9-0,422,608,69.4,4924,35,5.8,7,1.2,236,51.7,75,8.1,8.73,11.7,307.8,108.1,42,296,6.46,7.12,7.71,1,1,,2018,65.7
4,Jared Goff,24,LAR,QB,16,16,13-3-0,364,561,64.9,4688,32,5.7,12,2.1,233,50.7,70,8.4,8.53,12.9,293.0,101.1,33,223,5.56,7.52,7.69,4,4,PB,2018,63.6
5,Andrew Luck,29,IND,QB,16,16,10-6-0,430,639,67.3,4593,39,6.1,15,2.3,236,53.0,68,7.2,7.35,10.7,287.1,98.7,18,134,2.74,6.79,6.95,3,3,"PB,AP CPoY-1",2018,69.6
6,Aaron Rodgers,35,GNB,QB,16,16,6-9-1,372,597,62.3,4442,25,4.2,2,0.3,200,45.8,75,7.4,8.13,11.9,277.6,97.6,49,353,7.59,6.33,6.96,3,3,PB,2018,58.0
7,Tom Brady,41,NWE,QB,16,16,11-5-0,375,570,65.8,4355,29,5.1,11,1.9,205,51.8,63,7.6,7.79,11.6,272.2,97.7,21,147,3.55,7.12,7.26,1,2,PB,2018,68.4
8,Philip Rivers,37,LAC,QB,16,16,12-4-0,347,508,68.3,4308,32,6.3,12,2.4,211,52.0,75,8.5,8.68,12.4,269.3,105.5,32,204,5.93,7.60,7.79,3,3,PB,2018,67.8
9,Eli Manning,37,NYG,QB,16,16,5-11-0,380,576,66.0,4299,21,3.6,11,1.9,205,43.0,58,7.5,7.33,11.3,268.7,92.4,47,358,7.54,6.33,6.21,1,2,,2018,49.1
10,Kirk Cousins,30,MIN,QB,16,16,8-7-1,425,606,70.1,4298,30,5.0,10,1.7,218,49.4,75,7.1,7.34,10.1,268.6,99.7,40,262,6.19,6.25,6.48,1,0,,2018,59.5
11,Deshaun Watson,23,HOU,QB,16,16,11-5-0,345,505,68.3,4165,26,5.1,9,1.8,202,46.4,73,8.2,8.48,12.1,260.3,103.1,62,384,10.93,6.67,6.87,5,5,PB,2018,61.8
12,Derek Carr,27,OAK,QB,16,16,4-12-0,381,553,68.9,4049,19,3.4,10,1.8,197,48.5,66,7.3,7.20,10.6,253.1,93.9,51,299,8.44,6.21,6.09,3,3,,2018,46.5
13,Drew Brees,39,NOR,QB,15,15,13-2-0,364,489,74.4,3992,32,6.5,5,1.0,197,57.3,72,8.2,9.01,11.0,266.1,115.7,17,121,3.36,7.65,8.47,6,7,"PB,AP-2,AP MVP-2,AP OPoY-2",2018,79.2
14,Case Keenum,30,DEN,QB,16,16,6-10-0,365,586,62.3,3890,18,3.1,15,2.6,179,44.5,64,6.6,6.10,10.7,243.1,81.2,34,235,5.48,5.90,5.39,3,4,,2018,44.5
15,Dak Prescott,25,DAL,QB,16,16,10-6-0,356,526,67.7,3885,22,4.2,8,1.5,184,45.2,90,7.4,7.54,10.9,242.8,96.9,56,347,9.62,6.08,6.22,3,5,PB,2018,55.2
16,Matthew Stafford,30,DET,QB,16,16,6-10-0,367,555,66.1,3777,21,3.8,11,2.0,197,45.7,67,6.8,6.67,10.3,236.1,89.9,40,255,6.72,5.92,5.79,0,1,,2018,51.3
17,Baker Mayfield,23,CLE,QB,14,13,6-7-0,310,486,63.8,3725,27,5.6,14,2.9,171,46.0,71,7.7,7.48,12.0,266.1,93.7,25,173,4.89,6.95,6.77,3,4,AP ORoY-2,2018,51.2
18,Russell Wilson,30,SEA,QB,16,16,10-6-0,280,427,65.6,3448,35,8.2,7,1.6,156,44.1,66,8.1,8.98,12.3,215.5,110.9,51,355,10.67,6.47,7.28,2,4,PB,2018,63.3
19,Cam Newton,29,CAR,QB,14,14,6-8-0,320,471,67.9,3395,24,5.1,13,2.8,180,49.8,82,7.2,6.99,10.6,242.5,94.2,29,213,5.80,6.36,6.15,2,2,,2018,53.2
20,Mitchell Trubisky,24,CHI,QB,14,14,11-3-0,289,434,66.6,3223,24,5.5,12,2.8,151,48.9,70,7.4,7.29,11.2,230.2,95.4,24,143,5.24,6.72,6.59,1,2,PB,2018,71.0
21,Carson Wentz,26,PHI,QB,11,11,5-6-0,279,401,69.6,3074,21,5.2,7,1.7,159,50.7,58,7.7,7.93,11.0,279.5,102.2,31,202,7.18,6.65,6.89,2,2,,2018,62.0
22,Jameis Winston,24,TAM,QB,11,9,3-6-0,244,378,64.6,2992,19,5.0,14,3.7,152,50.6,64,7.9,7.25,12.3,272.0,90.2,27,157,6.67,7.00,6.38,0,1,,2018,66.2
23,Sam Darnold,21,NYJ,QB,13,13,4-9-0,239,414,57.7,2865,17,4.1,15,3.6,130,43.2,76,6.9,6.11,12.0,220.4,77.6,30,204,6.76,5.99,5.24,1,1,,2018,45.9
24,Blake Bortles,26,JAX,QB,13,12,3-9-0,243,403,60.3,2718,13,3.2,11,2.7,126,44.7,80,6.7,6.16,11.2,209.1,79.8,31,173,7.14,5.86,5.32,0,1,,2018,43.4
25,Andy Dalton,31,CIN,QB,11,11,5-6-0,226,365,61.9,2566,21,5.8,11,3.0,132,48.4,49,7.0,6.82,11.4,233.3,89.6,21,157,5.44,6.24,6.05,3,4,,2018,59.4
26,Marcus Mariota,25,TEN,QB,14,13,7-6-0,228,331,68.9,2528,11,3.3,8,2.4,121,46.4,61,7.6,7.21,11.1,180.6,92.3,42,243,11.26,6.13,5.75,2,3,,2018,53.2
27,Joe Flacco,33,BAL,QB,9,9,4-5-0,232,379,61.2,2465,12,3.2,6,1.6,119,44.8,71,6.5,6.42,10.6,273.9,84.2,16,79,4.05,6.04,5.96,0,0,,2018,54.8
28,Ryan Fitzpatrick,36,TAM,QB,8,7,2-5-0,164,246,66.7,2366,17,6.9,12,4.9,113,51.9,75,9.6,8.80,14.4,295.8,100.4,14,76,5.38,8.81,8.04,0,0,,2018,61.0
29,Josh Rosen,21,ARI,QB,14,13,3-10-0,217,393,55.2,2278,11,2.8,14,3.6,112,36.3,75,5.8,4.75,10.5,162.7,66.7,45,320,10.27,4.47,3.53,1,2,,2018,24.1
30,Nick Mullens,23,SFO,QB,8,8,3-5-0,176,274,64.2,2277,13,4.7,10,3.6,106,47.4,85,8.3,7.62,12.9,284.6,90.8,17,127,5.84,7.39,6.74,0,1,,2018,51.7
31,Alex Smith,34,WAS,QB,10,10,6-4-0,205,328,62.5,2180,10,3.0,5,1.5,106,43.7,52,6.6,6.57,10.6,218.0,85.7,22,121,6.29,5.88,5.81,0,0,,2018,46.9
32,Josh Allen,22,BUF,QB,12,11,5-6-0,169,320,52.8,2074,10,3.1,12,3.8,89,37.1,75,6.5,5.42,12.3,172.8,67.9,28,213,8.05,5.35,4.37,2,3,,2018,49.8
33,Ryan Tannehill,30,MIA,QB,11,11,5-6-0,176,274,64.2,1979,17,6.2,9,3.3,92,42.1,75,7.2,6.99,11.2,179.9,92.7,35,279,11.33,5.50,5.29,3,3,,2018,33.2
34,Nick Foles,29,PHI,QB,5,5,4-1-0,141,195,72.3,1413,7,3.6,4,2.1,59,42.6,83,7.2,7.04,10.0,282.6,96.0,9,47,4.41,6.70,6.50,2,2,,2018,65.4
35,C.J. Beathard,25,SFO,QB,6,5,0-5-0,102,169,60.4,1252,8,4.7,7,4.1,60,44.4,82,7.4,6.49,12.3,208.7,81.8,18,156,9.63,5.86,5.03,0,0,,2018,41.5
Rk,Player,Age,Team,Pos,G,GS,QBrec,Cmp,Att,Cmp%,Yds,TD,TD%,Int,Int%,1D,Succ%,Lng,Y/A,AY/A,Y/C,Y/G,Rate,Sk,Yds,Sk%,NY/A,ANY/A,4QC,GWD,Awards,2018,QBR
36,Brock Osweiler,28,MIA,QB,7,5,2-3-0,113,178,63.5,1247,6,3.4,4,2.2,58,43.6,75,7.0,6.67,11.0,178.1,86.0,17,130,8.72,5.73,5.42,1,1,,2018,34.5
37,Lamar Jackson,21,BAL,QB,16,7,6-1-0,99,170,58.2,1201,6,3.5,3,1.8,60,43.5,74,7.1,6.98,12.1,75.1,84.5,16,71,8.60,6.08,5.99,0,1,,2018,42.6
38,Jeff Driskel,25,CIN,QB,9,5,1-4-0,105,176,59.7,1003,6,3.4,2,1.1,50,38.5,37,5.7,5.87,9.6,111.4,82.2,16,122,8.33,4.59,4.74,0,0,,2018,29.7
39,Jimmy Garoppolo,27,SFO,QB,3,3,1-2-0,53,89,59.6,718,5,5.6,3,3.4,35,45.1,56,8.1,7.67,13.5,239.3,90.0,13,97,12.75,6.09,5.75,0,0,,2018,27.5
40,Cody Kessler,25,JAX,QB,5,4,2-2-0,85,131,64.9,709,2,1.5,2,1.5,35,41.2,35,5.4,5.03,8.3,141.8,77.4,22,149,14.38,3.66,3.33,0,0,,2018,25.9
41,Blaine Gabbert,29,TEN,QB,8,3,2-1-0,61,101,60.4,626,4,4.0,4,4.0,32,39.6,35,6.2,5.21,10.3,78.3,74.9,5,37,4.72,5.56,4.61,2,2,,2018,27.0
42,Josh Johnson,32,WAS,QB,4,3,1-2-0,52,91,57.1,590,3,3.3,4,4.4,29,42.0,79,6.5,5.16,11.3,147.5,69.4,9,67,9.00,5.23,4.03,1,1,,2018,47.4
43,Josh McCown,39,NYJ,QB,4,3,0-3-0,60,110,54.5,539,1,0.9,4,3.6,27,38.5,41,4.9,3.45,9.0,134.8,55.8,7,35,5.98,4.31,2.94,0,0,,2018,33.8
44,Chase Daniel,32,CHI,QB,5,2,1-1-0,53,76,69.7,515,3,3.9,2,2.6,23,45.9,46,6.8,6.38,9.7,103.0,90.6,9,40,10.59,5.59,5.24,1,0,,2018,27.5
45,Tyrod Taylor,29,CLE,QB,4,3,1-1-1,42,85,49.4,473,2,2.4,2,2.4,17,28.6,47,5.6,4.98,11.3,118.3,64.5,13,81,13.27,4.00,3.49,1,0,,2018,27.0
46,Derek Anderson,35,BUF,QB,2,2,0-2-0,42,70,60.0,465,0,0.0,4,5.7,22,38.7,40,6.6,4.07,11.1,232.5,56.0,5,33,6.67,5.76,3.36,0,0,,2018,26.6
47,Sam Bradford,31,ARI,QB,3,3,0-3-0,50,80,62.5,400,2,2.5,4,5.0,16,32.6,35,5.0,3.25,8.0,133.3,62.5,6,33,6.98,4.27,2.64,0,0,,2018,27.9
48,Colt McCoy,32,WAS,QB,3,2,0-2-0,34,54,63.0,372,3,5.6,3,5.6,17,45.0,53,6.9,5.50,10.9,124.0,78.6,6,36,10.00,5.60,4.35,0,0,,2018,38.8
49,Taylor Heinicke,25,CAR,QB,6,1,0-1-0,35,57,61.4,320,1,1.8,3,5.3,19,40.7,33,5.6,3.60,9.1,53.3,60.6,2,17,3.39,5.14,3.19,0,0,,2018,18.3
50,Nathan Peterman,24,BUF,QB,4,2,0-2-0,44,81,54.3,296,1,1.2,7,8.6,13,28.4,26,3.7,0.01,6.7,74.0,30.7,7,34,7.95,2.98,-0.38,0,0,,2018,8.0
51,Kyle Allen,22,CAR,QB,2,1,1-0-0,20,31,64.5,266,2,6.5,0,0.0,11,45.2,53,8.6,9.87,13.3,133.0,113.1,0,0,0.00,8.58,9.87,0,0,,2018,95.2
52,Matt Barkley,28,BUF,QB,1,1,1-0-0,15,25,60.0,232,2,8.0,0,0.0,12,46.2,47,9.3,10.88,15.5,232.0,117.4,1,8,3.85,8.62,10.15,0,0,,2018,85.8
53,DeShone Kizer,22,GNB,QB,3,0,,20,42,47.6,187,0,0.0,2,4.8,8,30.4,29,4.5,2.31,9.4,62.3,40.5,4,38,8.70,3.24,1.28,0,0,,2018,25.5
54,Mike Glennon,29,ARI,QB,2,0,,15,21,71.4,174,1,4.8,0,0.0,8,50.0,26,8.3,9.24,11.6,87.0,112.0,1,8,4.55,7.55,8.45,0,0,,2018,75.0
55,Mark Sanchez,32,WAS,QB,2,1,0-1-0,19,35,54.3,138,0,0.0,3,8.6,3,21.4,20,3.9,0.09,7.3,69.0,28.0,7,42,16.67,2.29,-0.93,0,0,,2018,4.5
56,Teddy Bridgewater,26,NOR,QB,5,1,0-1-0,14,23,60.9,118,1,4.3,1,4.3,8,36.0,18,5.1,4.04,8.4,23.6,70.6,2,8,8.00,4.40,3.40,0,0,,2018,31.3
57,Odell Beckham Jr.,26,NYG,WR,12,12,,2,2,100.0,106,2,100.0,0,0.0,2,100.0,57,53.0,73.00,53.0,8.8,158.3,0,0,0.00,53.00,73.00,0,0,,2018,100.0
58,Kevin Byard,25,TEN,FS,16,16,,1,1,100.0,66,1,100.0,0,0.0,1,,66,66.0,86.00,66.0,4.1,158.3,0,0,0.00,66.00,86.00,0,0,,2018,
59,Taysom Hill,28,NOR,QB,16,4,,3,7,42.9,64,0,0.0,1,14.3,3,25.0,44,9.1,2.71,21.3,4.0,36.3,1,3,12.50,7.63,2.00,0,0,,2018,40.9
60,Jarvis Landry,26,CLE,WR,16,14,,1,2,50.0,63,0,0.0,0,0.0,1,50.0,63,31.5,31.50,63.0,3.9,95.8,0,0,0.00,31.50,31.50,0,0,PB,2018,100.0
61,Matt Cassel,36,DET,QB,2,0,,7,17,41.2,59,0,0.0,1,5.9,2,38.9,11,3.5,0.82,8.4,29.5,26.3,1,13,5.56,2.56,0.06,0,0,,2018,9.6
62,Albert Wilson,26,MIA,WR,7,3,,1,1,100.0,52,1,100.0,0,0.0,1,100.0,52,52.0,72.00,52.0,7.4,158.3,0,0,0.00,52.00,72.00,0,0,,2018,99.6
63,Christian McCaffrey,22,CAR,RB,16,16,,1,1,100.0,50,1,100.0,0,0.0,1,100.0,50,50.0,70.00,50.0,3.1,158.3,0,0,0.00,50.00,70.00,0,0,AP-2,2018,100.0
64,Joshua Dobbs,23,PIT,QB,5,0,,6,12,50.0,43,0,0.0,1,8.3,2,33.3,22,3.6,-0.17,7.2,8.6,24.0,0,0,0.00,3.58,-0.17,0,0,,2018,51.0
65,Julian Edelman,32,NWE,WR,12,12,,2,2,100.0,43,0,0.0,0,0.0,1,50.0,37,21.5,21.50,21.5,3.6,118.7,0,0,0.00,21.50,21.50,0,0,,2018,93.9
66,Garrett Gilbert,27,CAR,QB,1,0,,2,3,66.7,40,0,0.0,0,0.0,1,25.0,31,13.3,13.33,20.0,40.0,109.7,1,5,25.00,8.75,8.75,0,0,,2018,40.4
67,Larry Fitzgerald,35,ARI,WR,16,16,,1,1,100.0,32,1,100.0,0,0.0,1,100.0,32,32.0,52.00,32.0,2.0,158.3,0,0,0.00,32.00,52.00,0,0,,2018,100.0
68,Chad Henne,33,KAN,QB,1,0,,2,3,66.7,29,0,0.0,0,0.0,2,66.7,22,9.7,9.67,14.5,29.0,97.9,0,0,0.00,9.67,9.67,0,0,,2018,69.6
69,Danny Amendola,33,MIA,WR,15,15,,1,1,100.0,28,1,100.0,0,0.0,1,100.0,28,28.0,48.00,28.0,1.9,158.3,0,0,0.00,28.00,48.00,0,0,,2018,100.0
70,Emmanuel Sanders,31,DEN,WR,12,12,,1,1,100.0,28,1,100.0,0,0.0,1,100.0,28,28.0,48.00,28.0,2.3,158.3,0,0,0.00,28.00,48.00,0,0,,2018,100.0
Rk,Player,Age,Team,Pos,G,GS,QBrec,Cmp,Att,Cmp%,Yds,TD,TD%,Int,Int%,1D,Succ%,Lng,Y/A,AY/A,Y/C,Y/G,Rate,Sk,Yds,Sk%,NY/A,ANY/A,4QC,GWD,Awards,2018,QBR
71,Sean Mannion,26,LAR,QB,3,0,,2,3,66.7,23,0,0.0,0,0.0,1,33.3,18,7.7,7.67,11.5,7.7,89.6,0,0,0.00,7.67,7.67,0,0,,2018,5.8
72,Nate Sudfeld,25,PHI,QB,2,0,,1,2,50.0,22,1,50.0,0,0.0,1,50.0,22,11.0,21.00,22.0,11.0,129.2,0,0,0.00,11.00,21.00,0,0,,2018,28.9
73,Robert Griffin III,28,BAL,QB,3,0,,2,6,33.3,21,0,0.0,0,0.0,1,33.3,14,3.5,3.50,10.5,7.0,44.4,0,0,0.00,3.50,3.50,0,0,,2018,2.0
74,Darius Jennings,26,TEN,WR,16,0,,1,1,100.0,21,0,0.0,0,0.0,1,100.0,21,21.0,21.00,21.0,1.3,118.7,0,0,0.00,21.00,21.00,0,0,,2018,99.9
75,Sam Koch,36,BAL,P,16,0,,1,1,100.0,21,0,0.0,0,0.0,1,,21,21.0,21.00,21.0,1.3,118.7,0,0,0.00,21.00,21.00,0,0,,2018,10.7
76,Matt Schaub,37,ATL,QB,3,0,,5,7,71.4,20,0,0.0,0,0.0,1,28.6,9,2.9,2.86,4.0,6.7,74.1,0,0,0.00,2.86,2.86,0,0,,2018,63.2
77,Johnny Hekker,28,LAR,P,16,0,,2,4,50.0,19,0,0.0,0,0.0,2,,12,4.8,4.75,9.5,1.2,63.5,0,0,0.00,4.75,4.75,0,0,AP-2,2018,
78,Nelson Agholor,25,PHI,WR,16,16,,1,1,100.0,15,0,0.0,0,0.0,1,100.0,15,15.0,15.00,15.0,0.9,118.7,0,0,0.00,15.00,15.00,0,0,,2018,100.0
79,Logan Thomas,27,BUF,TE,12,3,,1,1,100.0,15,0,0.0,0,0.0,1,,15,15.0,15.00,15.0,1.3,118.7,0,0,0.00,15.00,15.00,0,0,,2018,
80,Derrick Henry,24,TEN,RB,16,12,,2,3,66.7,14,0,0.0,0,0.0,1,66.7,8,4.7,4.67,7.0,0.9,77.1,0,0,0.00,4.67,4.67,0,0,,2018,58.2
81,Colby Wadman,23,DEN,P,12,0,,1,1,100.0,12,0,0.0,0,0.0,1,,12,12.0,12.00,12.0,1.0,116.7,0,0,0.00,12.00,12.00,0,0,,2018,
82,A.J. McCarron,28,OAK,QB,2,0,,1,3,33.3,8,0,0.0,0,0.0,0,,8,2.7,2.67,8.0,4.0,42.4,1,7,25.00,0.25,0.25,0,0,,2018,0.4
83,Anthony Miller,24,CHI,WR,15,4,,1,1,100.0,8,0,0.0,0,0.0,1,100.0,8,8.0,8.00,8.0,0.5,100.0,0,0,0.00,8.00,8.00,0,0,,2018,82.3
84,Matt Prater,34,DET,K,16,0,,1,1,100.0,8,1,100.0,0,0.0,1,,8,8.0,28.00,8.0,0.5,139.6,0,0,0.00,8.00,28.00,0,0,,2018,
85,Geno Smith,28,LAC,QB,5,0,,1,4,25.0,8,0,0.0,0,0.0,0,,8,2.0,2.00,8.0,1.6,39.6,1,16,20.00,-1.60,-1.60,0,0,,2018,0.7
86,Brian Hoyer,33,NWE,QB,5,0,,1,2,50.0,7,0,0.0,0,0.0,0,,7,3.5,3.50,7.0,1.4,58.3,0,0,0.00,3.50,3.50,0,0,,2018,0.5
87,Tress Way,28,WAS,P,16,0,,1,1,100.0,7,0,0.0,0,0.0,1,,7,7.0,7.00,7.0,0.4,95.8,0,0,0.00,7.00,7.00,0,0,,2018,
88,Mohamed Sanu,29,ATL,WR,16,16,,1,2,50.0,5,1,50.0,0,0.0,1,50.0,5,2.5,12.50,5.0,0.3,95.8,0,0,0.00,2.50,12.50,0,0,,2018,32.3
89,Logan Cooke,23,JAX,P,16,0,,1,1,100.0,4,0,0.0,0,0.0,1,,4,4.0,4.00,4.0,0.3,83.3,0,0,0.00,4.00,4.00,0,0,,2018,
90,Kenny Stills,26,MIA,WR,15,15,,1,1,100.0,3,1,100.0,0,0.0,1,100.0,3,3.0,23.00,3.0,0.2,118.7,0,0,0.00,3.00,23.00,0,0,,2018,100.0
91,Chris Boswell,27,PIT,K,15,0,,1,1,100.0,2,1,100.0,0,0.0,1,,2,2.0,22.00,2.0,0.1,118.7,0,0,0.00,2.00,22.00,0,0,,2018,
92,Jacoby Brissett,26,IND,QB,4,0,,2,4,50.0,2,0,0.0,0,0.0,1,25.0,4,0.5,0.50,1.0,0.5,56.2,0,0,0.00,0.50,0.50,0,0,,2018,100.0
93,Tarik Cohen,23,CHI,RB,16,7,,1,1,100.0,1,1,100.0,0,0.0,1,100.0,1,1.0,21.00,1.0,0.1,118.7,0,0,0.00,1.00,21.00,0,0,"PB,AP-1",2018,100.0
94,Keenan Allen,26,LAC,WR,16,14,,0,0,,0,0,,0,,0,,,,,,0.0,,1,7,100.00,-7.00,-7.00,0,0,PB,2018,0.0
95,Bryan Anger,30,TAM,P,16,0,,0,1,0.0,0,0,0.0,0,0.0,0,,,0.0,0.00,,0.0,39.6,0,0,0.00,0.00,0.00,0,0,,2018,
96,Cole Beasley,29,DAL,WR,16,4,,0,1,0.0,0,0,0.0,0,0.0,0,,,0.0,0.00,,0.0,39.6,0,0,0.00,0.00,0.00,0,0,,2018,28.6
97,Corey Bojorquez,22,BUF,P,8,0,,0,1,0.0,0,0,0.0,0,0.0,0,,,0.0,0.00,,0.0,39.6,0,0,0.00,0.00,0.00,0,0,,2018,
98,Tyler Boyd,24,CIN,WR,14,14,,0,1,0.0,0,0,0.0,0,0.0,0,,,0.0,0.00,,0.0,39.6,0,0,0.00,0.00,0.00,0,0,,2018,3.5
99,Antonio Brown,30,PIT,WR,15,15,,0,1,0.0,0,0,0.0,0,0.0,0,,,0.0,0.00,,0.0,39.6,0,0,0.00,0.00,0.00,0,0,PB,2018,2.7
100,Eric Ebron,25,IND,TE,16,8,,0,1,0.0,0,0,0.0,0,0.0,0,,,0.0,0.00,,0.0,39.6,0,0,0.00,0.00,0.00,0,0,PB,2018,0.0
101,Bruce Ellington,27,DET,WR,4,2,,0,1,0.0,0,0,0.0,0,0.0,0,,,0.0,0.00,,0.0,39.6,0,0,0.00,0.00,0.00,0,0,,2018,
102,Dontrell Hilliard,23,CLE,RB,11,0,,0,1,0.0,0,0,0.0,1,100.0,0,,,0.0,-45.00,,0.0,0.0,0,0,0.00,0.00,-45.00,0,0,,2018,0.0
103,DeAndre Hopkins,26,HOU,WR,16,16,,0,1,0.0,0,0,0.0,0,0.0,0,,,0.0,0.00,,0.0,39.6,0,0,0.00,0.00,0.00,0,0,"PB,AP-1,AP OPoY-3",2018,3.7
104,Zay Jones,23,BUF,WR,16,15,,0,1,0.0,0,0,0.0,0,0.0,0,,,0.0,0.00,,0.0,39.6,0,0,0.00,0.00,0.00,0,0,,2018,0.0
105,Kyle Lauletta,23,NYG,QB,2,0,,0,5,0.0,0,0,0.0,1,20.0,0,,,0.0,-9.00,,0.0,0.0,0,0,0.00,0.00,-9.00,0,0,,2018,0.1
106,JK Scott,23,GNB,P,16,0,,0,1,0.0,0,0,0.0,0,0.0,0,,,0.0,0.00,,0.0,39.6,0,0,0.00,0.00,0.00,0,0,,2018,
107,Dede Westbrook,25,JAX,WR,16,9,,0,1,0.0,0,0,0.0,0,0.0,0,,,0.0,0.00,,0.0,39.6,0,0,0.00,0.00,0.00,0,0,,2018,9.1
,League Average,,,,,,,,,64.9,,,4.8,,2.4,,46.8,,7.4,7.26,11.4,113.1,92.9,,,6.76,6.42,6.32,,,,2018,
1,Jameis Winston,25,TAM,QB,16,16,7-9-0,380,626,60.7,5109,33,5.3,30,4.8,243,46.7,71,8.2,7.06,13.4,319.3,84.3,47,282,6.98,7.17,6.15,2,2,,2019,55.7
2,Dak Prescott,26,DAL,QB,16,16,8-8-0,388,596,65.1,4902,30,5.0,11,1.8,229,52.3,62,8.2,8.40,12.6,306.4,99.7,23,151,3.72,7.68,7.84,0,0,,2019,71.9
3,Jared Goff,25,LAR,QB,16,16,9-7-0,394,626,62.9,4638,22,3.5,16,2.6,220,47.7,66,7.4,6.96,11.8,289.9,86.5,22,170,3.40,6.90,6.46,1,2,,2019,50.6
4,Philip Rivers,38,LAC,QB,16,16,5-11-0,390,591,66.0,4615,23,3.9,20,3.4,217,49.6,84,7.8,7.06,11.8,288.4,88.5,34,222,5.44,7.03,6.32,1,2,,2019,50.5
5,Matt Ryan,34,ATL,QB,15,15,7-8-0,408,616,66.2,4466,26,4.2,14,2.3,228,46.5,93,7.3,7.07,10.9,297.7,92.1,48,316,7.23,6.25,6.08,3,2,,2019,59.6
6,Russell Wilson,31,SEA,QB,16,16,11-5-0,341,516,66.1,4110,31,6.0,5,1.0,190,49.6,60,8.0,8.73,12.1,256.9,106.3,48,319,8.51,6.72,7.42,4,5,"PB,AP-2,AP OPoY-4",2019,71.5
7,Tom Brady,42,NWE,QB,16,16,12-4-0,373,613,60.8,4057,24,3.9,8,1.3,193,44.1,59,6.6,6.81,10.9,253.6,88.0,27,185,4.22,6.05,6.24,1,1,,2019,55.7
8,Derek Carr,28,OAK,QB,16,16,7-9-0,361,513,70.4,4054,21,4.1,8,1.6,191,50.7,75,7.9,8.02,11.2,253.4,100.8,29,184,5.35,7.14,7.25,2,3,,2019,64.1
9,Carson Wentz,27,PHI,QB,16,16,9-7-0,388,607,63.9,4039,27,4.4,7,1.2,213,48.4,53,6.7,7.02,10.4,252.4,93.1,37,230,5.75,5.91,6.26,2,4,AP CPoY-5,2019,62.8
10,Patrick Mahomes,24,KAN,QB,14,14,11-3-0,319,484,65.9,4031,26,5.4,5,1.0,176,50.9,83,8.3,8.94,12.6,287.9,105.3,17,127,3.39,7.79,8.38,1,1,"PB,AP OPoY-4",2019,77.7
11,Aaron Rodgers,36,GNB,QB,16,16,13-3-0,353,569,62.0,4002,26,4.6,4,0.7,189,44.0,74,7.0,7.63,11.3,250.1,95.4,36,284,5.95,6.15,6.71,2,3,PB,2019,52.5
12,Jimmy Garoppolo,28,SFO,QB,16,16,13-3-0,329,476,69.1,3978,27,5.7,13,2.7,193,48.6,75,8.4,8.26,12.1,248.6,102.0,36,237,7.03,7.31,7.22,4,4,AP CPoY-2,2019,60.8
13,Deshaun Watson,24,HOU,QB,15,15,10-5-0,333,495,67.3,3852,26,5.3,12,2.4,191,49.4,54,7.8,7.74,11.6,256.8,98.0,44,257,8.16,6.67,6.63,3,5,PB,2019,70.5
14,Baker Mayfield,24,CLE,QB,16,16,6-10-0,317,534,59.4,3827,22,4.1,21,3.9,179,42.5,89,7.2,6.22,12.1,239.2,78.8,40,285,6.97,6.17,5.29,1,1,,2019,54.4
15,Kyler Murray,22,ARI,QB,16,16,5-10-1,349,542,64.4,3722,20,3.7,12,2.2,173,43.7,88,6.9,6.61,10.7,232.6,87.4,48,309,8.14,5.78,5.55,1,2,AP ORoY-1,2019,57.7
16,Kirk Cousins,31,MIN,QB,15,15,10-5-0,307,444,69.1,3603,26,5.9,6,1.4,165,50.4,66,8.1,8.68,11.7,240.2,107.4,28,206,5.93,7.20,7.73,1,1,PB,2019,60.4
17,Ryan Fitzpatrick,37,MIA,QB,15,13,5-8-0,311,502,62.0,3529,20,4.0,13,2.6,182,45.0,51,7.0,6.66,11.3,235.3,85.5,40,209,7.38,6.13,5.78,3,4,,2019,68.3
18,Andy Dalton,32,CIN,QB,13,13,2-11-0,314,528,59.5,3494,16,3.0,14,2.7,170,42.7,66,6.6,6.03,11.1,268.8,78.3,37,249,6.55,5.74,5.19,0,0,,2019,42.1
19,Kyle Allen,23,CAR,QB,13,12,5-7-0,303,489,62.0,3322,17,3.5,16,3.3,188,46.7,52,6.8,6.02,11.0,255.5,80.0,46,397,8.60,5.47,4.76,0,1,,2019,38.3
20,Gardner Minshew II,23,JAX,QB,14,12,6-6-0,285,470,60.6,3271,21,4.5,6,1.3,150,41.9,70,7.0,7.28,11.5,233.6,91.2,33,184,6.56,6.14,6.44,3,3,,2019,44.6
21,Mitchell Trubisky,25,CHI,QB,15,15,8-7-0,326,516,63.2,3138,17,3.3,10,1.9,156,43.3,53,6.1,5.87,9.6,209.2,83.0,38,234,6.86,5.24,5.04,3,3,,2019,41.5
22,Lamar Jackson,22,BAL,QB,15,15,13-2-0,265,401,66.1,3127,36,9.0,6,1.5,161,50.5,83,7.8,8.92,11.8,208.5,113.3,23,106,5.42,7.13,8.19,1,2,"PB,AP-1,AP MVP-1,AP OPoY-2",2019,83.0
23,Josh Allen,23,BUF,QB,16,16,10-6-0,271,461,58.8,3089,20,4.3,9,2.0,146,41.7,53,6.7,6.69,11.4,193.1,85.3,38,237,7.62,5.72,5.71,4,5,,2019,49.4
24,Daniel Jones,22,NYG,QB,13,12,3-9-0,284,459,61.9,3027,24,5.2,12,2.6,140,41.0,75,6.6,6.46,10.7,232.8,87.7,38,295,7.65,5.50,5.38,1,2,,2019,55.7
25,Sam Darnold,22,NYJ,QB,13,13,7-6-0,273,441,61.9,3024,19,4.3,13,2.9,147,43.7,92,6.9,6.39,11.1,232.6,84.3,33,212,6.96,5.93,5.50,2,3,,2019,45.6
26,Drew Brees,40,NOR,QB,11,11,8-3-0,281,378,74.3,2979,27,7.1,4,1.1,159,56.2,61,7.9,8.83,10.6,270.8,116.3,12,89,3.08,7.41,8.33,1,2,PB,2019,73.3
27,Jacoby Brissett,27,IND,QB,15,15,7-8-0,272,447,60.9,2942,18,4.0,6,1.3,143,42.8,50,6.6,6.78,10.8,196.1,88.0,27,159,5.70,5.87,6.06,2,2,,2019,52.1
28,Ryan Tannehill,31,TEN,QB,12,10,7-3-0,201,286,70.3,2742,22,7.7,6,2.1,126,51.4,91,9.6,10.18,13.6,228.5,117.5,31,212,9.78,7.98,8.52,2,3,"PB,AP CPoY-1",2019,64.2
29,Matthew Stafford,31,DET,QB,8,8,3-4-1,187,291,64.3,2499,19,6.5,5,1.7,117,48.9,66,8.6,9.12,13.4,312.4,106.0,18,137,5.83,7.64,8.15,2,1,,2019,71.3
30,Joe Flacco,34,DEN,QB,8,8,2-6-0,171,262,65.3,1822,6,2.3,5,1.9,86,42.0,70,7.0,6.55,10.7,227.8,85.1,26,194,9.03,5.65,5.29,0,0,,2019,50.8
31,Mason Rudolph,24,PIT,QB,10,8,5-3-0,176,283,62.2,1765,13,4.6,9,3.2,80,40.6,76,6.2,5.72,10.0,176.5,82.0,15,124,5.03,5.51,5.02,1,1,,2019,36.2
32,Case Keenum,31,WAS,QB,10,8,1-7-0,160,247,64.8,1707,11,4.5,5,2.0,83,46.2,69,6.9,6.89,10.7,170.7,91.3,15,145,5.73,5.96,5.94,0,0,,2019,45.6
33,Teddy Bridgewater,27,NOR,QB,9,5,5-0-0,133,196,67.9,1384,9,4.6,2,1.0,67,47.1,45,7.1,7.52,10.4,153.8,99.1,12,89,5.77,6.23,6.66,1,2,AP CPoY-5,2019,50.9
34,Dwayne Haskins,22,WAS,QB,9,7,2-5-0,119,203,58.6,1365,7,3.4,7,3.4,65,38.8,75,6.7,5.86,11.5,151.7,76.1,29,204,12.50,5.00,4.25,1,1,,2019,28.0
35,Marcus Mariota,26,TEN,QB,7,6,2-4-0,95,160,59.4,1203,7,4.4,2,1.3,50,34.6,75,7.5,7.83,12.7,171.9,92.3,25,162,13.51,5.63,5.90,0,0,,2019,35.5
Rk,Player,Age,Team,Pos,G,GS,QBrec,Cmp,Att,Cmp%,Yds,TD,TD%,Int,Int%,1D,Succ%,Lng,Y/A,AY/A,Y/C,Y/G,Rate,Sk,Yds,Sk%,NY/A,ANY/A,4QC,GWD,Awards,2019,QBR
36,Devlin Hodges,23,PIT,QB,8,6,3-3-0,100,160,62.5,1063,5,3.1,8,5.0,51,38.9,79,6.6,5.02,10.6,132.9,71.4,15,102,8.57,5.49,4.01,0,1,,2019,31.8
37,Eli Manning,38,NYG,QB,4,4,1-3-0,91,147,61.9,1042,6,4.1,5,3.4,47,46.7,55,7.1,6.37,11.5,260.5,82.6,5,44,3.29,6.57,5.88,0,0,,2019,36.2
38,Drew Lock,23,DEN,QB,5,5,4-1-0,100,156,64.1,1020,7,4.5,3,1.9,54,44.1,48,6.5,6.57,10.2,204.0,89.7,5,26,3.11,6.17,6.20,1,2,,2019,50.2
39,David Blough,24,DET,QB,5,5,0-5-0,94,174,54.0,984,4,2.3,6,3.4,47,37.2,75,5.7,4.56,10.5,196.8,64.0,14,104,7.45,4.68,3.67,0,0,,2019,34.0
40,Nick Foles,30,JAX,QB,4,4,0-4-0,77,117,65.8,736,3,2.6,2,1.7,31,40.0,39,6.3,6.03,9.6,184.0,84.6,8,60,6.40,5.41,5.17,0,0,,2019,35.5
41,Jeff Driskel,26,DET,QB,3,3,0-3-0,62,105,59.0,685,4,3.8,4,3.8,31,37.9,47,6.5,5.57,11.0,228.3,75.3,11,46,9.48,5.51,4.65,0,0,,2019,49.9
42,Matt Moore,35,KAN,QB,6,2,1-1-0,59,91,64.8,659,4,4.4,0,0.0,35,47.5,57,7.2,8.12,11.2,109.8,100.9,8,65,8.08,6.00,6.81,1,1,,2019,57.5
43,Matt Schaub,38,ATL,QB,6,1,0-1-0,50,67,74.6,580,3,4.5,1,1.5,30,59.4,35,8.7,8.88,11.6,96.7,109.0,2,19,2.90,8.13,8.35,0,0,,2019,80.2
44,Cam Newton,30,CAR,QB,2,2,0-2-0,50,89,56.2,572,0,0.0,1,1.1,29,43.2,44,6.4,5.92,11.4,286.0,71.0,6,43,6.32,5.57,5.09,0,0,,2019,22.5
45,Josh Rosen,22,MIA,QB,6,3,0-3-0,58,109,53.2,567,1,0.9,5,4.6,26,35.2,40,5.2,3.32,9.8,94.5,52.0,16,93,12.80,3.79,2.15,0,0,,2019,19.7
46,Brandon Allen,27,DEN,QB,3,3,1-2-0,39,84,46.4,515,3,3.6,2,2.4,20,28.0,75,6.1,5.77,13.2,171.7,68.3,9,59,9.68,4.90,4.58,0,0,,2019,40.1
47,Ryan Finley,25,CIN,QB,3,3,0-3-0,41,87,47.1,474,2,2.3,2,2.3,20,29.6,47,5.4,4.87,11.6,158.0,62.1,11,93,11.22,3.89,3.38,0,0,,2019,25.0
48,Chase Daniel,33,CHI,QB,3,1,0-1-0,45,64,70.3,435,3,4.7,2,3.1,22,50.7,37,6.8,6.33,9.7,145.0,91.6,7,48,9.86,5.45,5.03,0,0,,2019,59.6
49,Luke Falk,25,NYJ,QB,3,2,0-2-0,47,73,64.4,416,0,0.0,3,4.1,15,27.0,36,5.7,3.85,8.9,138.7,62.4,16,96,17.98,3.60,2.08,0,0,,2019,9.6
50,Brian Hoyer,34,IND,QB,4,1,0-1-0,35,65,53.8,372,4,6.2,4,6.2,22,38.6,23,5.7,4.18,10.6,93.0,65.7,5,47,7.14,4.64,3.21,0,0,,2019,17.4
51,Matt Barkley,29,BUF,QB,2,0,,27,51,52.9,359,0,0.0,3,5.9,15,37.7,41,7.0,4.39,13.3,179.5,51.0,2,10,3.77,6.58,4.04,0,0,,2019,10.3
52,Ben Roethlisberger,37,PIT,QB,2,2,0-2-0,35,62,56.5,351,0,0.0,1,1.6,14,37.5,45,5.7,4.94,10.0,175.5,66.0,2,7,3.13,5.38,4.67,0,0,,2019,28.8
53,Will Grier,24,CAR,QB,2,2,0-2-0,28,52,53.8,228,0,0.0,4,7.7,12,32.8,28,4.4,0.92,8.1,114.0,33.2,6,44,10.34,3.17,0.07,0,0,,2019,2.8
54,Robert Griffin III,29,BAL,QB,7,1,1-0-0,23,38,60.5,225,1,2.6,2,5.3,10,46.5,39,5.9,4.08,9.8,32.1,64.0,5,19,11.63,4.79,3.16,0,0,,2019,54.9
55,A.J. McCarron,29,HOU,QB,2,1,0-1-0,21,37,56.8,225,0,0.0,1,2.7,11,42.9,21,6.1,4.86,10.7,112.5,63.5,5,43,11.90,4.33,3.26,0,0,,2019,27.1
56,Sean Mannion,27,MIN,QB,3,1,0-1-0,12,21,57.1,126,0,0.0,2,9.5,6,52.4,35,6.0,1.71,10.5,42.0,35.1,0,0,0.00,6.00,1.71,0,0,,2019,26.4
57,Colt McCoy,33,WAS,QB,1,1,0-1-0,18,27,66.7,122,0,0.0,1,3.7,5,30.3,22,4.5,2.85,6.8,122.0,61.0,6,44,18.18,2.36,1.00,0,0,,2019,14.9
58,Mike Glennon,30,OAK,QB,2,0,,6,10,60.0,56,1,10.0,0,0.0,3,40.0,19,5.6,7.60,9.3,28.0,108.7,0,0,0.00,5.60,7.60,0,0,,2019,25.2
59,Taysom Hill,29,NOR,WR/QB,16,5,,3,6,50.0,55,0,0.0,0,0.0,3,42.9,20,9.2,9.17,18.3,3.4,81.9,1,9,14.29,6.57,6.57,0,0,,2019,84.9
60,Brett Hundley,26,ARI,QB,3,0,,5,11,45.5,49,0,0.0,0,0.0,2,23.1,28,4.5,4.45,9.8,16.3,58.5,2,11,15.38,2.92,2.92,0,0,,2019,80.6
61,Julian Edelman,33,NWE,WR,16,13,,2,2,100.0,47,1,50.0,0,0.0,2,100.0,32,23.5,33.50,23.5,2.9,158.3,0,0,0.00,23.50,33.50,0,0,,2019,100.0
62,Courtland Sutton,24,DEN,WR,16,14,,1,1,100.0,38,0,0.0,0,0.0,1,100.0,38,38.0,38.00,38.0,2.4,118.7,0,0,0.00,38.00,38.00,0,0,PB,2019,100.0
63,Jaylen Samuels,23,PIT,RB,14,4,,4,5,80.0,35,0,0.0,1,20.0,2,60.0,21,7.0,-2.00,8.8,2.5,56.2,0,0,0.00,7.00,-2.00,0,0,,2019,1.0
64,Emmanuel Sanders,32,SFO,WR,10,9,,1,1,100.0,35,1,100.0,0,0.0,1,100.0,35,35.0,55.00,35.0,3.5,158.3,0,0,0.00,35.00,55.00,0,0,,2019,
65,James White,27,NWE,RB,15,1,,1,1,100.0,35,0,0.0,0,0.0,1,100.0,35,35.0,35.00,35.0,2.3,118.7,0,0,0.00,35.00,35.00,0,0,,2019,99.9
66,Tyrod Taylor,30,LAC,QB,8,0,,4,6,66.7,33,1,16.7,0,0.0,3,50.0,14,5.5,8.83,8.3,4.1,120.1,0,0,0.00,5.50,8.83,0,0,,2019,3.3
67,John Brown,29,BUF,WR,15,15,,1,1,100.0,28,1,100.0,0,0.0,1,100.0,28,28.0,48.00,28.0,1.9,158.3,0,0,0.00,28.00,48.00,0,0,,2019,100.0
68,Johnny Hekker,29,LAR,P,16,0,,2,3,66.7,28,0,0.0,1,33.3,2,,23,9.3,-5.67,14.0,1.8,56.9,0,0,0.00,9.33,-5.67,0,0,,2019,3.8
69,Alex Erickson,27,CIN,WR,16,6,,1,1,100.0,26,0,0.0,0,0.0,1,100.0,26,26.0,26.00,26.0,1.6,118.7,0,0,0.00,26.00,26.00,0,0,,2019,99.9
70,Andy Lee,37,ARI,P,15,0,,1,1,100.0,26,0,0.0,0,0.0,1,,26,26.0,26.00,26.0,1.7,118.7,0,0,0.00,26.00,26.00,0,0,,2019,
Rk,Player,Age,Team,Pos,G,GS,QBrec,Cmp,Att,Cmp%,Yds,TD,TD%,Int,Int%,1D,Succ%,Lng,Y/A,AY/A,Y/C,Y/G,Rate,Sk,Yds,Sk%,NY/A,ANY/A,4QC,GWD,Awards,2019,QBR
71,Josh McCown,40,PHI,QB,3,0,,3,5,60.0,24,0,0.0,0,0.0,2,60.0,13,4.8,4.80,8.0,8.0,72.1,0,0,0.00,4.80,4.80,0,0,,2019,54.3
72,Odell Beckham Jr.,27,CLE,WR,16,15,,1,2,50.0,20,0,0.0,0,0.0,1,50.0,20,10.0,10.00,20.0,1.3,85.4,0,0,0.00,10.00,10.00,0,0,,2019,81.0
73,Albert Wilson,27,MIA,WR,13,4,,1,2,50.0,20,0,0.0,0,0.0,1,33.3,20,10.0,10.00,20.0,1.5,85.4,1,10,33.33,3.33,3.33,0,0,,2019,17.6
74,Danny Amendola,34,DET,WR,15,10,,1,1,100.0,19,1,100.0,0,0.0,1,100.0,19,19.0,39.00,19.0,1.3,158.3,0,0,0.00,19.00,39.00,0,0,,2019,100.0
75,Ryan Griffin,30,TAM,QB,2,0,,2,4,50.0,18,0,0.0,0,0.0,1,50.0,13,4.5,4.50,9.0,9.0,62.5,0,0,0.00,4.50,4.50,0,0,,2019,32.4
76,Logan Cooke,24,JAX,P,16,0,,2,2,100.0,16,0,0.0,0,0.0,2,,9,8.0,8.00,8.0,1.0,100.0,1,19,33.33,-1.00,-1.00,0,0,,2019,
77,Dante Pettis,24,SFO,WR,11,4,,1,1,100.0,16,0,0.0,0,0.0,1,100.0,16,16.0,16.00,16.0,1.5,118.7,0,0,0.00,16.00,16.00,0,0,,2019,57.3
78,Tim Boyle,25,GNB,QB,3,0,,3,4,75.0,15,0,0.0,0,0.0,1,50.0,7,3.8,3.75,5.0,5.0,80.2,0,0,0.00,3.75,3.75,0,0,,2019,96.7
79,Jarrett Stidham,23,NWE,QB,3,0,,2,4,50.0,14,0,0.0,1,25.0,1,20.0,11,3.5,-7.75,7.0,4.7,18.7,1,7,20.00,1.40,-7.60,0,0,,2019,0.1
80,Alvin Kamara,24,NOR,RB,14,9,,1,1,100.0,13,0,0.0,0,0.0,1,100.0,13,13.0,13.00,13.0,0.9,118.7,0,0,0.00,13.00,13.00,0,0,PB,2019,58.7
81,Michael Palardy,27,CAR,P,16,0,,1,1,100.0,12,0,0.0,0,0.0,1,,12,12.0,12.00,12.0,0.8,116.7,0,0,0.00,12.00,12.00,0,0,,2019,
82,Kelvin Harmon,23,WAS,WR,16,8,,1,1,100.0,11,0,0.0,0,0.0,1,100.0,11,11.0,11.00,11.0,0.7,112.5,0,0,0.00,11.00,11.00,0,0,,2019,99.9
83,Brett Kern,33,TEN,P,16,0,,1,2,50.0,11,0,0.0,0,0.0,1,,11,5.5,5.50,11.0,0.7,66.7,0,0,0.00,5.50,5.50,0,0,"PB,AP-1",2019,
84,Andrew Beck,23,DEN,TE,16,6,,1,1,100.0,6,0,0.0,0,0.0,1,100.0,6,6.0,6.00,6.0,0.4,91.7,0,0,0.00,6.00,6.00,0,0,,2019,100.0
85,DeAndre Hopkins,27,HOU,WR,15,15,,1,2,50.0,6,1,50.0,1,50.0,1,50.0,6,3.0,-9.50,6.0,0.4,56.2,0,0,0.00,3.00,-9.50,0,0,"PB,AP-1",2019,0.0
86,Kenjon Barner,30,ATL,RB,14,0,,1,1,100.0,3,0,0.0,0,0.0,0,,3,3.0,3.00,3.0,0.2,79.2,0,0,0.00,3.00,3.00,0,0,,2019,31.7
87,Blake Bortles,27,LAR,QB,3,0,,1,2,50.0,3,0,0.0,0,0.0,0,,3,1.5,1.50,3.0,1.0,56.2,0,0,0.00,1.50,1.50,0,0,,2019,0.1
88,Trevor Siemian,28,NYJ,QB,1,1,0-1-0,3,6,50.0,3,0,0.0,0,0.0,0,,3,0.5,0.50,1.0,3.0,56.2,2,17,25.00,-1.75,-1.75,0,0,,2019,1.2
89,Matt Haack,25,MIA,P,16,0,,1,2,50.0,1,1,50.0,0,0.0,1,,1,0.5,10.50,1.0,0.1,95.8,0,0,0.00,0.50,10.50,0,0,,2019,0.0
90,Alex Tanney,32,NYG,QB,1,0,,1,1,100.0,1,0,0.0,0,0.0,0,,1,1.0,1.00,1.0,1.0,79.2,0,0,0.00,1.00,1.00,0,0,,2019,1.4
91,Randall Cobb,29,DAL,WR,15,6,,0,1,0.0,0,0,0.0,0,0.0,0,,,0.0,0.00,,0.0,39.6,0,0,0.00,0.00,0.00,0,0,,2019,5.4
92,Dustin Colquitt,37,KAN,P,16,0,,0,1,0.0,0,0,0.0,0,0.0,0,,,0.0,0.00,,0.0,39.6,0,0,0.00,0.00,0.00,0,0,,2019,0.0
93,Stefon Diggs,26,MIN,WR,15,15,,0,1,0.0,0,0,0.0,0,0.0,0,,,0.0,0.00,,0.0,39.6,0,0,0.00,0.00,0.00,0,0,,2019,0.2
94,Jake Elliott,24,PHI,K,16,0,,0,1,0.0,0,0,0.0,1,100.0,0,,,0.0,-45.00,,0.0,0.0,0,0,0.00,0.00,-45.00,0,0,,2019,
95,David Fales,29,NYJ,QB,2,0,,0,0,,0,0,,0,,0,,,,,,0.0,,1,7,100.00,-7.00,-7.00,0,0,,2019,3.8
96,Garrett Gilbert,28,CLE,QB,5,0,,0,3,0.0,0,0,0.0,0,0.0,0,,,0.0,0.00,,0.0,39.6,0,0,0.00,0.00,0.00,0,0,,2019,22.8
97,Josh Gordon,28,SEA,WR,5,1,,0,1,0.0,0,0,0.0,1,100.0,0,,,0.0,-45.00,,0.0,0.0,0,0,0.00,0.00,-45.00,0,0,,2019,
98,Kareem Hunt,24,CLE,RB,8,3,,0,0,,0,0,,0,,0,,,,,,0.0,,1,8,100.00,-8.00,-8.00,0,0,,2019,0.0
99,Cooper Kupp,26,LAR,WR,16,14,,0,1,0.0,0,0,0.0,0,0.0,0,,,0.0,0.00,,0.0,39.6,0,0,0.00,0.00,0.00,0,0,AP CPoY-5,2019,0.0
100,Christian McCaffrey,23,CAR,RB,16,16,,0,2,0.0,0,0,0.0,0,0.0,0,,,0.0,0.00,,0.0,39.6,0,0,0.00,0.00,0.00,0,0,"PB,AP-1,AP OPoY-3",2019,0.2
101,Zach Pascal,25,IND,WR,16,13,,0,1,0.0,0,0,0.0,0,0.0,0,,,0.0,0.00,,0.0,39.6,0,0,0.00,0.00,0.00,0,0,,2019,0.8
102,Bilal Powell,31,NYJ,RB,13,1,,0,1,0.0,0,0,0.0,0,0.0,0,,,0.0,0.00,,0.0,39.6,0,0,0.00,0.00,0.00,0,0,,2019,1.9
103,Steven Sims,22,WAS,WR,16,2,,0,1,0.0,0,0,0.0,0,0.0,0,,,0.0,0.00,,0.0,39.6,0,0,0.00,0.00,0.00,0,0,,2019,
104,Colby Wadman,24,DEN,P,16,0,,0,0,,0,0,,0,,0,,,,,,0.0,,1,7,100.00,-7.00,-7.00,0,0,,2019,
105,Preston Williams,22,MIA,WR,8,7,,0,0,,0,0,,0,,0,,,,,,0.0,,1,1,100.00,-1.00,-1.00,0,0,,2019,0.7
106,Sam Koch,37,BAL,P,16,0,,1,1,100.0,-2,0,0.0,0,0.0,0,,-2,-2.0,-2.00,-2.0,-0.1,79.2,0,0,0.00,-2.00,-2.00,0,0,,2019,100.0
,League Average,,,,,,,,,63.5,,,4.5,,2.3,,45.5,,7.2,7.08,11.4,113.9,90.4,,,6.67,6.29,6.16,,,,2019,
1,Deshaun Watson,25,HOU,QB,16,16,4-12-0,382,544,70.2,4823,33,6.1,7,1.3,221,54.5,77,8.9,9.50,12.6,301.4,112.4,49,293,8.26,7.64,8.22,0,0,PB,2020,63.7
2,Patrick Mahomes,25,KAN,QB,15,15,14-1-0,390,588,66.3,4740,38,6.5,6,1.0,238,54.1,75,8.1,8.89,12.2,316.0,108.2,22,147,3.61,7.53,8.33,3,3,"PB,AP-2,AP MVP-3,AP OPoY-2",2020,78.1
3,Tom Brady,43,TAM,QB,16,16,11-5-0,401,610,65.7,4633,40,6.6,12,2.0,233,49.6,50,7.6,8.02,11.6,289.6,102.2,21,143,3.33,7.12,7.53,3,3,,2020,66.0
4,Matt Ryan,35,ATL,QB,16,16,4-12-0,407,626,65.0,4581,26,4.2,11,1.8,242,47.8,63,7.3,7.36,11.3,286.3,93.3,41,257,6.15,6.48,6.52,0,0,,2020,59.8
5,Josh Allen,24,BUF,QB,16,16,13-3-0,396,572,69.2,4544,37,6.5,10,1.7,228,56.5,55,7.9,8.45,11.5,284.0,107.2,26,159,4.35,7.33,7.82,2,3,"PB,AP-2,AP MVP-2,AP OPoY-4",2020,76.6
6,Justin Herbert,22,LAC,QB,15,15,6-9-0,396,595,66.6,4336,31,5.2,10,1.7,216,47.8,72,7.3,7.57,10.9,289.1,98.3,32,218,5.10,6.57,6.84,1,3,AP ORoY-1,2020,62.6
7,Aaron Rodgers,37,GNB,QB,16,16,13-3-0,372,526,70.7,4299,48,9.1,5,1.0,216,55.3,78,8.2,9.57,11.6,268.7,121.5,20,182,3.66,7.54,8.89,1,2,"PB,AP-1,AP MVP-1,AP OPoY-2",2020,79.8
8,Kirk Cousins,32,MIN,QB,16,16,7-9-0,349,516,67.6,4265,35,6.8,13,2.5,212,51.2,71,8.3,8.49,12.2,266.6,105.0,39,256,7.03,7.22,7.43,1,3,,2020,55.8
9,Russell Wilson,32,SEA,QB,16,16,12-4-0,384,558,68.8,4212,40,7.2,13,2.3,213,51.4,62,7.5,7.93,11.0,263.3,105.1,47,301,7.77,6.46,6.82,3,3,PB,2020,67.1
10,Philip Rivers,39,IND,QB,16,16,11-5-0,369,543,68.0,4169,24,4.4,11,2.0,200,51.1,55,7.7,7.65,11.3,260.6,97.0,19,118,3.38,7.21,7.18,2,3,,2020,55.0
11,Derek Carr,29,LVR,QB,16,16,8-8-0,348,517,67.3,4103,27,5.2,9,1.7,192,50.6,85,7.9,8.20,11.8,256.4,101.4,26,150,4.79,7.28,7.53,3,5,,2020,64.3
12,Matthew Stafford,32,DET,QB,16,16,5-11-0,339,528,64.2,4084,26,4.9,10,1.9,205,47.9,73,7.7,7.87,12.0,255.3,96.3,38,254,6.71,6.77,6.89,3,4,,2020,61.3
13,Kyler Murray,23,ARI,QB,16,16,8-8-0,375,558,67.2,3971,26,4.7,12,2.2,205,48.9,80,7.1,7.08,10.6,248.2,94.3,27,176,4.62,6.49,6.45,3,4,PB,2020,61.9
14,Jared Goff,26,LAR,QB,15,15,9-6-0,370,552,67.0,3952,20,3.6,13,2.4,194,51.8,56,7.2,6.82,10.7,263.5,90.0,23,161,4.00,6.59,6.27,0,1,,2020,50.8
15,Ryan Tannehill,32,TEN,QB,16,16,11-5-0,315,481,65.5,3819,33,6.9,7,1.5,202,52.1,75,7.9,8.66,12.1,238.7,106.5,24,173,4.75,7.22,7.90,5,6,,2020,72.6
16,Ben Roethlisberger,38,PIT,QB,15,15,12-3-0,399,608,65.6,3803,33,5.4,10,1.6,193,48.6,84,6.3,6.60,9.5,253.5,94.1,13,118,2.09,5.93,6.27,4,4,AP CPoY-2,2020,52.5
17,Teddy Bridgewater,28,CAR,QB,15,15,4-11-0,340,492,69.1,3733,15,3.0,11,2.2,174,46.1,75,7.6,7.19,11.0,248.9,92.1,31,205,5.93,6.75,6.37,0,0,,2020,56.8
18,Baker Mayfield,25,CLE,QB,16,16,11-5-0,305,486,62.8,3563,26,5.3,8,1.6,188,49.4,75,7.3,7.66,11.7,222.7,95.9,26,162,5.08,6.64,6.96,2,2,,2020,65.5
19,Daniel Jones,23,NYG,QB,14,14,5-9-0,280,448,62.5,2943,11,2.5,10,2.2,157,42.8,53,6.6,6.06,10.5,210.2,80.4,45,286,9.13,5.39,4.92,0,0,,2020,54.0
20,Drew Brees,41,NOR,QB,12,12,9-3-0,275,390,70.5,2942,24,6.2,6,1.5,149,52.6,52,7.5,8.08,10.7,245.2,106.4,13,89,3.23,7.08,7.60,1,3,,2020,68.3
21,Drew Lock,24,DEN,QB,13,13,4-9-0,254,443,57.3,2933,16,3.6,15,3.4,145,41.1,92,6.6,5.82,11.5,225.6,75.4,19,123,4.11,6.08,5.31,1,1,,2020,41.2
22,Lamar Jackson,23,BAL,QB,15,15,11-4-0,242,376,64.4,2757,26,6.9,9,2.4,138,46.2,47,7.3,7.64,11.4,183.8,99.3,29,160,7.16,6.41,6.70,1,1,,2020,67.3
23,Joe Burrow,24,CIN,QB,10,10,2-7-1,264,404,65.3,2688,13,3.2,5,1.2,150,47.2,67,6.7,6.74,10.2,268.8,89.8,32,231,7.34,5.64,5.72,0,0,,2020,48.5
24,Cam Newton,31,NWE,QB,15,15,7-8-0,242,368,65.8,2657,8,2.2,10,2.7,133,45.9,50,7.2,6.43,11.0,177.1,82.9,31,195,7.77,6.17,5.44,1,3,,2020,39.4
25,Carson Wentz,28,PHI,QB,12,12,3-8-1,251,437,57.4,2620,16,3.7,15,3.4,130,40.0,59,6.0,5.18,10.4,218.3,72.8,50,326,10.27,4.71,3.98,3,2,,2020,41.9
26,Nick Mullens,25,SFO,QB,10,8,2-6-0,211,326,64.7,2437,12,3.7,12,3.7,120,47.5,49,7.5,6.56,11.5,243.7,84.1,19,139,5.51,6.66,5.79,1,1,,2020,36.3
27,Gardner Minshew II,24,JAX,QB,9,8,1-7-0,216,327,66.1,2259,16,4.9,5,1.5,117,48.0,51,6.9,7.20,10.5,251.0,95.9,27,147,7.63,5.97,6.23,1,1,,2020,44.0
28,Sam Darnold,23,NYJ,QB,12,12,2-10-0,217,364,59.6,2208,9,2.5,11,3.0,109,38.3,69,6.1,5.20,10.2,184.0,72.7,35,234,8.77,4.95,4.16,0,0,,2020,32.9
29,Andy Dalton,33,DAL,QB,11,9,4-5-0,216,333,64.9,2170,14,4.2,8,2.4,116,48.2,69,6.5,6.28,10.0,197.3,87.3,24,184,6.72,5.56,5.34,2,3,,2020,46.1
30,Ryan Fitzpatrick,38,MIA,QB,9,7,4-3-0,183,267,68.5,2091,13,4.9,8,3.0,106,54.4,70,7.8,7.46,11.4,232.3,95.6,14,65,4.98,7.21,6.85,1,1,,2020,70.9
31,Mitchell Trubisky,26,CHI,QB,10,9,6-3-0,199,297,67.0,2055,16,5.4,8,2.7,124,53.7,53,6.9,6.78,10.3,205.5,93.5,18,125,5.71,6.13,6.00,1,1,,2020,53.8
32,Dak Prescott,27,DAL,QB,5,5,2-3-0,151,222,68.0,1856,9,4.1,4,1.8,93,56.0,58,8.4,8.36,12.3,371.2,99.6,10,66,4.31,7.72,7.72,1,1,,2020,73.1
33,Nick Foles,31,CHI,QB,9,7,2-5-0,202,312,64.7,1852,10,3.2,8,2.6,93,43.9,50,5.9,5.42,9.2,205.8,80.8,18,145,5.45,5.17,4.69,2,2,,2020,36.0
34,Tua Tagovailoa,22,MIA,QB,10,9,6-3-0,186,290,64.1,1814,11,3.8,5,1.7,100,47.7,35,6.3,6.24,9.8,181.4,87.1,20,136,6.45,5.41,5.40,2,2,,2020,44.8
35,Alex Smith,36,WAS,QB,8,6,5-1-0,168,252,66.7,1582,6,2.4,8,3.2,73,43.4,68,6.3,5.33,9.4,197.8,78.5,22,139,8.03,5.27,4.39,1,1,AP CPoY-1,2020,28.2
Rk,Player,Age,Team,Pos,G,GS,QBrec,Cmp,Att,Cmp%,Yds,TD,TD%,Int,Int%,1D,Succ%,Lng,Y/A,AY/A,Y/C,Y/G,Rate,Sk,Yds,Sk%,NY/A,ANY/A,4QC,GWD,Awards,2020,QBR
36,Dwayne Haskins,23,WAS,QB,7,6,1-5-0,148,241,61.4,1439,5,2.1,7,2.9,73,37.9,50,6.0,5.08,9.7,205.6,73.0,20,141,7.66,4.97,4.15,1,1,,2020,24.8
37,Jimmy Garoppolo,29,SFO,QB,6,6,3-3-0,94,140,67.1,1096,7,5.0,5,3.6,55,49.0,76,7.8,7.22,11.7,182.7,92.4,11,77,7.28,6.75,6.19,0,0,,2020,54.0
38,Mike Glennon,31,JAX,QB,5,5,0-5-0,111,179,62.0,1072,7,3.9,5,2.8,57,43.1,46,6.0,5.51,9.7,214.4,80.1,9,53,4.79,5.42,4.97,0,0,,2020,29.8
39,Jalen Hurts,22,PHI,QB,15,4,1-3-0,77,148,52.0,1061,6,4.1,4,2.7,45,38.5,81,7.2,6.76,13.8,70.7,77.6,13,59,8.07,6.22,5.85,0,0,,2020,33.8
40,Taysom Hill,30,NOR,QB/WR,16,8,3-1-0,88,121,72.7,928,4,3.3,2,1.7,45,45.2,44,7.7,7.59,10.5,58.0,98.8,14,87,10.37,6.23,6.16,0,0,,2020,51.1
41,Brandon Allen,28,CIN,QB,5,5,1-4-0,90,142,63.4,925,5,3.5,4,2.8,42,45.6,72,6.5,5.95,10.3,185.0,82.0,7,51,4.70,5.87,5.33,1,1,,2020,37.5
42,Joe Flacco,35,NYJ,QB,5,4,0-4-0,74,134,55.2,864,6,4.5,3,2.2,36,41.8,52,6.4,6.34,11.7,172.8,80.6,7,69,4.96,5.64,5.53,0,0,,2020,50.3
43,C.J. Beathard,27,SFO,QB,6,2,1-1-0,66,104,63.5,787,6,5.8,0,0.0,42,46.9,49,7.6,8.72,11.9,131.2,105.7,9,71,7.96,6.34,7.40,0,0,,2020,46.0
44,Jake Luton,24,JAX,QB,3,3,0-3-0,60,110,54.5,624,2,1.8,6,5.5,31,41.0,73,5.7,3.58,10.4,208.0,54.5,7,52,5.98,4.89,2.92,0,0,,2020,32.8
45,Kyle Allen,24,WAS,QB,4,4,1-3-0,60,87,69.0,610,4,4.6,1,1.1,30,46.8,52,7.0,7.41,10.2,152.5,99.3,7,44,7.45,6.02,6.39,0,0,,2020,68.2
46,Jeff Driskel,27,DEN,QB,3,1,0-1-0,35,64,54.7,432,3,4.7,2,3.1,18,33.3,45,6.8,6.28,12.3,144.0,78.4,11,98,14.67,4.45,4.05,0,0,,2020,36.1
47,Colt McCoy,34,NYG,QB,4,2,1-1-0,40,66,60.6,375,1,1.5,1,1.5,19,36.6,35,5.7,5.30,9.4,93.8,75.0,5,24,7.04,4.94,4.59,0,0,,2020,29.7
48,P.J. Walker,25,CAR,QB,4,1,1-0-0,32,56,57.1,368,1,1.8,5,8.9,17,36.7,52,6.6,2.91,11.5,92.0,45.8,4,31,6.67,5.62,2.20,0,0,,2020,9.6
49,Mason Rudolph,25,PIT,QB,5,1,0-1-0,25,43,58.1,324,2,4.7,1,2.3,13,36.4,47,7.5,7.42,13.0,64.8,87.7,1,8,2.27,7.18,7.07,0,0,,2020,72.7
50,Brett Rypien,24,DEN,QB,3,1,1-0-0,27,40,67.5,295,2,5.0,4,10.0,12,48.8,48,7.4,3.88,10.9,98.3,66.1,1,0,2.44,7.20,3.78,1,1,,2020,50.3
51,Chase Daniel,34,DET,QB,4,0,,29,43,67.4,264,1,2.3,2,4.7,14,45.7,28,6.1,4.51,9.1,66.0,72.2,3,29,6.52,5.11,3.59,0,0,,2020,15.9
52,Jarrett Stidham,24,NWE,QB,5,0,,22,44,50.0,256,2,4.5,3,6.8,12,33.3,38,5.8,3.66,11.6,51.2,54.7,4,21,8.33,4.90,2.92,0,0,,2020,12.2
53,Chad Henne,35,KAN,QB,3,1,0-1-0,28,38,73.7,248,2,5.3,0,0.0,15,50.0,37,6.5,7.58,8.9,82.7,108.2,2,4,5.00,6.10,7.10,0,0,,2020,26.3
54,Garrett Gilbert,29,DAL,QB,1,1,0-1-0,21,38,55.3,243,1,2.6,1,2.6,10,42.5,32,6.4,5.74,11.6,243.0,72.6,2,23,5.00,5.50,4.88,0,0,,2020,56.8
55,John Wolford,25,LAR,QB,1,1,1-0-0,22,38,57.9,231,0,0.0,1,2.6,12,35.0,38,6.1,4.89,10.5,231.0,64.7,2,8,5.00,5.58,4.45,0,0,,2020,68.5
56,Marcus Mariota,27,LVR,QB,1,0,,17,28,60.7,226,1,3.6,1,3.6,11,46.4,35,8.1,7.18,13.3,226.0,83.3,0,0,0.00,8.07,7.18,0,0,,2020,97.4
57,Ben DiNucci,24,DAL,QB,3,1,0-1-0,23,43,53.5,219,0,0.0,0,0.0,11,34.0,32,5.1,5.09,9.5,73.0,67.9,7,73,14.00,2.92,2.92,0,0,,2020,10.2
58,Tyrod Taylor,31,LAC,QB,2,1,1-0-0,16,30,53.3,208,0,0.0,0,0.0,10,37.5,37,6.9,6.93,13.0,104.0,75.4,2,1,6.25,6.47,6.47,1,1,,2020,16.6
59,Matt Barkley,30,BUF,QB,5,0,,11,21,52.4,197,1,4.8,1,4.8,9,40.9,56,9.4,8.19,17.9,39.4,80.9,1,7,4.55,8.64,7.50,0,0,,2020,27.4
60,Ryan Finley,26,CIN,QB,5,1,1-0-0,17,32,53.1,164,1,3.1,2,6.3,8,24.4,30,5.1,2.94,9.6,32.8,52.1,9,63,21.95,2.46,0.76,0,0,,2020,41.4
61,Blaine Gabbert,31,TAM,QB,4,0,,9,16,56.3,143,2,12.5,0,0.0,5,41.2,35,8.9,11.44,15.9,35.8,125.8,1,7,5.88,8.00,10.35,0,0,,2020,53.1
62,Taylor Heinicke,27,WAS,QB,1,0,,12,19,63.2,137,1,5.3,0,0.0,6,55.0,29,7.2,8.26,11.4,137.0,102.3,1,7,5.00,6.50,7.50,0,0,,2020,40.7
63,Brian Hoyer,35,NWE,QB,1,1,0-1-0,15,24,62.5,130,0,0.0,1,4.2,8,42.3,25,5.4,3.54,8.7,130.0,59.4,2,18,7.69,4.31,2.58,0,0,,2020,22.4
64,Chris Streveler,25,ARI,QB,5,0,,11,16,68.8,105,1,6.3,1,6.3,5,33.3,19,6.6,5.00,9.5,21.0,81.5,2,10,11.11,5.28,3.89,0,0,,2020,29.6
65,Trace McSorley,25,BAL,QB,2,0,,3,10,30.0,90,1,10.0,0,0.0,2,20.0,70,9.0,11.00,30.0,45.0,97.9,0,0,0.00,9.00,11.00,0,0,,2020,28.9
66,Jameis Winston,26,NOR,QB,4,0,,7,11,63.6,75,0,0.0,0,0.0,5,38.5,19,6.8,6.82,10.7,18.8,83.5,2,11,15.38,4.92,4.92,0,0,,2020,12.0
67,Jarvis Landry,28,CLE,WR,15,14,,4,4,100.0,74,1,25.0,0,0.0,4,100.0,37,18.5,23.50,18.5,4.9,158.3,0,0,0.00,18.50,23.50,0,0,,2020,100.0
68,David Blough,25,DET,QB,1,0,,6,10,60.0,49,0,0.0,1,10.0,1,27.3,20,4.9,0.40,8.2,49.0,32.9,1,10,9.09,3.55,-0.55,0,0,,2020,11.2
69,Case Keenum,32,CLE,QB,2,0,,5,10,50.0,46,0,0.0,0,0.0,2,40.0,24,4.6,4.60,9.2,23.0,62.9,0,0,0.00,4.60,4.60,0,0,,2020,34.7
70,Jamison Crowder,27,NYJ,WR,12,7,,1,1,100.0,43,1,100.0,0,0.0,1,100.0,43,43.0,63.00,43.0,3.6,158.3,0,0,0.00,43.00,63.00,0,0,,2020,100.0
Rk,Player,Age,Team,Pos,G,GS,QBrec,Cmp,Att,Cmp%,Yds,TD,TD%,Int,Int%,1D,Succ%,Lng,Y/A,AY/A,Y/C,Y/G,Rate,Sk,Yds,Sk%,NY/A,ANY/A,4QC,GWD,Awards,2020,QBR
71,Jakobi Meyers,24,NWE,WR,14,9,,2,2,100.0,43,2,100.0,0,0.0,2,100.0,24,21.5,41.50,21.5,3.1,158.3,0,0,0.00,21.50,41.50,0,0,,2020,100.0
72,Robert Griffin III,30,BAL,QB,4,1,0-1-0,8,14,57.1,42,0,0.0,2,14.3,1,23.5,9,3.0,-3.43,5.3,10.5,22.6,3,20,17.65,1.29,-4.00,0,0,,2020,20.2
73,Russell Gage,24,ATL,WR,16,8,,1,2,50.0,39,1,50.0,0,0.0,1,50.0,39,19.5,29.50,39.0,2.4,135.4,0,0,0.00,19.50,29.50,0,0,,2020,100.0
74,Julian Edelman,34,NWE,WR,6,1,,2,2,100.0,38,0,0.0,0,0.0,2,100.0,22,19.0,19.00,19.0,6.3,118.7,0,0,0.00,19.00,19.00,0,0,,2020,98.0
75,Geno Smith,30,SEA,QB,1,0,,4,5,80.0,33,0,0.0,0,0.0,3,50.0,14,6.6,6.60,8.3,33.0,94.2,1,3,16.67,5.00,5.00,0,0,,2020,3.9
76,Lynn Bowden Jr.,23,MIA,WR,10,4,,1,2,50.0,32,0,0.0,0,0.0,1,50.0,32,16.0,16.00,32.0,3.2,95.8,0,0,0.00,16.00,16.00,0,0,,2020,32.9
77,Nate Sudfeld,27,PHI,QB,1,0,,5,12,41.7,32,0,0.0,1,8.3,1,21.4,10,2.7,-1.08,6.4,32.0,14.6,2,16,14.29,1.14,-2.07,0,0,,2020,1.6
78,Zay Jones,25,LVR,WR,16,2,,1,1,100.0,29,0,0.0,0,0.0,1,100.0,29,29.0,29.00,29.0,1.8,118.7,0,0,0.00,29.00,29.00,0,0,,2020,100.0
79,Joseph Charlton,23,CAR,P,16,0,,1,1,100.0,28,0,0.0,0,0.0,1,,28,28.0,28.00,28.0,1.8,118.7,1,5,50.00,11.50,11.50,0,0,,2020,99.9
80,Logan Thomas,29,WAS,TE,16,15,,1,1,100.0,28,0,0.0,0,0.0,1,100.0,28,28.0,28.00,28.0,1.8,118.7,0,0,0.00,28.00,28.00,0,0,,2020,40.1
81,Andy Lee,38,ARI,P,16,0,,1,1,100.0,26,0,0.0,0,0.0,1,,26,26.0,26.00,26.0,1.6,118.7,0,0,0.00,26.00,26.00,0,0,,2020,
82,Nathan Peterman,26,LVR,QB,1,0,,3,5,60.0,25,0,0.0,0,0.0,1,28.6,12,5.0,5.00,8.3,25.0,72.9,2,16,28.57,1.29,1.29,0,0,,2020,24.3
83,Cedrick Wilson Jr.,25,DAL,WR,16,0,,2,2,100.0,23,1,50.0,0,0.0,1,50.0,12,11.5,21.50,11.5,1.4,154.2,0,0,0.00,11.50,21.50,0,0,,2020,99.3
84,Cole Beasley,31,BUF,WR,15,10,,1,1,100.0,20,1,100.0,0,0.0,1,100.0,20,20.0,40.00,20.0,1.3,158.3,0,0,0.00,20.00,40.00,0,0,AP-2,2020,100.0
85,A.J. McCarron,30,HOU,QB,2,0,,1,1,100.0,20,0,0.0,0,0.0,1,,20,20.0,20.00,20.0,10.0,118.7,1,12,50.00,4.00,4.00,0,0,,2020,0.0
86,Odell Beckham Jr.,28,CLE,WR,7,7,,1,1,100.0,18,0,0.0,0,0.0,1,100.0,18,18.0,18.00,18.0,2.6,118.7,0,0,0.00,18.00,18.00,0,0,,2020,98.9
87,Tyler Bray,29,CHI,QB,1,0,,1,5,20.0,18,0,0.0,0,0.0,1,20.0,18,3.6,3.60,18.0,18.0,42.1,0,0,0.00,3.60,3.60,0,0,,2020,7.5
88,Golden Tate,32,NYG,WR,12,4,,1,2,50.0,18,0,0.0,0,0.0,1,50.0,18,9.0,9.00,18.0,1.5,81.2,0,0,0.00,9.00,9.00,0,0,,2020,4.8
89,Jacoby Brissett,28,IND,QB,11,0,,2,8,25.0,17,0,0.0,0,0.0,1,10.0,13,2.1,2.13,8.5,1.5,39.6,2,15,20.00,0.20,0.20,0,0,,2020,58.3
90,Tyler Boyd,26,CIN,WR,15,8,,1,2,50.0,16,0,0.0,0,0.0,1,50.0,16,8.0,8.00,16.0,1.1,77.1,0,0,0.00,8.00,8.00,0,0,,2020,48.0
91,Tyler Huntley,22,BAL,QB,2,0,,3,5,60.0,15,0,0.0,0,0.0,0,20.0,8,3.0,3.00,5.0,7.5,64.6,0,0,0.00,3.00,3.00,0,0,,2020,1.4
92,Sam Koch,38,BAL,P,15,0,,1,1,100.0,15,0,0.0,0,0.0,1,,15,15.0,15.00,15.0,1.0,118.7,0,0,0.00,15.00,15.00,0,0,,2020,
93,Greg Ward,25,PHI,WR,16,10,,1,1,100.0,15,0,0.0,0,0.0,1,100.0,15,15.0,15.00,15.0,0.9,118.7,0,0,0.00,15.00,15.00,0,0,,2020,0.7
94,Kendall Hinton,23,DEN,WR,1,0,,1,9,11.1,13,0,0.0,2,22.2,1,10.0,13,1.4,-8.56,13.0,13.0,0.0,1,1,10.00,1.20,-7.80,0,0,,2020,0.1
95,Jaquan Johnson,25,BUF,DB,14,0,,1,1,100.0,13,0,0.0,0,0.0,1,,13,13.0,13.00,13.0,0.9,118.7,0,0,0.00,13.00,13.00,0,0,,2020,
96,Tommy Townsend,24,KAN,P,16,0,,1,1,100.0,13,0,0.0,0,0.0,1,,13,13.0,13.00,13.0,0.8,118.7,0,0,0.00,13.00,13.00,0,0,,2020,10.6
97,Isaiah McKenzie,25,BUF,WR,16,7,,1,1,100.0,12,1,100.0,0,0.0,1,100.0,12,12.0,32.00,12.0,0.8,156.2,0,0,0.00,12.00,32.00,0,0,,2020,88.2
98,Logan Woodside,25,TEN,QB,6,0,,1,3,33.3,7,0,0.0,0,0.0,1,,7,2.3,2.33,7.0,1.2,42.4,0,0,0.00,2.33,2.33,0,0,,2020,65.1
99,Travis Kelce,31,KAN,TE,15,15,,1,2,50.0,4,0,0.0,0,0.0,1,50.0,4,2.0,2.00,4.0,0.3,56.2,0,0,0.00,2.00,2.00,0,0,"PB,AP-1,AP OPoY-4",2020,55.2
100,Easton Stick,25,LAC,QB,1,0,,1,1,100.0,4,0,0.0,0,0.0,0,100.0,4,4.0,4.00,4.0,4.0,83.3,0,0,0.00,4.00,4.00,0,0,,2020,1.3
101,Joshua Dobbs,25,PIT,QB,1,0,,4,5,80.0,2,0,0.0,0,0.0,0,,3,0.4,0.40,0.5,2.0,79.2,0,0,0.00,0.40,0.40,0,0,,2020,48.7
102,Jamal Agnew,25,DET,WR,14,2,,0,1,0.0,0,0,0.0,0,0.0,0,,,0.0,0.00,,0.0,39.6,0,0,0.00,0.00,0.00,0,0,,2020,0.9
103,Keenan Allen,28,LAC,WR,14,13,,0,1,0.0,0,0,0.0,0,0.0,0,,,0.0,0.00,,0.0,39.6,0,0,0.00,0.00,0.00,0,0,PB,2020,1.4
104,Tim Boyle,26,GNB,QB,8,0,,0,0,,0,0,,0,,0,,,,,,0.0,,1,11,100.00,-11.00,-11.00,0,0,,2020,0.0
105,Randall Cobb,30,HOU,WR,10,2,,0,1,0.0,0,0,0.0,0,0.0,0,,,0.0,0.00,,0.0,39.6,0,0,0.00,0.00,0.00,0,0,,2020,2.8
Rk,Player,Age,Team,Pos,G,GS,QBrec,Cmp,Att,Cmp%,Yds,TD,TD%,Int,Int%,1D,Succ%,Lng,Y/A,AY/A,Y/C,Y/G,Rate,Sk,Yds,Sk%,NY/A,ANY/A,4QC,GWD,Awards,2020,QBR
106,Riley Dixon,27,NYG,P,16,0,,0,1,0.0,0,0,0.0,0,0.0,0,,,0.0,0.00,,0.0,39.6,0,0,0.00,0.00,0.00,0,0,,2020,
107,Alex Erickson,28,CIN,WR,16,2,,0,1,0.0,0,0,0.0,0,0.0,0,,,0.0,0.00,,0.0,39.6,0,0,0.00,0.00,0.00,0,0,,2020,8.4
108,Adam Humphries,27,TEN,WR,7,1,,0,0,,0,0,,0,,0,,,,,,0.0,,1,0,100.00,0.00,0.00,0,0,,2020,
109,Chris Jones,31,DAL,P,8,0,,0,1,0.0,0,0,0.0,0,0.0,0,,,0.0,0.00,,0.0,39.6,0,0,0.00,0.00,0.00,0,0,,2020,
110,Brett Kern,34,TEN,P,13,0,,0,1,0.0,0,0,0.0,0,0.0,0,,,0.0,0.00,,0.0,39.6,0,0,0.00,0.00,0.00,0,0,,2020,0.0
111,CeeDee Lamb,21,DAL,WR,16,14,,0,0,,0,0,,0,,0,,,,,,0.0,,1,4,100.00,-4.00,-4.00,0,0,,2020,0.0
112,D.J. Moore,23,CAR,WR,15,14,,0,1,0.0,0,0,0.0,0,0.0,0,,,0.0,0.00,,0.0,39.6,0,0,0.00,0.00,0.00,0,0,,2020,
113,Zach Pascal,26,IND,WR,16,14,,0,1,0.0,0,0,0.0,0,0.0,0,,,0.0,0.00,,0.0,39.6,0,0,0.00,0.00,0.00,0,0,,2020,1.8
114,James Robinson,22,JAX,RB,14,14,,0,0,,0,0,,0,,0,,,,,,0.0,,1,4,100.00,-4.00,-4.00,0,0,,2020,0.0
115,Jeff Smith,23,NYJ,WR,12,4,,0,0,,0,0,,0,,0,,,,,,0.0,,1,16,100.00,-16.00,-16.00,0,0,,2020,0.0
116,Sammy Watkins,27,KAN,WR,10,9,,0,1,0.0,0,0,0.0,1,100.0,0,,,0.0,-45.00,,0.0,0.0,0,0,0.00,0.00,-45.00,0,0,,2020,0.0
117,Isaiah Wright,23,WAS,WR,14,6,,0,1,0.0,0,0,0.0,0,0.0,0,,,0.0,0.00,,0.0,39.6,0,0,0.00,0.00,0.00,0,0,,2020,2.8
,League Average,,,,,,,,,65.2,,,4.8,,2.2,,48.0,,7.2,7.22,11.1,114.8,93.6,,,5.93,6.42,6.40,,,,2020,
1,Tom Brady,44,TAM,QB,17,17,13-4-0,485,719,67.5,5316,43,6.0,12,1.7,269,52.6,62,7.4,7.84,11.0,312.7,102.1,22,144,2.97,6.98,7.41,3,5,"PB,AP-2,AP MVP-2,AP OPoY-3",2021,73.1
2,Justin Herbert,23,LAC,QB,17,17,9-8-0,443,672,65.9,5014,38,5.7,15,2.2,256,51.1,72,7.5,7.59,11.3,294.9,97.7,31,214,4.41,6.83,6.95,5,5,PB,2021,70.9
3,Matthew Stafford,33,LAR,QB,17,17,12-5-0,404,601,67.2,4886,41,6.8,17,2.8,233,52.6,79,8.1,8.22,12.1,287.4,102.9,30,243,4.75,7.36,7.45,3,4,,2021,69.2
4,Patrick Mahomes,26,KAN,QB,17,17,12-5-0,436,658,66.3,4839,37,5.6,13,2.0,260,53.2,75,7.4,7.59,11.1,284.6,98.5,28,146,4.08,6.84,7.07,3,3,PB,2021,67.7
5,Derek Carr,30,LVR,QB,17,17,10-7-0,428,626,68.4,4804,23,3.7,14,2.2,217,49.7,61,7.7,7.40,11.2,282.6,94.0,40,241,6.01,6.85,6.60,3,6,,2021,58.4
6,Joe Burrow,25,CIN,QB,16,16,10-6-0,366,520,70.4,4611,34,6.5,14,2.7,202,47.6,82,8.9,8.96,12.6,288.2,108.3,51,370,8.93,7.43,7.51,2,3,AP CPoY-1,2021,60.2
7,Dak Prescott,28,DAL,QB,16,16,11-5-0,410,596,68.8,4449,37,6.2,10,1.7,227,51.4,51,7.5,7.95,10.9,278.1,104.2,30,144,4.79,6.88,7.34,1,2,AP CPoY-2,2021,60.5
8,Josh Allen,25,BUF,QB,17,17,11-6-0,409,646,63.3,4407,36,5.6,15,2.3,234,49.4,61,6.8,6.89,10.8,259.2,92.2,26,164,3.87,6.31,6.38,0,0,,2021,66.3
9,Kirk Cousins,33,MIN,QB,16,16,8-8-0,372,561,66.3,4221,33,5.9,7,1.2,192,46.2,64,7.5,8.14,11.3,263.8,103.1,28,197,4.75,6.83,7.42,3,4,PB,2021,58.3
10,Aaron Rodgers,38,GNB,QB,16,16,13-3-0,366,531,68.9,4115,37,7.0,4,0.8,213,50.6,75,7.7,8.80,11.2,257.2,111.9,30,188,5.35,7.00,8.00,1,2,"PB,AP-1,AP MVP-1,AP OPoY-4",2021,74.1
11,Matt Ryan,36,ATL,QB,17,17,7-10-0,375,560,67.0,3968,20,3.6,12,2.1,195,46.0,64,7.1,6.84,10.6,233.4,90.4,40,274,6.67,6.16,5.92,3,4,,2021,52.2
12,Jimmy Garoppolo,30,SFO,QB,15,15,9-6-0,301,441,68.3,3810,20,4.5,12,2.7,172,50.4,83,8.6,8.32,12.7,254.0,98.7,29,201,6.17,7.68,7.38,3,3,,2021,59.2
13,Mac Jones,23,NWE,QB,17,17,10-7-0,352,521,67.6,3801,22,4.2,13,2.5,177,49.0,75,7.3,7.02,10.8,223.6,92.5,28,241,5.10,6.48,6.22,1,1,"PB,AP ORoY-2",2021,56.9
14,Kyler Murray,24,ARI,QB,14,14,9-5-0,333,481,69.2,3787,24,5.0,10,2.1,172,49.6,77,7.9,7.94,11.4,270.5,100.6,31,286,6.05,6.84,6.90,1,1,PB,2021,63.2
15,Ben Roethlisberger,39,PIT,QB,16,16,9-7-0,390,605,64.5,3740,22,3.6,10,1.7,188,42.6,59,6.2,6.17,9.6,233.8,86.8,38,239,5.91,5.44,5.43,6,7,,2021,41.3
16,Ryan Tannehill,33,TEN,QB,17,17,12-5-0,357,531,67.2,3734,21,4.0,14,2.6,192,46.2,57,7.0,6.64,10.5,219.6,89.6,47,327,8.13,5.89,5.53,3,4,,2021,61.8
17,Trevor Lawrence,22,JAX,QB,17,17,3-14-0,359,602,59.6,3641,12,2.0,17,2.8,177,44.6,58,6.0,5.18,10.1,214.2,71.9,32,238,5.05,5.37,4.54,1,2,,2021,39.1
18,Carson Wentz,29,IND,QB,17,17,9-8-0,322,516,62.4,3563,27,5.2,7,1.4,165,44.0,76,6.9,7.34,11.1,209.6,94.6,32,227,5.84,6.09,6.50,0,0,,2021,60.6
19,Taylor Heinicke,28,WAS,QB,16,15,7-8-0,321,494,65.0,3419,20,4.0,15,3.0,167,44.9,73,6.9,6.36,10.7,213.7,85.9,38,278,7.14,5.90,5.39,3,4,,2021,45.8
20,Jared Goff,27,DET,QB,14,14,3-10-1,332,494,67.2,3245,19,3.8,8,1.6,162,46.9,63,6.6,6.61,9.8,231.8,91.5,35,280,6.62,5.60,5.64,2,2,,2021,45.5
21,Jalen Hurts,23,PHI,QB,15,15,8-7-0,265,432,61.3,3144,16,3.7,9,2.1,143,43.9,91,7.3,7.08,11.9,209.6,87.2,26,150,5.68,6.54,6.35,2,2,,2021,54.6
22,Russell Wilson,33,SEA,QB,14,14,6-8-0,259,400,64.8,3113,25,6.3,6,1.5,135,44.6,69,7.8,8.36,12.0,222.4,103.1,33,266,7.62,6.58,7.11,0,1,PB,2021,60.6
23,Teddy Bridgewater,29,DEN,QB,14,14,7-7-0,285,426,66.9,3052,18,4.2,7,1.6,146,46.0,64,7.2,7.27,10.7,218.0,94.9,31,211,6.78,6.22,6.32,0,1,,2021,53.4
24,Baker Mayfield,26,CLE,QB,14,14,6-8-0,253,418,60.5,3010,17,4.1,13,3.1,143,44.3,71,7.2,6.61,11.9,215.0,83.1,43,269,9.33,5.95,5.41,0,0,,2021,40.9
25,Lamar Jackson,24,BAL,QB,12,12,7-5-0,246,382,64.4,2882,16,4.2,13,3.4,135,46.9,49,7.5,6.85,11.7,240.2,87.0,38,190,9.05,6.41,5.78,4,4,PB,2021,56.8
26,Davis Mills,23,HOU,QB,13,11,2-9-0,263,394,66.8,2664,16,4.1,10,2.5,118,44.0,67,6.8,6.43,10.1,204.9,88.8,31,206,7.29,5.78,5.48,0,0,,2021,41.2
27,Tua Tagovailoa,23,MIA,QB,13,12,7-5-0,263,388,67.8,2653,16,4.1,10,2.6,137,50.2,65,6.8,6.50,10.1,204.1,90.1,20,152,4.90,6.13,5.81,0,2,,2021,55.7
28,Sam Darnold,24,CAR,QB,12,11,4-7-0,243,406,59.9,2527,9,2.2,13,3.2,123,41.0,63,6.2,5.23,10.4,210.6,71.9,35,204,7.94,5.27,4.35,0,0,,2021,38.8
29,Daniel Jones,24,NYG,QB,11,11,4-7-0,232,361,64.3,2428,10,2.8,7,1.9,116,43.9,54,6.7,6.41,10.5,220.7,84.8,22,160,5.74,5.92,5.62,1,1,,2021,47.5
30,Zach Wilson,22,NYJ,QB,13,13,3-10-0,213,383,55.6,2334,9,2.3,11,2.9,112,37.0,54,6.1,5.27,11.0,179.5,69.7,44,370,10.30,4.60,3.86,1,1,,2021,33.4
31,Justin Fields,22,CHI,QB,12,10,2-8-0,159,270,58.9,1870,7,2.6,10,3.7,83,38.2,64,6.9,5.78,11.8,155.8,73.2,36,264,11.76,5.25,4.24,0,0,,2021,31.4
32,Andy Dalton,34,CHI,QB,8,6,3-3-0,149,236,63.1,1515,8,3.4,9,3.8,83,42.9,60,6.4,5.38,10.2,189.4,76.9,18,143,7.09,5.40,4.44,1,1,,2021,39.2
33,Jacoby Brissett,29,MIA,QB,11,5,2-3-0,141,225,62.7,1283,5,2.2,4,1.8,69,46.3,52,5.7,5.35,9.1,116.6,78.1,19,132,7.79,4.72,4.39,0,0,,2021,54.3
34,Jameis Winston,27,NOR,QB,7,7,5-2-0,95,161,59.0,1170,14,8.7,3,1.9,56,44.8,72,7.3,8.17,12.3,167.1,102.8,11,69,6.40,6.40,7.24,0,1,,2021,69.8
35,Trevor Siemian,30,NOR,QB,6,4,0-4-0,108,188,57.4,1154,11,5.9,3,1.6,61,41.1,46,6.1,6.59,10.7,192.3,88.4,9,64,4.57,5.53,5.96,1,1,,2021,41.3
Rk,Player,Age,Team,Pos,G,GS,QBrec,Cmp,Att,Cmp%,Yds,TD,TD%,Int,Int%,1D,Succ%,Lng,Y/A,AY/A,Y/C,Y/G,Rate,Sk,Yds,Sk%,NY/A,ANY/A,4QC,GWD,Awards,2021,QBR
36,Tyler Huntley,23,BAL,QB,7,4,1-3-0,122,188,64.9,1081,3,1.6,4,2.1,55,41.3,43,5.8,5.11,8.9,154.4,76.6,18,107,8.74,4.73,4.15,1,1,,2021,55.0
37,Taysom Hill,31,NOR,QB/WR,12,9,4-1-0,78,134,58.2,978,4,3.0,5,3.7,43,42.0,70,7.3,6.22,12.5,81.5,75.4,9,64,6.29,6.39,5.38,0,0,,2021,48.5
38,Tyrod Taylor,32,HOU,QB,6,6,2-4-0,91,150,60.7,966,5,3.3,5,3.3,44,44.8,52,6.4,5.61,10.6,161.0,76.7,13,119,7.98,5.20,4.43,0,0,,2021,46.4
39,Mike White,26,NYJ,QB,4,3,1-2-0,88,132,66.7,953,5,3.8,8,6.1,49,53.7,28,7.2,5.25,10.8,238.3,75.1,4,18,2.94,6.88,4.96,1,1,,2021,56.5
40,Mike Glennon,32,NYG,QB,6,4,0-4-0,90,167,53.9,790,4,2.4,10,6.0,43,33.0,60,4.7,2.51,8.8,131.7,49.7,9,68,5.11,4.10,2.00,0,0,,2021,14.7
41,Drew Lock,25,DEN,QB,6,3,0-3-0,67,111,60.4,787,2,1.8,2,1.8,32,36.7,44,7.1,6.64,11.7,131.2,80.4,9,52,7.50,6.13,5.71,0,0,,2021,28.1
42,Colt McCoy,35,ARI,QB,8,3,2-1-0,74,99,74.7,740,3,3.0,1,1.0,39,51.4,50,7.5,7.63,10.0,92.5,101.4,6,40,5.71,6.67,6.81,0,0,,2021,60.4
43,Geno Smith,31,SEA,QB,4,3,1-2-0,65,95,68.4,702,5,5.3,1,1.1,31,44.4,84,7.4,7.97,10.8,175.5,103.0,13,117,12.04,5.42,5.93,0,0,,2021,51.8
44,Cam Newton,32,CAR,QB,8,5,0-5-0,69,126,54.8,684,4,3.2,5,4.0,32,39.0,64,5.4,4.28,9.9,85.5,64.4,10,83,7.35,4.42,3.35,0,0,,2021,30.4
45,Josh Johnson,35,2TM,QB,4,1,0-1-0,57,85,67.1,638,5,5.9,2,2.4,39,55.7,28,7.5,7.62,11.2,159.5,99.0,3,23,3.41,6.99,7.10,0,0,,2021,
45,Josh Johnson,35,NYJ,QB,3,0,,29,45,64.4,334,3,6.7,1,2.2,20,48.9,26,7.4,7.76,11.5,111.3,99.7,2,14,4.26,6.81,7.13,0,0,,2021,
45,Josh Johnson,35,BAL,QB,1,1,0-1-0,28,40,70.0,304,2,5.0,1,2.5,19,63.4,28,7.6,7.48,10.9,304.0,98.3,1,9,2.44,7.20,7.07,0,0,,2021,
46,Trey Lance,21,SFO,QB,6,2,1-1-0,41,71,57.7,603,5,7.0,2,2.8,27,38.7,76,8.5,8.63,14.7,100.5,97.3,4,15,5.33,7.84,7.97,0,0,,2021,39.0
47,Tim Boyle,27,DET,QB,5,3,0-3-0,61,94,64.9,526,3,3.2,6,6.4,28,44.7,42,5.6,3.36,8.6,105.2,63.5,0,0,0.00,5.60,3.36,0,0,,2021,31.4
48,Case Keenum,33,CLE,QB,7,2,2-0-0,47,72,65.3,462,3,4.2,1,1.4,25,49.4,34,6.4,6.63,9.8,66.0,91.3,5,29,6.49,5.62,5.82,0,0,,2021,42.7
49,Gardner Minshew II,25,PHI,QB,4,2,1-1-0,41,60,68.3,439,4,6.7,1,1.7,24,46.2,36,7.3,7.90,10.7,109.8,104.8,5,31,7.69,6.28,6.82,0,0,,2021,66.2
50,Cooper Rush,28,DAL,QB,5,1,1-0-0,30,47,63.8,422,3,6.4,1,2.1,18,40.0,73,9.0,9.30,14.1,84.4,105.1,3,19,6.00,8.06,8.36,1,1,,2021,47.8
51,Jordan Love,23,GNB,QB,6,1,0-1-0,36,62,58.1,411,2,3.2,3,4.8,22,38.5,62,6.6,5.10,11.4,68.5,68.7,3,23,4.62,5.97,4.51,0,0,,2021,36.8
52,P.J. Walker,26,CAR,QB,5,1,1-0-0,36,66,54.5,362,1,1.5,3,4.5,19,35.6,24,5.5,3.74,10.1,72.4,56.5,7,47,9.59,4.32,2.74,0,0,,2021,23.4
53,Joe Flacco,36,NYJ,QB,2,1,0-1-0,27,42,64.3,338,3,7.1,0,0.0,14,56.8,62,8.0,9.48,12.5,169.0,113.0,2,13,4.55,7.39,8.75,0,0,,2021,49.5
54,Mason Rudolph,26,PIT,QB,2,1,0-0-1,35,58,60.3,277,1,1.7,1,1.7,16,41.4,36,4.8,4.34,7.9,138.5,70.8,0,0,0.00,4.78,4.34,1,0,,2021,45.4
55,Nick Foles,32,CHI,QB,1,1,1-0-0,24,35,68.6,250,1,2.9,0,0.0,14,46.2,30,7.1,7.71,10.4,250.0,98.5,4,21,10.26,5.87,6.38,1,1,,2021,51.6
56,Brian Hoyer,36,NWE,QB,5,0,,9,11,81.8,227,1,9.1,0,0.0,8,81.8,48,20.6,22.45,25.2,45.4,149.1,0,0,0.00,20.64,22.45,0,0,,2021,97.9
57,Jake Fromm,23,NYG,QB,3,2,0-2-0,27,60,45.0,210,1,1.7,3,5.0,10,27.3,36,3.5,1.58,7.8,70.0,38.9,6,33,9.09,2.68,0.94,0,0,,2021,18.8
58,Garrett Gilbert,30,WAS,QB,1,1,0-1-0,20,31,64.5,194,0,0.0,0,0.0,8,42.4,46,6.3,6.26,9.7,194.0,81.9,2,20,6.06,5.27,5.27,0,0,,2021,45.6
59,Sean Mannion,29,MIN,QB,1,1,0-1-0,22,36,61.1,189,1,2.8,0,0.0,8,31.6,30,5.3,5.81,8.6,189.0,84.1,2,15,5.26,4.58,5.11,0,0,,2021,39.1
60,Brandon Allen,29,CIN,QB,6,1,0-1-0,17,34,50.0,149,2,5.9,0,0.0,5,21.1,26,4.4,5.56,8.8,24.8,81.6,4,33,10.53,3.05,4.11,0,1,,2021,10.4
61,Nick Mullens,26,CLE,QB,1,1,0-1-0,20,30,66.7,147,1,3.3,0,0.0,9,40.0,25,4.9,5.57,7.4,147.0,89.2,0,0,0.00,4.90,5.57,0,0,,2021,81.5
62,Ian Book,23,NOR,QB,1,1,0-1-0,12,20,60.0,135,0,0.0,2,10.0,5,28.6,56,6.8,2.25,11.3,135.0,40.6,8,54,28.57,2.89,-0.32,0,0,,2021,2.8
63,Kyle Allen,25,WAS,QB,2,0,,12,19,63.2,120,1,5.3,0,0.0,6,42.9,19,6.3,7.37,10.0,60.0,98.6,2,5,9.52,5.48,6.43,0,0,,2021,29.3
64,Cedrick Wilson Jr.,26,DAL,WR,16,4,,3,3,100.0,88,0,0.0,0,0.0,3,100.0,35,29.3,29.33,29.3,5.5,118.7,0,0,0.00,29.33,29.33,0,0,,2021,99.9
65,Chad Henne,36,KAN,QB,4,0,,11,16,68.8,82,0,0.0,0,0.0,6,62.5,17,5.1,5.13,7.5,20.5,80.7,0,0,0.00,5.13,5.13,0,0,,2021,74.1
66,Tom Kennedy,25,DET,WR,12,0,,1,1,100.0,75,1,100.0,0,0.0,1,100.0,75,75.0,95.00,75.0,6.3,158.3,0,0,0.00,75.00,95.00,0,0,,2021,100.0
67,Blaine Gabbert,32,TAM,QB,6,0,,7,11,63.6,67,0,0.0,0,0.0,4,41.7,23,6.1,6.09,9.6,11.2,80.5,1,10,8.33,4.75,4.75,0,0,,2021,36.6
68,Tyler Boyd,27,CIN,WR,16,10,,1,1,100.0,46,0,0.0,0,0.0,1,100.0,46,46.0,46.00,46.0,2.9,118.7,0,0,0.00,46.00,46.00,0,0,,2021,99.0
Rk,Player,Age,Team,Pos,G,GS,QBrec,Cmp,Att,Cmp%,Yds,TD,TD%,Int,Int%,1D,Succ%,Lng,Y/A,AY/A,Y/C,Y/G,Rate,Sk,Yds,Sk%,NY/A,ANY/A,4QC,GWD,Awards,2021,QBR
69,Jakobi Meyers,25,NWE,WR,17,16,,2,2,100.0,45,0,0.0,0,0.0,1,50.0,30,22.5,22.50,22.5,2.6,118.7,0,0,0.00,22.50,22.50,0,0,,2021,78.1
70,Mitchell Trubisky,27,BUF,QB,6,0,,6,8,75.0,43,0,0.0,1,12.5,2,50.0,15,5.4,-0.25,7.2,7.2,47.4,0,0,0.00,5.38,-0.25,0,0,,2021,77.7
71,Jack Fox,25,DET,P,17,0,,2,3,66.7,38,0,0.0,0,0.0,2,66.7,21,12.7,12.67,19.0,2.2,109.7,0,0,0.00,12.67,12.67,0,0,,2021,
72,Chris Streveler,26,ARI,QB,2,0,,6,9,66.7,36,0,0.0,0,0.0,1,36.4,17,4.0,4.00,6.0,18.0,74.3,2,17,18.18,1.73,1.73,0,0,,2021,3.0
73,Justin Jefferson,22,MIN,WR,17,17,,2,4,50.0,35,0,0.0,0,0.0,2,50.0,24,8.8,8.75,17.5,2.1,80.2,0,0,0.00,8.75,8.75,0,0,"PB,AP-2",2021,48.7
74,C.J. Beathard,28,JAX,QB,2,0,,2,2,100.0,33,0,0.0,0,0.0,1,50.0,28,16.5,16.50,16.5,16.5,118.7,0,0,0.00,16.50,16.50,0,0,,2021,92.3
75,Christian Kirk,25,ARI,WR,17,11,,1,1,100.0,33,0,0.0,0,0.0,1,100.0,33,33.0,33.00,33.0,1.9,118.7,0,0,0.00,33.00,33.00,0,0,,2021,100.0
76,Kendrick Bourne,26,NWE,WR,17,5,,1,1,100.0,25,1,100.0,0,0.0,1,100.0,25,25.0,45.00,25.0,1.5,158.3,0,0,0.00,25.00,45.00,0,0,,2021,100.0
77,Jacob Eason,24,IND,QB,1,0,,2,5,40.0,25,0,0.0,1,20.0,2,40.0,10,5.0,-4.00,12.5,25.0,16.7,0,0,0.00,5.00,-4.00,0,0,,2021,0.1
78,Deebo Samuel,25,SFO,WR,16,15,,1,2,50.0,24,1,50.0,0,0.0,1,50.0,24,12.0,22.00,24.0,1.5,133.3,0,0,0.00,12.00,22.00,0,0,"PB,AP-1",2021,99.0
79,Chris Banjo,31,ARI,DB,16,0,,1,1,100.0,23,0,0.0,0,0.0,1,100.0,23,23.0,23.00,23.0,1.4,118.7,0,0,0.00,23.00,23.00,0,0,,2021,
80,Josh Rosen,24,ATL,QB,4,0,,2,11,18.2,19,0,0.0,2,18.2,1,18.2,14,1.7,-6.45,9.5,4.8,0.0,0,0,0.00,1.73,-6.45,0,0,,2021,0.2
81,Kadarius Toney,22,NYG,WR,10,4,,1,3,33.3,19,0,0.0,0,0.0,1,25.0,19,6.3,6.33,19.0,1.9,56.2,1,6,25.00,3.25,3.25,0,0,,2021,2.3
82,Dante Pettis,26,NYG,WR,3,0,,1,1,100.0,16,0,0.0,0,0.0,1,100.0,16,16.0,16.00,16.0,5.3,118.7,0,0,0.00,16.00,16.00,0,0,,2021,94.0
83,Courtland Sutton,26,DEN,WR,17,16,,1,1,100.0,16,0,0.0,0,0.0,1,100.0,16,16.0,16.00,16.0,0.9,118.7,0,0,0.00,16.00,16.00,0,0,,2021,100.0
84,Tommy Townsend,25,KAN,P,16,0,,1,1,100.0,16,0,0.0,0,0.0,1,100.0,16,16.0,16.00,16.0,1.0,118.7,0,0,0.00,16.00,16.00,0,0,,2021,
85,Ryan Fitzpatrick,39,WAS,QB,1,1,0-1-0,3,6,50.0,13,0,0.0,0,0.0,0,14.3,6,2.2,2.17,4.3,13.0,56.2,1,2,14.29,1.57,1.57,0,0,,2021,3.0
86,Matthias Farley,29,TEN,DB,17,0,,1,1,100.0,6,0,0.0,0,0.0,1,100.0,6,6.0,6.00,6.0,0.4,91.7,0,0,0.00,6.00,6.00,0,0,,2021,
87,Derrick Henry,27,TEN,RB,8,8,,1,1,100.0,5,1,100.0,0,0.0,1,100.0,5,5.0,25.00,5.0,0.6,127.1,0,0,0.00,5.00,25.00,0,0,,2021,80.6
88,Kellen Mond,22,MIN,QB,1,0,,2,3,66.7,5,0,0.0,0,0.0,0,33.3,6,1.7,1.67,2.5,5.0,70.1,0,0,0.00,1.67,1.67,0,0,,2021,18.2
89,John Wolford,26,LAR,QB,3,0,,1,4,25.0,5,0,0.0,1,25.0,0,,5,1.3,-10.00,5.0,1.7,0.0,1,8,20.00,-0.60,-9.60,0,0,,2021,0.1
90,Ezekiel Elliott,26,DAL,RB,17,17,,1,1,100.0,4,0,0.0,0,0.0,0,100.0,4,4.0,4.00,4.0,0.2,83.3,0,0,0.00,4.00,4.00,0,0,,2021,12.2
91,Marcus Mariota,28,LVR,QB,10,0,,1,2,50.0,4,0,0.0,0,0.0,0,50.0,4,2.0,2.00,4.0,0.4,56.2,0,0,0.00,2.00,2.00,0,0,,2021,46.2
92,Johnny Hekker,31,LAR,P,17,0,,1,1,100.0,2,0,0.0,0,0.0,0,,2,2.0,2.00,2.0,0.1,79.2,0,0,0.00,2.00,2.00,0,0,,2021,
93,Greg Ward,26,PHI,WR,17,0,,1,2,50.0,2,0,0.0,0,0.0,0,,2,1.0,1.00,2.0,0.1,56.2,0,0,0.00,1.00,1.00,0,0,,2021,0.0
94,Kendall Hinton,24,DEN,WR,16,1,,1,1,100.0,1,0,0.0,0,0.0,0,,1,1.0,1.00,1.0,0.1,79.2,0,0,0.00,1.00,1.00,0,0,,2021,100.0
95,Keenan Allen,29,LAC,WR,16,16,,0,1,0.0,0,0,0.0,0,0.0,0,,,0.0,0.00,,0.0,39.6,0,0,0.00,0.00,0.00,0,0,PB,2021,57.3
96,Danny Amendola,36,HOU,WR,8,0,,0,1,0.0,0,0,0.0,0,0.0,0,,,0.0,0.00,,0.0,39.6,0,0,0.00,0.00,0.00,0,0,,2021,4.1
97,Cole Beasley,32,BUF,WR,16,8,,0,1,0.0,0,0,0.0,0,0.0,0,,,0.0,0.00,,0.0,39.6,0,0,0.00,0.00,0.00,0,0,,2021,2.9
98,David Blough,26,DET,QB,1,0,,0,0,,0,0,,0,,0,,,,,,0.0,,1,6,100.00,-6.00,-6.00,0,0,,2021,0.1
99,Chris Boswell,30,PIT,K,17,0,,0,1,0.0,0,0,0.0,0,0.0,0,,,0.0,0.00,,0.0,39.6,0,0,0.00,0.00,0.00,0,0,,2021,
100,A.J. Brown,24,TEN,WR,13,13,,0,2,0.0,0,0,0.0,0,0.0,0,,,0.0,0.00,,0.0,39.6,0,0,0.00,0.00,0.00,0,0,,2021,3.0
101,Rex Burkhead,31,HOU,RB,16,5,,0,1,0.0,0,0,0.0,0,0.0,0,,,0.0,0.00,,0.0,39.6,0,0,0.00,0.00,0.00,0,0,,2021,3.0
102,Keelan Cole,28,NYJ,WR,15,11,,0,1,0.0,0,0,0.0,0,0.0,0,,,0.0,0.00,,0.0,39.6,0,0,0.00,0.00,0.00,0,0,,2021,4.4
103,Jamison Crowder,28,NYJ,WR,12,4,,0,0,,0,0,,0,,0,,,,,,0.0,,1,3,100.00,-3.00,-3.00,0,0,,2021,87.5
Rk,Player,Age,Team,Pos,G,GS,QBrec,Cmp,Att,Cmp%,Yds,TD,TD%,Int,Int%,1D,Succ%,Lng,Y/A,AY/A,Y/C,Y/G,Rate,Sk,Yds,Sk%,NY/A,ANY/A,4QC,GWD,Awards,2021,QBR
104,Stefon Diggs,28,BUF,WR,17,17,,0,0,,0,0,,0,,0,,,,,,0.0,,1,2,100.00,-2.00,-2.00,0,0,PB,2021,0.4
105,Riley Dixon,28,NYG,P,17,0,,0,1,0.0,0,0,0.0,0,0.0,0,,,0.0,0.00,,0.0,39.6,0,0,0.00,0.00,0.00,0,0,,2021,
106,Leonard Fournette,26,TAM,RB,14,13,,0,1,0.0,0,0,0.0,0,0.0,0,,,0.0,0.00,,0.0,39.6,0,0,0.00,0.00,0.00,0,0,,2021,33.3
107,Feleipe Franks,24,ATL,QB,9,0,,0,1,0.0,0,0,0.0,1,100.0,0,,,0.0,-45.00,,0.0,0.0,0,0,0.00,0.00,-45.00,0,0,,2021,1.0
108,Mike Gesicki,26,MIA,TE,17,9,,0,1,0.0,0,0,0.0,0,0.0,0,,,0.0,0.00,,0.0,39.6,0,0,0.00,0.00,0.00,0,0,,2021,5.3
109,Blake Gillikin,23,NOR,P,17,0,,0,1,0.0,0,0,0.0,0,0.0,0,,,0.0,0.00,,0.0,39.6,0,0,0.00,0.00,0.00,0,0,,2021,
110,Sam Koch,39,BAL,P,17,0,,0,1,0.0,0,0,0.0,0,0.0,0,,,0.0,0.00,,0.0,39.6,0,0,0.00,0.00,0.00,0,0,,2021,
111,Cooper Kupp,28,LAR,WR,17,17,,0,1,0.0,0,0,0.0,0,0.0,0,,,0.0,0.00,,0.0,39.6,0,0,0.00,0.00,0.00,0,0,"PB,AP-1,AP MVP-3,AP OPoY-1",2021,12.9
112,Jarvis Landry,29,CLE,WR,12,12,,0,0,,0,0,,0,,0,,,,,,0.0,,1,1,100.00,-1.00,-1.00,0,0,,2021,98.1
113,Ty Long,28,LAC,P,17,0,,0,1,0.0,0,0,0.0,0,0.0,0,,,0.0,0.00,,0.0,39.6,0,0,0.00,0.00,0.00,0,0,,2021,
114,David Montgomery,24,CHI,RB,13,13,,0,1,0.0,0,0,0.0,1,100.0,0,,,0.0,-45.00,,0.0,0.0,0,0,0.00,0.00,-45.00,0,0,,2021,25.6
115,Cordarrelle Patterson,30,ATL,RB,16,13,,0,1,0.0,0,0,0.0,0,0.0,0,,,0.0,0.00,,0.0,39.6,0,0,0.00,0.00,0.00,0,0,,2021,3.7
116,Brett Rypien,25,DEN,QB,1,0,,0,2,0.0,0,0,0.0,0,0.0,0,,,0.0,0.00,,0.0,39.6,0,0,0.00,0.00,0.00,0,0,,2021,1.4
117,D'Andre Swift,22,DET,RB,13,4,,0,1,0.0,0,0,0.0,0,0.0,0,,,0.0,0.00,,0.0,39.6,0,0,0.00,0.00,0.00,0,0,,2021,0.6
118,Albert Wilson,29,MIA,WR,14,5,,0,1,0.0,0,0,0.0,0,0.0,0,,,0.0,0.00,,0.0,39.6,1,1,50.00,-0.50,-0.50,0,0,,2021,0.1
119,Brandon Zylstra,28,CAR,WR,13,3,,0,1,0.0,0,0,0.0,0,0.0,0,,,0.0,0.00,,0.0,39.6,0,0,0.00,0.00,0.00,0,0,,2021,0.5
,League Average,,,,,,,,,64.8,,,4.5,,2.4,,46.4,,7.1,6.94,11.0,101.7,90.8,,,6.23,6.22,6.07,,,,2021,
1,Patrick Mahomes,27,KAN,QB,17,17,14-3-0,435,648,67.1,5250,41,6.3,12,1.9,272,54.6,67,8.1,8.53,12.1,308.8,105.2,26,188,3.86,7.51,7.93,4,4,"PB,AP-1,AP MVP-1,AP OPoY-2",2022,79.0
2,Justin Herbert,24,LAC,QB,17,17,10-7-0,477,699,68.2,4739,25,3.6,10,1.4,228,46.3,55,6.8,6.85,9.9,278.8,93.2,38,206,5.16,6.15,6.22,4,5,AP MVP-9,2022,60.2
3,Tom Brady,45,TAM,QB,17,17,8-9-0,490,733,66.8,4694,25,3.4,9,1.2,237,49.5,63,6.4,6.53,9.6,276.1,90.7,22,160,2.91,6.01,6.13,4,5,,2022,54.6
4,Kirk Cousins,34,MIN,QB,17,17,13-4-0,424,643,65.9,4547,29,4.5,14,2.2,230,46.3,66,7.1,6.99,10.7,267.5,92.5,46,329,6.68,6.12,6.05,8,8,PB,2022,52.3
5,Joe Burrow,26,CIN,QB,16,16,12-4-0,414,606,68.3,4475,35,5.8,12,2.0,222,50.1,60,7.4,7.65,10.8,279.7,100.8,41,259,6.34,6.52,6.76,3,4,"PB,AP MVP-4,AP OPoY-9",2022,60.8
6,Jared Goff,28,DET,QB,17,17,9-8-0,382,587,65.1,4438,29,4.9,7,1.2,227,50.3,81,7.6,8.01,11.6,261.1,99.3,23,156,3.77,7.02,7.45,3,3,"PB,AP CPoY-6",2022,63.3
7,Josh Allen,26,BUF,QB,16,16,13-3-0,359,567,63.3,4283,35,6.2,14,2.5,214,52.2,98,7.6,7.68,11.9,267.7,96.6,33,162,5.50,6.87,6.99,3,4,"PB,AP MVP-3,AP OPoY-8",2022,73.4
8,Geno Smith,32,SEA,QB,17,17,9-8-0,399,572,69.8,4282,30,5.2,11,1.9,206,48.2,54,7.5,7.67,10.7,251.9,100.9,46,348,7.44,6.37,6.54,2,3,"PB,AP MVP-9,AP CPoY-1",2022,62.8
9,Trevor Lawrence,23,JAX,QB,17,17,9-8-0,387,584,66.3,4113,25,4.3,8,1.4,206,48.1,59,7.0,7.28,10.6,241.9,95.2,27,184,4.42,6.43,6.66,3,2,"PB,AP MVP-7,AP CPoY-12",2022,56.1
10,Jalen Hurts,24,PHI,QB,15,15,14-1-0,306,460,66.5,3701,22,4.8,6,1.3,165,46.4,68,8.0,8.42,12.1,246.7,101.5,38,231,7.63,6.97,7.31,1,2,"PB,AP-2,AP MVP-2,AP OPoY-3",2022,68.3
11,Aaron Rodgers,39,GNB,QB,17,17,8-9-0,350,542,64.6,3695,26,4.8,12,2.2,177,45.1,58,6.8,6.78,10.6,217.4,91.1,32,258,5.57,5.99,5.95,3,4,,2022,41.3
12,Tua Tagovailoa,24,MIA,QB,13,13,8-5-0,259,400,64.8,3548,25,6.3,8,2.0,162,49.9,84,8.9,9.22,13.7,272.9,105.5,21,163,4.99,8.04,8.37,2,2,AP MVP-9,2022,70.6
13,Russell Wilson,34,DEN,QB,15,15,4-11-0,292,483,60.5,3524,16,3.3,11,2.3,142,36.2,67,7.3,6.93,12.1,234.9,84.4,55,368,10.22,5.87,5.54,3,3,,2022,38.7
14,Derek Carr,31,LVR,QB,15,15,6-9-0,305,502,60.8,3522,24,4.8,14,2.8,161,42.3,60,7.0,6.72,11.5,234.8,86.3,27,191,5.10,6.30,6.01,4,3,PB,2022,57.6
15,Daniel Jones,25,NYG,QB,16,16,9-6-1,317,472,67.2,3205,15,3.2,5,1.1,156,45.7,65,6.8,6.95,10.1,200.3,92.5,44,243,8.53,5.74,5.89,4,5,AP CPoY-11,2022,62.9
16,Davis Mills,24,HOU,QB,15,15,3-10-1,292,479,61.0,3118,17,3.5,15,3.1,135,40.0,58,6.5,5.81,10.7,207.9,78.8,31,244,6.08,5.64,4.98,2,3,,2022,35.0
17,Matt Ryan,37,IND,QB,12,12,4-7-1,309,461,67.0,3057,14,3.0,13,2.8,156,44.9,45,6.6,5.97,9.9,254.8,83.9,38,287,7.62,5.55,4.94,5,4,,2022,44.9
18,Mac Jones,24,NWE,QB,14,14,6-8-0,288,442,65.2,2997,14,3.2,11,2.5,127,41.4,48,6.8,6.29,10.4,214.1,84.8,34,231,7.14,5.81,5.36,0,0,,2022,38.4
19,Andy Dalton,35,NOR,QB,14,14,6-8-0,252,378,66.7,2871,18,4.8,9,2.4,135,48.9,64,7.6,7.48,11.4,205.1,95.2,25,189,6.20,6.66,6.54,1,1,,2022,53.1
20,Dak Prescott,29,DAL,QB,12,12,8-4-0,261,394,66.2,2860,23,5.8,15,3.8,142,51.7,68,7.3,6.71,11.0,238.3,91.1,20,126,4.83,6.60,6.08,2,2,,2022,59.9
21,Jacoby Brissett,30,CLE,QB,16,11,4-7-0,236,369,64.0,2608,12,3.3,6,1.6,129,44.5,55,7.1,6.99,11.1,163.0,88.9,24,160,6.11,6.23,6.15,2,2,,2022,62.0
22,Ryan Tannehill,34,TEN,QB,12,12,6-6-0,212,325,65.2,2536,13,4.0,6,1.8,116,45.3,69,7.8,7.77,12.0,211.3,94.6,33,238,9.22,6.42,6.39,0,0,,2022,51.2
23,Jimmy Garoppolo,31,SFO,QB,11,10,7-3-0,207,308,67.2,2437,16,5.2,4,1.3,114,53.1,57,7.9,8.37,11.8,221.5,103.0,18,100,5.52,7.17,7.60,1,1,,2022,56.3
24,Kenny Pickett,24,PIT,QB,13,12,7-5-0,245,389,63.0,2404,7,1.8,9,2.3,123,44.0,57,6.2,5.50,9.8,184.9,76.7,27,182,6.49,5.34,4.70,3,4,AP ORoY-6,2022,53.6
25,Kyler Murray,25,ARI,QB,11,11,3-8-0,259,390,66.4,2368,14,3.6,7,1.8,119,45.1,38,6.1,5.98,9.1,215.3,87.2,25,192,6.02,5.24,5.16,1,1,,2022,53.6
26,Justin Fields,23,CHI,QB,15,15,3-12-0,192,318,60.4,2242,17,5.3,11,3.5,91,36.7,56,7.1,6.56,11.7,149.5,85.2,55,359,14.75,5.05,4.63,1,2,AP MVP-9,2022,56.3
27,Lamar Jackson,25,BAL,QB,12,12,8-4-0,203,326,62.3,2242,17,5.2,7,2.1,105,44.6,75,6.9,6.95,11.0,186.8,91.1,26,114,7.39,6.05,6.12,1,2,,2022,61.1
28,Marcus Mariota,29,ATL,QB,13,13,5-8-0,184,300,61.3,2219,15,5.0,9,3.0,111,45.1,75,7.4,7.05,12.1,170.7,88.2,28,195,8.54,6.17,5.85,2,3,,2022,57.7
29,Baker Mayfield,27,2TM,QB,12,10,2-8-0,201,335,60.0,2163,10,3.0,8,2.4,94,38.0,75,6.5,5.98,10.8,180.3,79.0,36,217,9.70,5.25,4.81,1,1,,2022,
29,Baker Mayfield,27,CAR,QB,7,6,1-5-0,119,206,57.8,1313,6,2.9,6,2.9,49,36.0,75,6.4,5.65,11.0,187.6,74.4,19,126,8.44,5.28,4.61,0,0,,2022,
29,Baker Mayfield,27,LAR,QB,5,4,1-3-0,82,129,63.6,850,4,3.1,2,1.6,45,41.1,39,6.6,6.51,10.4,170.0,86.4,17,91,11.64,5.20,5.13,1,1,,2022,
30,Matthew Stafford,34,LAR,QB,9,9,3-6-0,206,303,68.0,2087,10,3.3,8,2.6,105,49.7,75,6.9,6.36,10.1,231.9,87.4,29,208,8.73,5.66,5.18,0,0,,2022,52.3
31,Taylor Heinicke,29,WAS,QB,9,9,5-3-1,161,259,62.2,1859,12,4.6,6,2.3,93,43.2,61,7.2,7.06,11.5,206.6,89.6,19,141,6.83,6.18,6.07,2,1,,2022,46.5
32,Carson Wentz,30,WAS,QB,8,7,2-5-0,172,276,62.3,1755,11,4.0,9,3.3,85,42.4,75,6.4,5.69,10.2,219.4,80.2,26,159,8.61,5.28,4.67,2,2,,2022,34.4
33,Zach Wilson,23,NYJ,QB,9,9,5-4-0,132,242,54.5,1688,6,2.5,7,2.9,73,37.7,79,7.0,6.17,12.8,187.6,72.8,23,175,8.68,5.71,4.97,1,2,,2022,38.5
Rk,Player,Age,Team,Pos,G,GS,QBrec,Cmp,Att,Cmp%,Yds,TD,TD%,Int,Int%,1D,Succ%,Lng,Y/A,AY/A,Y/C,Y/G,Rate,Sk,Yds,Sk%,NY/A,ANY/A,4QC,GWD,Awards,2022,QBR
34,Brock Purdy,23,SFO,QB,9,5,5-0-0,114,170,67.1,1374,13,7.6,4,2.4,66,50.3,54,8.1,8.55,12.1,152.7,107.3,11,84,6.08,7.13,7.57,1,1,AP ORoY-3,2022,67.5
35,Mitchell Trubisky,28,PIT,QB,7,5,2-3-0,117,180,65.0,1252,4,2.2,5,2.8,65,45.5,45,7.0,6.15,10.7,178.9,81.1,11,68,5.76,6.20,5.44,0,1,,2022,58.5
36,Mike White,27,NYJ,QB,4,4,1-3-0,103,175,58.9,1192,3,1.7,4,2.3,56,41.3,60,6.8,6.13,11.6,298.0,75.7,9,76,4.89,6.07,5.41,0,0,,2022,38.9
37,Sam Darnold,25,CAR,QB,6,6,4-2-0,82,140,58.6,1143,7,5.0,3,2.1,57,44.0,52,8.2,8.20,13.9,190.5,92.6,10,78,6.67,7.10,7.13,0,1,,2022,51.4
38,Deshaun Watson,27,CLE,QB,6,6,3-3-0,99,170,58.2,1102,7,4.1,5,2.9,53,41.6,46,6.5,5.98,11.1,183.7,79.1,20,106,10.53,5.24,4.79,0,0,,2022,40.4
39,Joe Flacco,37,NYJ,QB,5,4,1-3-0,110,191,57.6,1051,5,2.6,3,1.6,55,39.3,66,5.5,5.32,9.6,210.2,75.2,10,66,4.98,4.90,4.73,1,1,,2022,36.1
40,Cooper Rush,29,DAL,QB,9,5,4-1-0,94,162,58.0,1051,5,3.1,3,1.9,52,38.5,46,6.5,6.27,11.2,116.8,80.0,7,49,4.14,5.93,5.72,0,2,,2022,60.8
41,Jameis Winston,28,NOR,QB,3,3,1-2-0,73,115,63.5,858,4,3.5,5,4.3,35,43.7,51,7.5,6.20,11.8,286.0,79.5,11,74,8.73,6.22,5.07,1,1,,2022,34.7
42,Bailey Zappe,23,NWE,QB,4,2,2-0-0,65,92,70.7,781,5,5.4,3,3.3,37,50.0,53,8.5,8.11,12.0,195.3,100.9,6,40,6.12,7.56,7.20,0,0,,2022,36.4
43,Colt McCoy,36,ARI,QB,4,3,1-2-0,90,132,68.2,780,1,0.8,3,2.3,34,39.3,47,5.9,5.04,8.7,195.0,76.6,13,97,8.97,4.71,3.92,0,0,,2022,39.3
44,P.J. Walker,27,CAR,QB,6,5,2-3-0,63,106,59.4,731,3,2.8,3,2.8,30,35.4,62,6.9,6.19,11.6,121.8,78.0,7,46,6.19,6.06,5.40,0,0,,2022,25.1
45,Desmond Ridder,23,ATL,QB,4,4,2-2-0,73,115,63.5,708,2,1.7,0,0.0,37,43.5,40,6.2,6.50,9.7,177.0,86.4,9,33,7.26,5.44,5.77,1,1,,2022,52.0
46,Teddy Bridgewater,30,MIA,QB,5,2,0-2-0,49,79,62.0,683,4,5.1,4,5.1,32,45.3,64,8.6,7.38,13.9,136.6,85.6,7,45,8.14,7.42,6.26,0,0,,2022,49.5
47,Gardner Minshew II,26,PHI,QB,5,2,0-2-0,44,76,57.9,663,3,3.9,3,3.9,30,43.9,78,8.7,7.74,15.1,132.6,83.4,6,28,7.32,7.74,6.83,0,0,,2022,41.6
48,Tyler Huntley,24,BAL,QB,6,4,2-2-0,75,112,67.0,658,2,1.8,3,2.7,31,42.9,40,5.9,5.03,8.8,109.7,77.2,7,34,5.88,5.24,4.45,1,1,PB,2022,43.0
49,Jarrett Stidham,26,LVR,QB,5,2,0-2-0,53,83,63.9,656,4,4.8,3,3.6,32,43.3,60,7.9,7.24,12.4,131.2,89.2,7,47,7.78,6.77,6.16,0,0,,2022,59.7
50,Sam Ehlinger,24,IND,QB,4,3,0-3-0,64,101,63.4,573,3,3.0,3,3.0,28,40.9,47,5.7,4.93,9.0,143.3,76.1,14,87,12.17,4.23,3.57,0,0,,2022,33.8
51,Skylar Thompson,25,MIA,QB,7,2,1-1-0,60,105,57.1,534,1,1.0,3,2.9,26,36.0,32,5.1,3.99,8.9,76.3,62.2,6,40,5.41,4.45,3.41,0,1,,2022,28.7
52,Brett Rypien,26,DEN,QB,4,2,1-1-0,53,88,60.2,483,2,2.3,4,4.5,24,41.7,45,5.5,3.90,9.1,120.8,63.8,8,47,8.33,4.54,3.08,0,0,,2022,25.8
53,Kyle Allen,26,HOU,QB,2,2,0-2-0,46,78,59.0,416,2,2.6,4,5.1,19,33.7,39,5.3,3.54,9.0,208.0,60.6,5,41,6.02,4.52,2.83,0,0,,2022,3.7
54,Trace McSorley,27,ARI,QB,6,1,0-1-0,45,83,54.2,412,0,0.0,5,6.0,17,29.1,47,5.0,2.25,9.2,68.7,42.8,3,27,3.49,4.48,1.86,0,0,,2022,10.6
55,Joshua Dobbs,27,TEN,QB,2,2,0-2-0,40,68,58.8,411,2,2.9,2,2.9,25,39.2,39,6.0,5.31,10.3,205.5,73.8,6,26,8.11,5.20,4.53,0,0,,2022,52.8
56,David Blough,27,ARI,QB,2,2,0-2-0,38,58,65.5,402,2,3.4,2,3.4,18,36.5,77,6.9,6.07,10.6,201.0,82.7,5,24,7.94,6.00,5.21,0,0,,2022,29.8
57,John Wolford,27,LAR,QB,3,3,1-2-0,38,62,61.3,390,1,1.6,3,4.8,19,43.5,30,6.3,4.44,10.3,130.0,64.6,7,49,10.14,4.94,3.28,0,0,,2022,24.2
58,Anthony Brown,24,BAL,QB,2,1,0-1-0,22,49,44.9,302,0,0.0,2,4.1,13,31.5,47,6.2,4.33,13.7,151.0,48.2,5,14,9.26,5.33,3.67,0,0,,2022,
59,Malik Willis,23,TEN,QB,8,3,1-2-0,31,61,50.8,276,0,0.0,3,4.9,11,29.6,48,4.5,2.31,8.9,34.5,42.8,10,49,14.08,3.20,1.30,0,0,,2022,13.3
60,Taysom Hill,32,NOR,TE/QB,16,8,,13,19,68.4,240,2,10.5,0,0.0,11,57.1,68,12.6,14.74,18.5,15.0,146.3,2,14,9.52,10.76,12.67,0,0,,2022,79.7
61,Nick Foles,33,IND,QB,3,2,0-2-0,25,42,59.5,224,0,0.0,4,9.5,9,30.0,49,5.3,1.05,9.0,74.7,34.3,8,48,16.00,3.52,-0.08,0,0,,2022,8.0
62,Nick Mullens,27,MIN,QB,4,0,,21,25,84.0,224,1,4.0,1,4.0,11,76.0,37,9.0,7.96,10.7,56.0,100.7,0,0,0.00,8.96,7.96,0,0,,2022,58.3
63,Jordan Love,24,GNB,QB,4,0,,14,21,66.7,195,1,4.8,0,0.0,9,57.1,63,9.3,10.24,13.9,48.8,112.2,0,0,0.00,9.29,10.24,0,0,,2022,83.2
64,Trey Lance,22,SFO,QB,2,2,1-1-0,15,31,48.4,194,0,0.0,1,3.2,6,33.3,44,6.3,4.81,12.9,97.0,55.0,2,9,6.06,5.61,4.24,0,0,,2022,36.9
65,Trevor Siemian,31,CHI,QB,2,1,0-1-0,15,26,57.7,184,1,3.8,1,3.8,7,39.3,33,7.1,6.12,12.3,92.0,76.4,2,14,7.14,6.07,5.18,0,0,,2022,27.9
66,Sam Howell,22,WAS,QB,1,1,1-0-0,11,19,57.9,169,1,5.3,1,5.3,6,27.3,52,8.9,7.58,15.4,169.0,83.0,3,11,13.64,7.18,6.05,0,0,,2022,48.3
67,Davis Webb,27,NYG,QB,1,1,0-1-0,23,40,57.5,168,1,2.5,0,0.0,11,35.0,25,4.2,4.70,7.3,168.0,75.8,0,0,0.00,4.20,4.70,0,0,,2022,76.9
68,Bryce Perkins,26,LAR,QB,5,1,0-1-0,19,34,55.9,161,1,2.9,2,5.9,10,32.5,20,4.7,2.68,8.5,32.2,53.7,6,50,15.00,2.78,1.03,0,0,,2022,28.7
Rk,Player,Age,Team,Pos,G,GS,QBrec,Cmp,Att,Cmp%,Yds,TD,TD%,Int,Int%,1D,Succ%,Lng,Y/A,AY/A,Y/C,Y/G,Rate,Sk,Yds,Sk%,NY/A,ANY/A,4QC,GWD,Awards,2022,QBR
69,Nathan Peterman,28,CHI,QB,3,1,0-1-0,14,25,56.0,139,1,4.0,1,4.0,9,38.5,28,5.6,4.56,9.9,46.3,68.6,1,6,3.85,5.12,4.15,0,0,,2022,41.9
70,Jeff Driskel,29,HOU,QB,7,2,0-1-0,14,20,70.0,108,1,5.0,0,0.0,5,40.9,28,5.4,6.40,7.7,15.4,99.6,2,13,9.09,4.32,5.23,0,0,,2022,20.9
71,Chris Streveler,27,NYJ,QB,2,1,,10,15,66.7,90,0,0.0,0,0.0,5,53.3,30,6.0,6.00,9.0,45.0,82.6,0,0,0.00,6.00,6.00,0,0,,2022,73.9
72,Jacob Eason,25,CAR,QB,1,0,,3,5,60.0,59,0,0.0,1,20.0,2,60.0,49,11.8,2.80,19.7,59.0,61.7,0,0,0.00,11.80,2.80,0,0,,2022,0.9
73,Tyrod Taylor,33,NYG,QB,3,0,,6,8,75.0,58,1,12.5,1,12.5,3,45.5,19,7.3,4.13,9.7,19.3,94.8,3,18,27.27,3.64,1.36,0,0,,2022,11.6
74,Chase Daniel,36,LAC,QB,4,0,,8,12,66.7,52,1,8.3,0,0.0,4,46.2,13,4.3,6.00,6.5,13.0,103.5,1,1,7.69,3.92,5.46,0,0,,2022,59.9
75,Brian Hoyer,37,NWE,QB,1,1,0-1-0,5,6,83.3,37,0,0.0,0,0.0,2,42.9,27,6.2,6.17,7.4,37.0,92.4,1,8,14.29,4.14,4.14,0,0,,2022,28.4
76,C.J. Beathard,29,JAX,QB,4,0,,7,11,63.6,35,0,0.0,1,9.1,2,33.3,11,3.2,-0.91,5.0,8.8,30.5,1,5,8.33,2.50,-1.25,0,0,,2022,22.9
77,Justin Jefferson,23,MIN,WR,17,17,,2,2,100.0,34,0,0.0,0,0.0,2,100.0,23,17.0,17.00,17.0,2.0,118.7,0,0,0.00,17.00,17.00,0,0,"PB,AP-1,AP MVP-5,AP OPoY-1",2022,95.2
78,Christian McCaffrey,26,SFO,RB,11,10,,1,1,100.0,34,1,100.0,0,0.0,1,100.0,34,34.0,54.00,34.0,3.1,158.3,0,0,0.00,34.00,54.00,0,0,"PB,AP OPoY-7,AP CPoY-2",2022,
79,Tim Boyle,28,CHI,QB,1,0,,2,8,25.0,33,0,0.0,2,25.0,2,25.0,17,4.1,-7.13,16.5,33.0,4.7,0,0,0.00,4.13,-7.13,0,0,,2022,1.2
80,Blaine Gabbert,33,TAM,QB,1,0,,6,8,75.0,29,1,12.5,0,0.0,2,37.5,13,3.6,6.13,4.8,29.0,119.3,0,0,0.00,3.63,6.13,0,0,,2022,59.9
81,Tyler Boyd,28,CIN,WR,16,14,,1,1,100.0,23,0,0.0,0,0.0,1,50.0,23,23.0,23.00,23.0,1.4,118.7,1,12,50.00,5.50,5.50,0,0,,2022,14.3
82,Kyle Trask,24,TAM,QB,1,0,,3,9,33.3,23,0,0.0,0,0.0,1,22.2,9,2.6,2.56,7.7,23.0,42.4,0,0,0.00,2.56,2.56,0,0,,2022,1.7
83,Brandon Allen,30,CIN,QB,1,0,,3,3,100.0,22,0,0.0,0,0.0,1,25.0,13,7.3,7.33,7.3,22.0,97.2,1,0,25.00,5.50,5.50,0,0,,2022,46.5
84,Riley Dixon,29,LAR,P,17,0,,2,2,100.0,18,0,0.0,0,0.0,2,100.0,12,9.0,9.00,9.0,1.1,104.2,0,0,0.00,9.00,9.00,0,0,,2022,
85,Braden Mann,25,NYJ,P,17,0,,1,2,50.0,17,0,0.0,0,0.0,1,50.0,17,8.5,8.50,17.0,1.0,79.2,0,0,0.00,8.50,8.50,0,0,,2022,0.0
86,Ryan Wright,22,MIN,P,17,0,,1,2,50.0,13,0,0.0,0,0.0,1,50.0,13,6.5,6.50,13.0,0.8,70.8,0,0,0.00,6.50,6.50,0,0,,2022,
87,Josh Johnson,36,SFO,QB,2,0,,1,2,50.0,10,0,0.0,0,0.0,1,50.0,10,5.0,5.00,10.0,5.0,64.6,0,0,0.00,5.00,5.00,0,0,,2022,21.9
88,Case Keenum,34,BUF,QB,2,0,,2,7,28.6,8,0,0.0,0,0.0,0,,5,1.1,1.14,4.0,4.0,39.6,0,0,0.00,1.14,1.14,0,0,,2022,4.7
89,Jack Fox,26,DET,P,17,0,,1,1,100.0,6,0,0.0,0,0.0,1,100.0,6,6.0,6.00,6.0,0.4,91.7,0,0,0.00,6.00,6.00,0,0,,2022,
90,Najee Harris,24,PIT,RB,17,17,,1,1,100.0,4,0,0.0,0,0.0,0,100.0,4,4.0,4.00,4.0,0.2,83.3,0,0,0.00,4.00,4.00,0,0,,2022,10.8
91,Derrick Henry,28,TEN,RB,16,16,,2,2,100.0,4,1,50.0,0,0.0,1,50.0,3,2.0,12.00,2.0,0.3,118.7,0,0,0.00,2.00,12.00,0,0,"PB,AP MVP-9,AP OPoY-12,AP CPoY-9",2022,45.2
92,Mack Hollins,29,LVR,WR,17,16,,1,1,100.0,4,0,0.0,0,0.0,0,,4,4.0,4.00,4.0,0.2,83.3,0,0,0.00,4.00,4.00,0,0,,2022,23.6
93,Andy Lee,40,ARI,P,17,0,,1,1,100.0,4,0,0.0,0,0.0,1,100.0,4,4.0,4.00,4.0,0.2,83.3,0,0,0.00,4.00,4.00,0,0,,2022,
94,Braxton Berrios,27,NYJ,WR,17,2,,1,1,100.0,2,1,100.0,0,0.0,1,100.0,2,2.0,22.00,2.0,0.1,118.7,0,0,0.00,2.00,22.00,0,0,,2022,99.6
95,Chase Claypool,24,PIT,WR,8,8,,1,1,100.0,1,1,100.0,0,0.0,1,100.0,1,1.0,21.00,1.0,0.1,118.7,0,0,0.00,1.00,21.00,0,0,,2022,
96,Davante Adams,30,LVR,WR,17,17,,0,0,,0,0,,0,,0,,,,,,0.0,,1,10,100.00,-10.00,-10.00,0,0,"PB,AP-1",2022,0.0
97,Rex Burkhead,32,HOU,RB,16,0,,0,1,0.0,0,0,0.0,0,0.0,0,,,0.0,0.00,,0.0,39.6,0,0,0.00,0.00,0.00,0,0,,2022,3.2
98,Lawrence Cager,25,NYG,WR,6,3,,0,0,,0,0,,0,,0,,,,,,0.0,,1,2,100.00,-2.00,-2.00,0,0,,2022,
99,Ja'Marr Chase,22,CIN,WR,12,12,,0,0,,0,0,,0,,0,,,,,,0.0,,1,9,100.00,-9.00,-9.00,0,0,PB,2022,0.0
100,Dalvin Cook,27,MIN,RB,17,17,,0,0,,0,0,,0,,0,,,,,,0.0,,1,5,100.00,-5.00,-5.00,0,0,PB,2022,0.0
101,Amari Cooper,28,CLE,WR,17,17,,0,1,0.0,0,0,0.0,1,100.0,0,,,0.0,-45.00,,0.0,0.0,0,0,0.00,0.00,-45.00,0,0,,2022,0.0
102,DeeJay Dallas,24,SEA,RB,15,0,,0,1,0.0,0,0,0.0,1,100.0,0,,,0.0,-45.00,,0.0,0.0,0,0,0.00,0.00,-45.00,0,0,,2022,0.0
103,Phillip Dorsett,29,HOU,WR,15,4,,0,1,0.0,0,0,0.0,0,0.0,0,,,0.0,0.00,,0.0,39.6,0,0,0.00,0.00,0.00,0,0,,2022,2.7
Rk,Player,Age,Team,Pos,G,GS,QBrec,Cmp,Att,Cmp%,Yds,TD,TD%,Int,Int%,1D,Succ%,Lng,Y/A,AY/A,Y/C,Y/G,Rate,Sk,Yds,Sk%,NY/A,ANY/A,4QC,GWD,Awards,2022,QBR
104,Leonard Fournette,27,TAM,RB,16,9,,0,1,0.0,0,0,0.0,1,100.0,0,,,0.0,-45.00,,0.0,0.0,0,0,0.00,0.00,-45.00,0,0,,2022,0.0
105,Jamie Gillan,25,NYG,P,17,0,,0,0,,0,0,,0,,0,,,,,,0.0,,1,11,100.00,-11.00,-11.00,0,0,,2022,
106,Chad Henne,37,KAN,QB,3,0,,0,2,0.0,0,0,0.0,0,0.0,0,,,0.0,0.00,,0.0,39.6,0,0,0.00,0.00,0.00,0,0,,2022,3.8
107,Christian Kirk,26,JAX,WR,17,17,,0,1,0.0,0,0,0.0,0,0.0,0,,,0.0,0.00,,0.0,39.6,0,0,0.00,0.00,0.00,0,0,,2022,10.7
108,Cooper Kupp,29,LAR,WR,9,9,,0,1,0.0,0,0,0.0,0,0.0,0,,,0.0,0.00,,0.0,39.6,0,0,0.00,0.00,0.00,0,0,,2022,3.3
109,James Proche,26,BAL,WR,15,0,,0,1,0.0,0,0,0.0,1,100.0,0,,,0.0,-45.00,,0.0,0.0,0,0,0.00,0.00,-45.00,0,0,,2022,0.0
110,Nate Sudfeld,29,DET,QB,2,0,,0,0,,0,0,,0,,0,,,,,,0.0,,1,7,100.00,-7.00,-7.00,0,0,,2022,0.7
111,Tommy Townsend,26,KAN,P,17,0,,0,1,0.0,0,0,0.0,0,0.0,0,,,0.0,0.00,,0.0,39.6,0,0,0.00,0.00,0.00,0,0,"PB,AP-1",2022,
112,Cedrick Wilson Jr.,27,MIA,WR,15,0,,0,0,,0,0,,0,,0,,,,,,0.0,,1,6,100.00,-6.00,-6.00,0,0,,2022,0.2
113,Garrett Wilson,22,NYJ,WR,17,12,,0,1,0.0,0,0,0.0,0,0.0,0,,,0.0,0.00,,0.0,39.6,0,0,0.00,0.00,0.00,0,0,AP ORoY-1,2022,0.8
,League Average,,,,,,,,,64.2,,,4.2,,2.3,,45.2,,7.0,6.82,10.9,115.0,89.1,,,6.70,6.12,5.92,,,,2022,
1,Tua Tagovailoa,25,MIA,QB,17,17,11-6-0,388,560,69.3,4624,29,5.2,14,2.5,222,50.8,78,8.3,8.17,11.9,272.0,101.1,29,171,4.92,7.56,7.48,2,2,"PB,AP CPoY-5",2023,61.5
2,Jared Goff,29,DET,QB,17,17,12-5-0,407,605,67.3,4575,30,5.0,12,2.0,227,50.9,70,7.6,7.66,11.2,269.1,97.9,30,197,4.72,6.89,6.99,2,3,,2023,61.1
3,Dak Prescott,30,DAL,QB,17,17,12-5-0,410,590,69.5,4516,36,6.1,9,1.5,222,51.5,92,7.7,8.19,11.0,265.6,105.9,39,255,6.20,6.77,7.28,2,3,"PB,AP-2,AP MVP-2,AP OPoY-5",2023,73.4
4,Josh Allen,27,BUF,QB,17,17,11-6-0,385,579,66.5,4306,29,5.0,18,3.1,199,50.7,81,7.4,7.04,11.2,253.3,92.2,24,152,3.98,6.89,6.51,2,4,"AP MVP-5,AP OPoY-6",2023,70.3
5,Brock Purdy,24,SFO,QB,16,16,12-4-0,308,444,69.4,4280,31,7.0,11,2.5,192,54.7,76,9.6,9.92,13.9,267.5,113.0,28,153,5.93,8.74,9.01,0,0,"PB,AP MVP-4,AP OPoY-6,AP CPoY-6",2023,73.4
6,Patrick Mahomes,28,KAN,QB,16,16,10-6-0,401,597,67.2,4183,27,4.5,14,2.3,206,48.2,67,7.0,6.86,10.4,261.4,92.6,27,186,4.33,6.41,6.26,1,2,"PB,AP MVP-7",2023,63.9
7,Jordan Love,25,GNB,QB,17,17,9-8-0,372,579,64.2,4159,32,5.5,11,1.9,209,47.6,77,7.2,7.43,11.2,244.6,96.1,30,242,4.93,6.43,6.67,2,3,,2023,62.9
8,C.J. Stroud,22,HOU,QB,15,15,9-6-0,319,499,63.9,4108,23,4.6,5,1.0,188,46.7,75,8.2,8.70,12.9,273.9,100.8,38,331,7.08,7.03,7.47,1,3,"PB,AP MVP-8,AP ORoY-1",2023,58.3
9,Baker Mayfield,28,TAM,QB,17,17,9-8-0,364,566,64.3,4044,28,4.9,10,1.8,188,44.7,75,7.1,7.34,11.1,237.9,94.6,40,232,6.60,6.29,6.47,1,2,"PB,AP CPoY-3",2023,55.1
10,Trevor Lawrence,24,JAX,QB,16,16,8-8-0,370,564,65.6,4016,21,3.7,14,2.5,179,46.4,65,7.1,6.75,10.9,251.0,88.5,35,224,5.84,6.33,5.98,1,2,,2023,56.9
11,Matthew Stafford,35,LAR,QB,15,15,9-6-0,326,521,62.6,3965,24,4.6,11,2.1,187,47.5,80,7.6,7.58,12.2,264.3,92.5,30,205,5.44,6.82,6.80,1,2,"PB,AP MVP-8,AP CPoY-4",2023,64.2
12,Sam Howell,23,WAS,QB,17,17,4-13-0,388,612,63.4,3946,21,3.4,21,3.4,180,42.7,51,6.4,5.59,10.2,232.1,78.9,65,449,9.60,5.17,4.39,2,2,,2023,43.2
13,Derek Carr,32,NOR,QB,17,17,9-8-0,375,548,68.4,3878,25,4.6,8,1.5,185,46.8,58,7.1,7.33,10.3,228.1,97.7,31,218,5.35,6.32,6.56,0,1,,2023,57.3
14,Jalen Hurts,25,PHI,QB,17,17,11-6-0,352,538,65.4,3858,23,4.3,15,2.8,185,46.7,63,7.2,6.77,11.0,226.9,89.1,36,222,6.27,6.33,5.96,3,4,PB,2023,60.9
15,Lamar Jackson,26,BAL,QB,16,16,13-3-0,307,457,67.2,3678,24,5.3,7,1.5,167,48.2,80,8.0,8.41,12.0,229.9,102.7,37,218,7.49,7.00,7.34,1,0,"PB,AP-1,AP MVP-1,AP OPoY-4,AP CPoY-9",2023,65.4
16,Geno Smith,33,SEA,QB,15,15,8-7-0,323,499,64.7,3624,20,4.0,9,1.8,169,47.2,73,7.3,7.25,11.2,241.6,92.1,31,231,5.85,6.40,6.39,4,5,PB,2023,60.3
17,Gardner Minshew II,27,IND,QB,17,13,7-6-0,305,490,62.2,3305,15,3.1,9,1.8,147,41.2,75,6.7,6.53,10.8,194.4,84.6,34,187,6.49,5.95,5.75,2,2,PB,2023,60.4
18,Justin Herbert,25,LAC,QB,13,13,5-8-0,297,456,65.1,3134,20,4.4,7,1.5,150,46.2,60,6.9,7.06,10.6,241.1,93.2,29,233,5.98,5.98,6.16,1,1,,2023,64.8
19,Russell Wilson,35,DEN,QB,15,15,7-8-0,297,447,66.4,3070,26,5.8,8,1.8,135,43.3,60,6.9,7.23,10.3,204.7,98.0,45,258,9.15,5.72,6.04,4,4,,2023,51.5
20,Bryce Young,22,CAR,QB,16,16,2-14-0,315,527,59.8,2877,11,2.1,10,1.9,133,36.5,48,5.5,5.02,9.1,179.8,73.7,62,477,10.53,4.07,3.68,2,2,,2023,34.1
21,Desmond Ridder,24,ATL,QB,15,13,6-7-0,249,388,64.2,2836,12,3.1,12,3.1,136,45.3,71,7.3,6.54,11.4,189.1,83.4,31,197,7.40,6.30,5.58,2,4,,2023,40.8
22,Justin Fields,24,CHI,QB,13,13,5-8-0,227,370,61.4,2562,16,4.3,9,2.4,121,38.4,58,6.9,6.69,11.3,197.1,86.3,44,285,10.63,5.50,5.29,1,1,,2023,46.9
23,Joshua Dobbs,28,2TM,QB,13,12,3-9-0,262,417,62.8,2464,13,3.1,10,2.4,126,41.6,69,5.9,5.45,9.4,189.5,79.5,30,217,6.71,5.03,4.60,1,1,,2023,
23,Joshua Dobbs,28,ARI,QB,8,8,1-7-0,167,266,62.8,1569,8,3.0,5,1.9,82,42.0,69,5.9,5.65,9.4,196.1,81.2,17,126,6.01,5.10,4.87,0,0,,2023,
23,Joshua Dobbs,28,MIN,QB,5,4,2-2-0,95,151,62.9,895,5,3.3,5,3.3,44,40.9,29,5.9,5.10,9.4,179.0,76.4,13,91,7.93,4.90,4.14,1,1,,2023,
24,Kirk Cousins,35,MIN,QB,8,8,4-4-0,216,311,69.5,2331,18,5.8,5,1.6,112,46.6,62,7.5,7.93,10.8,291.4,103.8,17,110,5.18,6.77,7.18,0,0,,2023,64.0
25,Joe Burrow,27,CIN,QB,10,10,5-5-0,244,365,66.8,2309,15,4.1,6,1.6,115,46.0,64,6.3,6.41,9.5,230.9,91.0,24,180,6.17,5.47,5.55,0,0,,2023,52.4
26,Zach Wilson,24,NYJ,QB,12,11,4-7-0,221,368,60.1,2271,8,2.2,7,1.9,104,36.5,68,6.2,5.75,10.3,189.3,77.2,46,340,11.11,4.66,4.29,3,2,,2023,31.3
27,Aidan O'Connell,25,LVR,QB,11,10,5-5-0,213,343,62.1,2218,12,3.5,7,2.0,107,43.6,50,6.5,6.25,10.4,201.6,83.9,24,173,6.54,5.57,5.37,0,1,,2023,41.3
28,Mac Jones,25,NWE,QB,11,11,2-9-0,224,345,64.9,2120,10,2.9,12,3.5,100,43.3,58,6.1,5.16,9.5,192.7,77.0,22,127,5.99,5.43,4.50,1,1,,2023,37.5
29,Kenny Pickett,25,PIT,QB,12,12,7-5-0,201,324,62.0,2070,6,1.9,4,1.2,91,40.3,72,6.4,6.20,10.3,172.5,81.4,23,173,6.63,5.47,5.29,3,3,,2023,38.9
30,Jake Browning,27,CIN,QB,9,7,4-3-0,171,243,70.4,1936,12,4.9,7,2.9,93,48.3,80,8.0,7.66,11.3,215.1,98.4,24,169,8.99,6.62,6.34,2,2,,2023,60.8
31,Will Levis,24,TEN,QB,9,9,3-6-0,149,255,58.4,1808,8,3.1,4,1.6,81,37.1,61,7.1,7.01,12.1,200.9,84.2,28,185,9.89,5.73,5.66,1,1,,2023,34.0
32,Kyler Murray,26,ARI,QB,8,8,3-5-0,176,268,65.7,1799,10,3.7,5,1.9,88,43.7,48,6.7,6.62,10.2,224.9,89.4,18,119,6.29,5.87,5.79,2,2,AP CPoY-9,2023,48.0
33,Joe Flacco,38,CLE,QB,5,5,4-1-0,123,204,60.3,1616,13,6.4,8,3.9,60,46.7,75,7.9,7.43,13.1,323.2,90.2,8,57,3.77,7.35,6.88,1,1,AP CPoY-1,2023,49.1
Rk,Player,Age,Team,Pos,G,GS,QBrec,Cmp,Att,Cmp%,Yds,TD,TD%,Int,Int%,1D,Succ%,Lng,Y/A,AY/A,Y/C,Y/G,Rate,Sk,Yds,Sk%,NY/A,ANY/A,4QC,GWD,Awards,2023,QBR
34,Ryan Tannehill,35,TEN,QB,10,8,3-5-0,149,230,64.8,1616,4,1.7,7,3.0,74,40.8,70,7.0,6.00,10.8,161.6,78.5,32,230,12.21,5.29,4.39,1,1,,2023,35.8
35,Tyrod Taylor,34,NYG,QB,11,5,2-3-0,116,180,64.4,1341,5,2.8,3,1.7,52,43.7,80,7.5,7.26,11.6,121.9,89.1,17,94,8.63,6.33,6.15,0,0,,2023,48.6
36,Nick Mullens,28,MIN,QB,5,3,0-3-0,100,148,67.6,1306,7,4.7,8,5.4,57,47.5,47,8.8,7.34,13.1,261.2,88.4,12,105,7.50,7.51,6.13,0,1,,2023,50.6
37,Bailey Zappe,24,NWE,QB,10,6,2-4-0,127,212,59.9,1272,6,2.8,9,4.2,53,34.2,48,6.0,4.66,10.0,127.2,68.7,25,191,10.55,4.56,3.36,0,1,,2023,23.9
38,Jimmy Garoppolo,32,LVR,QB,7,6,3-3-0,110,169,65.1,1205,7,4.1,9,5.3,60,47.5,32,7.1,5.56,11.0,172.1,77.7,14,101,7.65,6.03,4.58,2,2,,2023,34.7
39,Easton Stick,28,LAC,QB,5,4,0-4-0,111,174,63.8,1129,3,1.7,1,0.6,53,43.1,79,6.5,6.57,10.2,225.8,85.6,14,122,7.45,5.36,5.44,0,0,,2023,51.8
40,Deshaun Watson,28,CLE,QB,6,6,5-1-0,105,171,61.4,1115,7,4.1,4,2.3,52,38.3,59,6.5,6.29,10.6,185.8,84.3,17,85,9.04,5.48,5.27,1,1,,2023,43.7
41,Tommy DeVito,25,NYG,QB,9,6,3-3-0,114,178,64.0,1101,8,4.5,3,1.7,46,32.1,41,6.2,6.33,9.7,122.3,89.2,37,196,17.21,4.21,4.33,1,2,,2023,24.3
42,Daniel Jones,26,NYG,QB,6,6,1-5-0,108,160,67.5,909,2,1.3,6,3.8,43,37.4,58,5.7,4.24,8.4,151.5,70.5,30,167,15.79,3.91,2.69,1,1,,2023,37.1
43,Taylor Heinicke,30,ATL,QB,5,4,1-3-0,74,136,54.4,890,5,3.7,4,2.9,41,40.3,75,6.5,5.96,12.0,178.0,74.7,8,47,5.56,5.85,5.30,0,0,,2023,48.5
44,Tyson Bagent,23,CHI,QB,5,4,2-2-0,94,143,65.7,859,3,2.1,6,4.2,48,52.0,41,6.0,4.54,9.1,171.8,71.4,5,35,3.38,5.57,4.15,0,0,,2023,52.6
45,Trevor Siemian,32,NYJ,QB,5,3,2-1-0,86,153,56.2,724,2,1.3,4,2.6,35,34.2,30,4.7,3.82,8.4,144.8,62.1,8,40,4.97,4.25,3.38,1,1,,2023,14.8
46,Mason Rudolph,28,PIT,QB,4,3,3-0-0,55,74,74.3,719,3,4.1,0,0.0,26,47.5,86,9.7,10.53,13.1,179.8,118.0,6,43,7.50,8.45,9.20,0,1,,2023,71.3
47,P.J. Walker,28,CLE,QB,6,2,1-1-0,54,111,48.6,674,1,0.9,5,4.5,27,32.8,58,6.1,4.23,12.5,112.3,52.2,11,90,9.02,4.79,3.11,2,2,,2023,19.1
48,Mitchell Trubisky,29,PIT,QB,5,2,0-2-0,67,107,62.6,632,4,3.7,5,4.7,36,50.0,26,5.9,4.55,9.4,126.4,71.9,7,42,6.14,5.18,3.90,0,0,,2023,35.3
49,Anthony Richardson,21,IND,QB,4,4,2-2-0,50,84,59.5,577,3,3.6,1,1.2,31,44.0,39,6.9,7.05,11.5,144.3,87.3,7,29,7.69,6.02,6.19,0,0,,2023,45.0
50,Drew Lock,27,SEA,QB,4,2,1-1-0,48,76,63.2,543,3,3.9,3,3.9,20,40.2,51,7.1,6.16,11.3,135.8,81.2,6,26,7.32,6.30,5.39,1,1,,2023,44.9
51,Jarrett Stidham,27,DEN,QB,3,2,1-1-0,40,66,60.6,496,2,3.0,1,1.5,19,45.2,54,7.5,7.44,12.4,165.3,87.7,7,46,9.59,6.16,6.10,0,0,,2023,31.8
52,Dorian Thompson-Robinson,24,CLE,QB,8,3,1-2-0,60,112,53.6,440,1,0.9,4,3.6,26,35.6,23,3.9,2.50,7.3,55.0,51.2,6,60,5.08,3.22,1.86,0,1,,2023,35.1
53,Andy Dalton,36,CAR,QB,3,1,0-1-0,34,58,58.6,361,2,3.4,0,0.0,17,42.6,47,6.2,6.91,10.6,120.3,88.4,3,27,4.92,5.48,6.13,0,0,,2023,49.2
54,Tim Boyle,29,NYJ,QB,3,2,0-2-0,48,77,62.3,360,1,1.3,4,5.2,16,29.1,36,4.7,2.60,7.5,120.0,56.2,9,64,10.47,3.44,1.58,0,0,,2023,11.2
55,C.J. Beathard,30,JAX,QB,7,1,1-0-0,40,53,75.5,349,1,1.9,0,0.0,19,47.5,48,6.6,6.96,8.7,49.9,98.7,6,27,10.17,5.46,5.80,0,0,,2023,56.0
56,Sam Darnold,26,SFO,QB,10,1,0-1-0,28,46,60.9,297,2,4.3,1,2.2,15,46.2,48,6.5,6.35,10.6,29.7,85.1,6,40,11.54,4.94,4.85,0,0,,2023,50.1
57,Case Keenum,35,HOU,QB,2,2,1-1-0,34,53,64.2,291,1,1.9,3,5.7,14,40.7,41,5.5,3.32,8.6,145.5,61.1,6,60,10.17,3.92,1.97,1,1,,2023,21.7
58,Jameis Winston,29,NOR,QB,7,0,,25,47,53.2,264,2,4.3,3,6.4,10,32.7,30,5.6,3.60,10.6,37.7,57.4,2,13,4.08,5.12,3.18,0,0,,2023,36.4
59,Brian Hoyer,38,LVR,QB,3,1,0-1-0,23,42,54.8,231,0,0.0,2,4.8,14,44.2,48,5.5,3.36,10.0,77.0,50.8,1,8,2.33,5.19,3.09,0,0,,2023,69.6
60,Jacoby Brissett,31,WAS,QB,3,0,,18,23,78.3,224,3,13.0,0,0.0,10,56.5,48,9.7,12.35,12.4,74.7,146.8,0,0,0.00,9.74,12.35,0,0,,2023,95.7
61,Tyler Huntley,25,BAL,QB,5,1,0-1-0,21,37,56.8,203,3,8.1,0,0.0,13,41.5,27,5.5,7.11,9.7,40.6,99.3,4,28,9.76,4.27,5.73,0,0,,2023,57.5
62,Blaine Gabbert,34,KAN,QB,2,1,1-0-0,18,35,51.4,185,0,0.0,3,8.6,8,30.6,37,5.3,1.43,10.3,92.5,31.2,1,9,2.78,4.89,1.14,1,1,,2023,48.0
63,Davis Mills,25,HOU,QB,6,0,,18,39,46.2,173,2,5.1,0,0.0,12,36.6,19,4.4,5.46,9.6,28.8,76.1,2,13,4.88,3.90,4.88,0,0,,2023,49.5
64,Brett Rypien,27,LAR,QB,2,1,0-1-0,18,38,47.4,172,0,0.0,1,2.6,8,25.0,34,4.5,3.34,9.6,86.0,49.5,2,18,5.00,3.85,2.73,0,0,,2023,20.4
65,Jaren Hall,25,MIN,QB,3,2,1-1-0,13,20,65.0,168,0,0.0,1,5.0,7,37.5,47,8.4,6.15,12.9,56.0,70.4,4,28,16.67,5.83,3.96,0,0,,2023,5.3
66,Jeff Driskel,30,CLE,QB,1,1,0-1-0,13,26,50.0,166,2,7.7,2,7.7,8,34.5,31,6.4,4.46,12.8,166.0,63.9,3,26,10.34,4.83,3.10,0,0,,2023,4.2
67,Marcus Mariota,30,PHI,QB,3,0,,15,23,65.2,164,1,4.3,1,4.3,10,53.8,22,7.1,6.04,10.9,54.7,82.5,3,11,11.54,5.88,4.92,0,0,,2023,60.7
68,Carson Wentz,31,LAR,QB,2,1,1-0-0,17,24,70.8,163,2,8.3,1,4.2,11,57.7,29,6.8,6.58,9.6,81.5,99.8,2,14,7.69,5.73,5.54,1,1,,2023,90.2
Rk,Player,Age,Team,Pos,G,GS,QBrec,Cmp,Att,Cmp%,Yds,TD,TD%,Int,Int%,1D,Succ%,Lng,Y/A,AY/A,Y/C,Y/G,Rate,Sk,Yds,Sk%,NY/A,ANY/A,4QC,GWD,Awards,2023,QBR
69,Cooper Rush,30,DAL,QB,7,0,,18,24,75.0,144,0,0.0,1,4.2,7,52.0,29,6.0,4.13,8.0,20.6,72.2,1,8,4.00,5.44,3.64,0,0,,2023,52.9
70,Taysom Hill,33,NOR,TE/QB,16,7,,6,11,54.5,83,1,9.1,0,0.0,4,46.2,44,7.5,9.36,13.8,5.2,109.3,2,4,15.38,6.08,7.62,0,1,,2023,50.8
71,Mike White,28,MIA,QB,6,0,,5,6,83.3,74,1,16.7,1,16.7,1,16.7,68,12.3,8.17,14.8,12.3,118.1,0,0,0.00,12.33,8.17,0,0,,2023,0.1
72,Malik Willis,24,TEN,QB,3,0,,4,5,80.0,74,0,0.0,0,0.0,1,44.4,48,14.8,14.80,18.5,24.7,118.7,4,30,44.44,4.89,4.89,0,0,,2023,3.1
73,Clayton Tune,24,ARI,QB,7,1,0-1-0,12,21,57.1,62,0,0.0,2,9.5,3,17.9,14,3.0,-1.33,5.2,8.9,22.6,7,41,25.00,0.75,-2.46,0,0,,2023,1.2
74,Keenan Allen,31,LAC,WR,13,13,,1,2,50.0,49,1,50.0,0,0.0,1,50.0,49,24.5,34.50,49.0,3.8,135.4,0,0,0.00,24.50,34.50,0,0,PB,2023,98.9
75,Sean Clifford,25,GNB,QB,2,0,,1,1,100.0,37,0,0.0,0,0.0,1,100.0,37,37.0,37.00,37.0,18.5,118.7,0,0,0.00,37.00,37.00,0,0,,2023,100.0
76,Jalen Reeves-Maybin,28,DET,LB,17,0,,1,1,100.0,31,0,0.0,0,0.0,1,100.0,31,31.0,31.00,31.0,1.8,118.7,0,0,0.00,31.00,31.00,0,0,"PB,AP-2",2023,
77,Braden Mann,26,PHI,P,15,0,,1,1,100.0,28,0,0.0,0,0.0,1,100.0,28,28.0,28.00,28.0,1.9,118.7,0,0,0.00,28.00,28.00,0,0,,2023,
78,Logan Woodside,28,ATL,QB,1,0,,3,4,75.0,27,0,0.0,1,25.0,3,60.0,12,6.8,-4.50,9.0,27.0,53.1,1,7,20.00,4.00,-5.00,0,0,,2023,4.6
79,Drake London,22,ATL,WR,16,16,,1,1,100.0,22,0,0.0,0,0.0,1,100.0,22,22.0,22.00,22.0,1.4,118.7,0,0,0.00,22.00,22.00,0,0,,2023,99.9
80,A.J. McCarron,33,CIN,QB,2,0,,4,5,80.0,19,0,0.0,0,0.0,0,,10,3.8,3.80,4.8,9.5,82.5,1,9,16.67,1.67,1.67,0,0,,2023,1.7
81,Thomas Morstead,37,NYJ,P,17,0,,1,1,100.0,18,0,0.0,0,0.0,1,100.0,18,18.0,18.00,18.0,1.1,118.7,0,0,0.00,18.00,18.00,0,0,,2023,
82,Kenneth Gainwell,24,PHI,RB,16,2,,1,1,100.0,17,0,0.0,0,0.0,1,100.0,17,17.0,17.00,17.0,1.1,118.7,0,0,0.00,17.00,17.00,0,0,,2023,98.9
83,Derrick Henry,29,TEN,RB,17,17,,2,3,66.7,14,2,66.7,0,0.0,2,66.7,12,4.7,18.00,7.0,0.8,116.7,0,0,0.00,4.67,18.00,0,0,PB,2023,94.6
84,Dontayvion Wicks,22,GNB,WR,15,6,,1,1,100.0,14,0,0.0,0,0.0,1,100.0,14,14.0,14.00,14.0,0.9,118.7,0,0,0.00,14.00,14.00,0,0,,2023,94.4
85,Logan Cooke,28,JAX,P,17,0,,1,1,100.0,13,0,0.0,0,0.0,1,100.0,13,13.0,13.00,13.0,0.8,118.7,0,0,0.00,13.00,13.00,0,0,,2023,
86,Jakobi Meyers,27,LVR,WR,16,16,,2,3,66.7,12,1,33.3,0,0.0,1,66.7,9,4.0,10.67,6.0,0.8,113.9,0,0,0.00,4.00,10.67,0,0,,2023,39.8
87,Tommy Townsend,27,KAN,P,17,0,,1,1,100.0,11,0,0.0,0,0.0,1,100.0,11,11.0,11.00,11.0,0.6,112.5,0,0,0.00,11.00,11.00,0,0,,2023,
88,Johnny Hekker,33,CAR,P,17,0,,1,1,100.0,7,0,0.0,0,0.0,0,,7,7.0,7.00,7.0,0.4,95.8,0,0,0.00,7.00,7.00,0,0,,2023,
89,Devin Singletary,26,HOU,RB,17,10,,1,1,100.0,6,1,100.0,0,0.0,1,100.0,6,6.0,26.00,6.0,0.4,131.2,0,0,0.00,6.00,26.00,0,0,,2023,100.0
90,Dyami Brown,24,WAS,WR,17,1,,1,1,100.0,4,0,0.0,0,0.0,0,,4,4.0,4.00,4.0,0.2,83.3,0,0,0.00,4.00,4.00,0,0,,2023,2.2
91,Jerick McKinnon,31,KAN,RB,12,0,,1,1,100.0,4,1,100.0,0,0.0,1,100.0,4,4.0,24.00,4.0,0.3,122.9,0,0,0.00,4.00,24.00,0,0,,2023,90.1
92,De'Von Achane,22,MIA,RB,11,4,,0,0,,0,0,,0,,0,,,,,,0.0,,1,6,100.00,-6.00,-6.00,0,0,,2023,0.1
93,Cam Akers,24,MIN,RB,6,0,,0,0,,0,0,,0,,0,,,,,,0.0,,1,7,100.00,-7.00,-7.00,0,0,,2023,
94,Tyler Boyd,29,CIN,WR,17,13,,0,1,0.0,0,0,0.0,1,100.0,0,,,0.0,-45.00,,0.0,0.0,0,0,0.00,0.00,-45.00,0,0,,2023,0.0
95,Parris Campbell,26,NYG,WR,12,3,,0,0,,0,0,,0,,0,,,,,,0.0,,1,8,100.00,-8.00,-8.00,0,0,,2023,0.0
96,Malik Cunningham,25,NWE,QB,1,0,,0,0,,0,0,,0,,0,,,,,,0.0,,1,5,100.00,-5.00,-5.00,0,0,,2023,
97,DeeJay Dallas,25,SEA,RB,17,0,,0,0,,0,0,,0,,0,,,,,,0.0,,1,0,100.00,0.00,0.00,0,0,,2023,12.7
98,Tank Dell,24,HOU,WR,11,8,,0,0,,0,0,,0,,0,,,,,,0.0,,1,1,100.00,-1.00,-1.00,0,0,,2023,1.1
99,Chris Godwin,27,TAM,WR,17,17,,0,1,0.0,0,0,0.0,0,0.0,0,,,0.0,0.00,,0.0,39.6,0,0,0.00,0.00,0.00,0,0,,2023,0.8
100,Connor Heyward,24,PIT,TE,17,7,,0,1,0.0,0,0,0.0,0,0.0,0,,,0.0,0.00,,0.0,39.6,0,0,0.00,0.00,0.00,0,0,,2023,7.3
101,DeAndre Hopkins,31,TEN,WR,17,16,,0,1,0.0,0,0,0.0,0,0.0,0,,,0.0,0.00,,0.0,39.6,0,0,0.00,0.00,0.00,0,0,,2023,17.6
102,Tanner Hudson,29,CIN,TE,12,1,,0,0,,0,0,,0,,0,,,,,,0.0,,1,4,100.00,-4.00,-4.00,0,0,,2023,0.0
103,Josh Jacobs,25,LVR,RB,13,13,,0,0,,0,0,,0,,0,,,,,,0.0,,1,4,100.00,-4.00,-4.00,0,0,,2023,0.2
Rk,Player,Age,Team,Pos,G,GS,QBrec,Cmp,Att,Cmp%,Yds,TD,TD%,Int,Int%,1D,Succ%,Lng,Y/A,AY/A,Y/C,Y/G,Rate,Sk,Yds,Sk%,NY/A,ANY/A,4QC,GWD,Awards,2023,QBR
104,Justin Jefferson,24,MIN,WR,10,9,,0,1,0.0,0,0,0.0,0,0.0,0,,,0.0,0.00,,0.0,39.6,0,0,0.00,0.00,0.00,0,0,,2023,14.6
105,Nathan Peterman,29,CHI,QB,2,0,,0,0,,0,0,,0,,0,,,,,,0.0,,1,5,100.00,-5.00,-5.00,0,0,,2023,2.1
106,Aaron Rodgers,40,NYJ,QB,1,1,1-0-0,0,1,0.0,0,0,0.0,0,0.0,0,,,0.0,0.00,,0.0,39.6,1,10,50.00,-5.00,-5.00,0,0,,2023,2.6
107,Deebo Samuel,27,SFO,WR,15,15,,0,1,0.0,0,0,0.0,0,0.0,0,,,0.0,0.00,,0.0,39.6,0,0,0.00,0.00,0.00,0,0,,2023,4.9
108,Jonnu Smith,28,ATL,TE,17,6,,0,1,0.0,0,0,0.0,0,0.0,0,,,0.0,0.00,,0.0,39.6,0,0,0.00,0.00,0.00,0,0,,2023,0.8
109,Amon-Ra St. Brown,24,DET,WR,16,16,,0,0,,0,0,,0,,0,,,,,,0.0,,1,8,100.00,-8.00,-8.00,0,0,"PB,AP-1",2023,0.0
110,Kadarius Toney,24,KAN,WR,13,2,,0,1,0.0,0,0,0.0,0,0.0,0,,,0.0,0.00,,0.0,39.6,0,0,0.00,0.00,0.00,0,0,,2023,0.4
111,Kyle Trask,25,TAM,QB,2,0,,0,1,0.0,0,0,0.0,0,0.0,0,,,0.0,0.00,,0.0,39.6,0,0,0.00,0.00,0.00,0,0,,2023,1.2
112,Cedrick Wilson Jr.,28,MIA,WR,15,3,,0,0,,0,0,,0,,0,,,,,,0.0,,1,7,100.00,-7.00,-7.00,0,0,,2023,0.1
113,Garrett Wilson,23,NYJ,WR,17,17,,0,1,0.0,0,0,0.0,0,0.0,0,,,0.0,0.00,,0.0,39.6,0,0,0.00,0.00,0.00,0,0,,2023,3.3
114,Christian Kirk,27,JAX,WR,12,12,,1,2,50.0,-1,0,0.0,0,0.0,0,,,-0.5,-0.50,-1.0,-0.1,56.2,0,0,0.00,-0.50,-0.50,0,0,,2023,3.2
115,Ja'Marr Chase,23,CIN,WR,16,16,,1,1,100.0,-7,0,0.0,0,0.0,0,,-7,-7.0,-7.00,-7.0,-0.4,79.2,0,0,0.00,-7.00,-7.00,0,0,PB,2023,1.9
,League Average,,,,,,,,,64.5,,,4.1,,2.3,,44.7,,7.0,6.79,10.9,106.3,89.0,,,7.15,6.04,5.82,,,,2023,
